16.345758  70.336229   1.913821 
23.222569  76.997466  17.409717 
58.529031  125.316246   3.558508 
27.797806  84.549454  29.803883 
-6.776615  101.948647  31.603023 
61.915082  112.718730  20.588460 
48.173833  132.302355  34.656594 
-28.641750  66.066146   0.839644 
-3.734562  110.417699  39.240269 
39.135039  39.220446  42.867532 
64.780389  115.995922  28.773477 
29.265735  49.097494  -4.049540 
-20.385824  80.815215  23.089211 
19.388632  128.523656  53.730414 
79.550150  102.260794  39.282380 
58.260074  56.792353  33.937694 
34.255290  65.428787  41.415399 
44.490314  64.800319  50.273150 
63.973997  95.854864  -7.917083 
28.631473  59.190216  29.795760 
15.388941  87.026796  41.562918 
56.624540  94.120882  -12.619403 
 3.459238  67.969737  -15.543686 
37.464359  83.004918  33.081377 
57.906927  85.674365  29.042946 
 0.639724  81.736767  35.580609 
11.622413  57.573872  13.187113 
36.664604  143.667268  -18.961302 
-12.539904  45.402534  34.420563 
-31.635775  86.743108  26.182361 
28.919386  78.375722  36.636311 
18.390744  54.144374  43.663226 
29.024818  50.328393  -20.858246 
-11.625234  152.934457  -8.367752 
60.921656  118.948697   3.890655 
-15.958293  128.039856  19.975013 
 8.970739  88.333598   8.547822 
-4.115688  68.168086  12.630318 
48.172833  73.832051  -8.825763 
 2.621603  95.707219  -11.354066 
-25.971385  74.401703  15.308946 
48.259282  141.666724   1.052935 
51.169804  95.592918  36.001671 
 6.866515  48.440233  39.792970 
66.760161  70.728210   1.435206 
19.492170  87.187538  44.910219 
23.739323  101.632700  54.763167 
36.252158  47.815953   9.811624 
 4.158654  77.900148  16.337269 
21.877836  90.557254  -7.713026 
 4.911068  59.857964  17.848991 
44.785591  64.120692  27.958592 
60.576710  57.517760  -1.633255 
90.085675  88.275378  30.164552 
71.893622  68.151085   1.942611 
20.141064  67.621349  11.988423 
10.709085  92.799959   5.823463 
-11.347925  100.254447   5.595892 
59.915941  90.315333  40.040835 
59.874718  126.241387  -21.320112 
-9.897692  124.597600  21.450582 
52.564318  120.116102  38.000140 
73.849726  44.809308  -5.157086 
39.152321  129.684884  17.127024 
61.362301  121.665737  16.423533 
67.727469  85.942020  -9.946894 
17.552934  52.734965   4.845788 
36.939433  107.579451   0.034574 
-3.037143  148.663629   9.912364 
30.561189  134.976591  -12.910954 
71.452815  93.655577  26.503499 
72.440763  79.872176  29.116833 
59.936813  107.248995  -6.082548 
-14.227587  61.351044  30.104733 
72.338346  53.559573   9.504358 
31.727318  142.811682  44.177521 
28.866231  65.610242  37.679133 
-22.019080  77.903750  28.602954 
50.829866  89.852690  13.109247 
37.018563  135.056047  12.856231 
24.568521  73.956833  28.601423 
-13.180776  90.355021  -1.226122 
 4.067194  49.603920  -17.989255 
67.934304  57.125520  42.096452 
72.437196  120.711879  14.818290 
38.639303  89.000294  29.263732 
40.054917  47.864403   1.046645 
 0.883405  86.108398  45.078575 
34.036667  72.547270  -15.594528 
65.474923  74.927519  48.161967 
63.038802  85.719633  20.473438 
47.120375  88.003270  -1.091004 
57.959418  121.342935  10.507436 
48.549057  132.452746  21.236748 
57.183124  100.064006  -14.324618 
-16.684490  67.920570  -17.440007 
63.129051  119.450329  34.954434 
73.638596  89.191235  46.064807 
67.759368  67.324643  15.149060 
32.282690  36.232608   1.505247 
32.108772  65.630155  -14.484512 
70.848813  50.569405  22.625953 
60.586984  125.736523  31.605998 
 3.616553  130.302713  19.788120 
15.242904  103.629622  50.014286 
73.773135  115.916607  33.340063 
12.825183  145.810402  33.814343 
-1.014086  127.038473  44.164149 
35.941850  75.756097  10.843588 
19.342930  119.577973  -26.129414 
28.840947  128.333557  -11.804510 
 6.980015  131.680287  -10.372733 
41.571733  124.242010  37.142742 
41.147001  50.442829  18.049013 
-2.894452  68.725684  36.394183 
-11.307009  36.740445  -20.145730 
-5.678910  65.751664  22.869032 
21.013035  134.847786  33.656255 
78.813811  107.263601   1.782436 
37.306516  80.160525   2.343823 
 1.121654  62.166890  -22.340948 
35.374558  118.032979  -19.497706 
17.396124  117.788199  27.687673 
 8.522366  121.902769   1.319500 
66.071897  96.462379  32.257545 
-4.462429  100.290644  -2.011695 
46.246568  128.538165  20.186527 
38.714958  98.214713  -4.667683 
51.681846  35.323037  10.644517 
59.401589  77.978635  11.724453 
36.082106  114.846355   5.996478 
21.021332  117.778214  52.264210 
65.133540  55.598477   2.510293 
 4.523392  132.521093  23.028324 
24.531156  138.196515  -5.463685 
66.440374  105.260853  -20.000777 
-16.546566  58.219016  27.337865 
14.489842  92.519414  25.996703 
59.438956  140.837361  24.279887 
43.672828  121.543130  21.688494 
 4.493393  82.648840  -13.709323 
39.757310  113.866588  27.042658 
 9.674960  85.443954  -13.522562 
-2.488765  90.601588  -20.214089 
28.994241  101.737500  48.620852 
35.426911  135.957704   8.655957 
69.605765  61.997172  -4.095944 
75.356287  125.679987  20.744241 
17.886474  145.553957  37.734145 
32.787388  88.959981  23.764575 
30.020825  113.052840  10.184941 
55.900228  69.123991   8.502626 
47.861481  86.454306   2.284948 
79.246925  80.475972  33.923667 
 9.389656  134.481978  42.357454 
21.464677  133.881917   0.833101 
64.808143  87.105231  29.048729 
58.032718  87.881577  26.559640 
-29.599386  111.867829  44.379632 
21.748831  72.509602  44.174094 
43.030675  97.099237  -11.867674 
40.080868  62.140533  -5.990345 
15.079136  76.203781  45.679983 
 0.952318  128.418499  -14.998718 
48.110044  48.476349  15.696861 
37.362535  65.624269  30.579658 
60.461450  121.553962  -2.013979 
29.823073  139.452190   6.365805 
70.513432  97.226680  -7.906912 
68.844800  84.765336  42.426156 
34.229135  35.511839  37.975571 
26.052149  94.679891  -1.226402 
50.770679  44.211434  -11.015959 
54.545996  60.971504  45.690687 
15.142951  103.736431  -25.842553 
55.198910  47.676949  -5.029019 
16.190251  54.269014  39.922951 
40.078771  90.250984  24.695704 
22.875530  99.822051  14.421866 
-15.272951  65.230119   4.508181 
 4.054010  136.484515   5.742446 
-3.545452  146.014670  26.875373 
-14.855968  117.163211  10.406242 
41.573914  91.097493  53.997488 
39.338535  91.441664  -19.199250 
29.792269  95.538964  21.746287 
74.946795  61.343913  -19.288708 
18.871357  133.934482  44.144297 
14.608222  52.406231  10.970961 
35.613178  41.859324   3.833852 
67.914538  55.265609  -8.422878 
45.338849  79.142755  -6.391195 
37.078643  149.032194  27.594087 
77.987152  62.426263  -9.951051 
60.243556  88.186303  -7.344805 
41.040646  128.367609  20.714670 
-6.898404  112.117180  33.974233 
20.461838  48.649767  39.180484 
64.112391  55.586567  17.323656 
21.573600  94.427087  13.200592 
31.192401  74.540727   6.969062 
31.688083  140.852857  -5.504936 
-0.270904  105.590299  -2.324222 
73.913737  121.163587  20.815154 
-34.805766  90.982053   1.600857 
-3.985586  122.461177  -2.445047 
45.427051  70.864606  -4.036643 
31.135281  75.570719  -21.033849 
78.243616  58.885973  44.099494 
78.270720  92.417103   2.938647 
42.022196  63.186134  14.340519 
14.226629  60.800819  10.595722 
18.582872  36.652611  27.273451 
16.745464  84.370039  -1.138815 
24.613599  69.524480  51.776403 
16.362789  80.833878  21.326053 
44.508778  53.708794  25.729078 
74.976302  52.096460  43.540367 
-16.534534  76.772425  -5.965010 
60.539697  88.606231  -1.595235 
17.455573  48.191255   7.935639 
 3.460054  78.922200  -21.686082 
30.422275  77.060735  27.588173 
30.720509  79.625099  -8.520092 
 7.845258  121.946869  27.532907 
27.051397  87.944275  -9.548084 
24.873007  134.213486  -22.365202 
81.301295  70.393214   3.229615 
-3.038094  56.307283  39.008458 
-21.618614  82.839368   1.665857 
-6.538667  122.438587  -11.502151 
33.361887  98.953018  24.243348 
24.850751  93.261253  29.764415 
88.155042  118.616809  14.300284 
59.722527  75.168256  -4.548721 
43.358117  93.318382  27.560947 
-24.876396  126.618814  33.185681 
83.737594  72.486695  -11.516325 
23.710663  74.268114  -11.848640 
 5.113295  77.092648  20.343709 
73.517525  98.017180   6.193684 
29.462603  53.028131  17.147086 
47.276602  39.786856  30.096109 
 4.511203  84.938331  38.652958 
 6.929937  91.257774  28.471175 
52.791028  79.730308  45.609285 
29.755438  88.802596  19.581353 
44.523682  63.333353  41.066092 
55.886533  85.517183   6.554643 
 6.019243  71.781894   3.488870 
-9.196632  124.069195  25.292830 
 6.677482  48.969501  33.347770 
 7.230204  121.264967  18.790861 
64.201454  108.176527  49.475054 
11.455715  62.798651   6.972911 
-6.841661  102.743374  37.580520 
52.592503  58.642881  41.094997 
-20.051835  75.161859  11.560013 
69.686931  106.796193  20.395393 
29.088498  60.331135  39.482193 
44.873694  123.724776   5.506690 
50.485045  73.407408  19.349287 
38.010960  51.011008   3.142989 
-3.249931  82.667363  17.561946 
44.148558  110.693475  31.049992 
77.690572  65.491850  41.369380 
71.054334  67.263725  -1.823993 
 5.618253  108.475486  -13.544233 
58.558598  31.968070  26.913997 
68.703442  60.877095  40.360836 
76.098925  102.206056  15.245145 
30.444578  78.182737  -14.680905 
18.464680  81.195001  -8.049095 
47.212771  83.300666  -20.778204 
-13.643155  88.474386  -11.626796 
 9.571425  38.356862  24.263058 
31.579971  53.498985  -23.791877 
-3.698322  90.509051   2.181867 
29.782495  56.654414  46.366403 
35.026676  109.039224  38.298523 
22.634278  100.150487  24.108863 
 5.865817  108.706469  -25.702910 
61.011318  71.422539  41.846221 
49.070944  93.389823  38.884249 
 4.918734  106.618667  -16.596933 
19.901313  121.817045  24.155678 
-6.805193  72.032169  15.006697 
-1.628720  53.493507  34.305736 
48.700147  105.269055  11.376921 
19.009938  124.736688  34.679172 
45.599055  128.814507  -18.181378 
50.782717  123.961890  45.116145 
 7.550859  87.839178  -9.862371 
27.829530  65.181007  33.416557 
-13.322460  72.321021  -4.148609 
48.100254  127.648593  13.928946 
51.547854  116.004295  39.035406 
23.463200  134.564366  25.435814 
40.797040  127.250380  -34.360349 
44.674468  134.962893  -29.275994 
46.050035  69.082703  20.416199 
13.989154  76.061894  11.916620 
-13.217102  79.786269  48.954087 
-10.578490  69.436138  -11.852937 
32.864771  35.274340  16.038124 
 4.924794  142.113527  25.753457 
 0.705045  60.841258  -14.165203 
10.788982  136.612688  -7.537602 
-3.079222  114.563666  19.145630 
14.418643  137.347188  -12.642259 
58.554983  63.501319  44.124212 
 5.745230  71.376479  24.903054 
33.925130  117.088508  -7.624988 
28.090953  120.742700  30.471386 
23.036250  112.731587  20.915671 
 0.323540  125.822182  31.805589 
54.176045  69.780053  -7.263559 
 9.575590  125.556611  11.542982 
16.736064  96.524382  15.485083 
11.368770  103.854979   0.903431 
-10.409605  83.236680  30.115975 
-7.529800  81.265388  13.224014 
 0.529394  95.364729  17.490303 
 9.842695  136.769279  14.440757 
 6.094154  102.249995  46.170618 
26.513805  57.499210  -11.193697 
62.041659  93.125826  23.619153 
70.201218  112.516732  18.635785 
26.709283  87.655635  -15.100655 
16.544375  121.202972  -1.088521 
34.946839  104.304345  19.388808 
17.611217  36.263887  36.584898 
 3.980979  60.867582  44.142460 
45.029859  100.148006  27.614035 
35.084751  59.092909  16.795843 
-5.940540  71.366037  22.720071 
39.427864  87.577359  45.185213 
24.355354  82.573591  -13.965064 
-9.035538  98.094760  13.513980 
31.710988  128.720479  42.552333 
-2.045182  68.316504  18.942539 
41.739124  80.779272  -7.393799 
40.770474  121.944781  41.108999 
50.569916  110.969361  18.381741 
-20.576921  66.559015  19.150276 
78.754010  80.395857  22.621586 
12.297348  122.477418  27.624660 
55.094400  115.068318  30.795098 
16.581980  115.213054  -8.278754 
 6.364970  49.859753  20.828467 
18.010449  51.035928  25.233517 
16.980313  55.854514  22.836723 
-15.499302  137.303926   4.182141 
 6.847809  92.314273  -18.519415 
54.650592  115.648245  44.524364 
55.923211  82.719254  49.443327 
61.428061  61.976853  11.823488 
35.806969  107.047044  27.514940 
-4.526096  87.686273  42.629063 
-16.291217  58.127503   7.968937 
 1.569040  85.890281  -18.404199 
-20.118783  64.743183  -11.689283 
59.927518  100.309740  24.485205 
20.309324  116.093968  39.720891 
-8.507125  139.157893  44.013413 
20.650982  119.952808  -3.128463 
28.061445  103.376007  51.978558 
23.412844  87.285206  54.522524 
33.557932  129.276223  -6.931525 
60.430837  119.814379  30.574613 
 2.090743  97.699586  36.572784 
-25.090409  78.053185   4.990139 
-3.556375  85.384474  24.003437 
-16.932570  111.691902  44.182167 
28.631096  140.609569  -18.888822 
53.160398  124.318876   2.251119 
27.584916  75.340674  49.173630 
89.711091  65.852241  32.430079 
52.516550  108.065718  48.087978 
 4.564537  95.003333  15.269380 
81.281332  104.606832  30.445709 
 7.546016  90.000241  25.306126 
36.156075  62.469261  -20.117671 
64.482827  125.371924  -4.608938 
56.115035  63.483157  -14.353201 
27.966909  125.154206  23.285923 
63.566144  98.410193  -11.241183 
-11.453875  49.393077  -30.496614 
32.300731  80.423848  26.050810 
-2.719640  57.017277  -22.112320 
 2.507958  113.207747   2.399970 
52.323033  131.402473  -17.429009 
-9.677451  90.131295  20.944239 
 7.249069  50.767082   6.458660 
60.209327  84.833281  -9.027567 
56.402958  67.985324  19.017509 
26.003297  145.877101  10.117948 
22.600936  130.959179  -10.661502 
69.273135  105.140875  38.850048 
43.002860  128.752970  23.957683 
14.885251  126.512247  -13.739885 
46.227169  90.704852   5.385585 
37.417473  55.990076  -2.385262 
46.001665  93.990693   9.653308 
15.902185  103.653615  -17.005407 
29.388639  96.725457  31.790258 
-1.111943  68.501663  -15.092898 
 5.017396  139.310808   2.771137 
-13.924592  114.414394  -5.417799 
68.144849  62.979874  -10.312167 
24.483230  99.185639  35.941920 
37.775594  68.234969   2.961080 
62.874303  109.550627  -7.735790 
68.284495  115.676768  -0.227798 
 3.808626  70.876899  36.113266 
77.636849  73.362917   9.258811 
61.408270  61.295930  -5.975664 
74.293995  121.689360  24.652630 
48.335611  64.939884   2.999270 
46.143956  67.227784  -7.630429 
46.724741  118.589068  14.658141 
53.255333  123.980398  27.885224 
33.390597  40.263415  -2.166125 
21.527418  25.199061  10.092686 
26.422632  119.299359  35.198736 
12.348704  85.634329  38.562479 
38.796883  121.821907   5.759574 
66.307751  67.442670   7.551613 
 9.927388  121.116915  44.794762 
50.639020  90.341389  25.459209 
46.302310  107.455277  29.192751 
13.895207  134.559756  18.245522 
-11.898073  88.143520  11.319079 
50.642482  67.104742  43.215197 
-2.974498  92.221827  10.373471 
 8.324557  117.811995  29.684776 
-14.723858  81.017967  32.038005 
-8.215918  61.868612  22.837839 
 6.876478  147.760652  38.361126 
17.775962  86.965425  48.466558 
-15.692269  40.285430  -15.405981 
-5.333893  69.215543  -13.346753 
55.344121  131.696459  -27.033784 
 9.804073  123.827102  49.534471 
-17.113526  63.999763  44.591105 
 1.993001  93.266545  42.796731 
25.520215  71.240081  11.450113 
11.090135  67.420566  43.569846 
-7.037634  116.530420   0.614468 
13.844726  93.334423  14.247957 
22.750912  70.397094  30.140896 
 9.005289  57.978453  30.012101 
10.483145  46.028761  11.945499 
41.830191  115.435128  37.294152 
46.015432  139.339403  -23.487152 
-12.048589  97.877231  -8.633691 
47.392093  121.965046  10.302960 
26.983289  96.261369  26.800786 
49.515980  143.983937  22.568492 
75.414452  102.211501  34.967539 
19.729142  107.133231  52.424248 
16.494468  100.298359  39.650843 
53.351785  111.216880  21.486185 
15.645113  104.506578  46.441758 
55.416610  46.868086  22.803755 
63.202017  47.078851   0.684476 
67.718381  52.504449   0.448622 
64.131093  56.610339  46.871599 
41.834053  108.914172  15.582582 
10.389203  98.672681  46.328006 
-32.124019  113.987977  29.151164 
16.548908  115.664875  28.626002 
 9.155621  94.039765  -2.579360 
18.564400  55.221516  27.230931 
42.857618  61.252801  17.959065 
48.682171  98.052503  50.808762 
43.306313  127.812075  -22.178169 
26.515767  72.166403  21.117280 
-15.824987  97.281400   0.031335 
45.492583  106.488809  42.204804 
53.011472  60.755971  52.138430 
 5.476056  45.044842  33.174773 
32.790330  100.317422  -24.159466 
10.067928  101.671191  11.007722 
 4.633131  55.588229  35.327357 
55.480349  109.775995   8.495316 
 7.290432  111.153637  30.337437 
68.783980  124.651896   0.237637 
-4.388565  93.471680  35.974990 
 2.949051  85.988973  49.009400 
31.630411  67.638685  35.544741 
42.871470  111.168002   9.045077 
73.910521  81.996562  44.791206 
-10.678532  58.534191  -7.618069 
57.966486  114.868112  36.063259 
27.601934  124.588846  33.936240 
65.647379  110.016093  27.390670 
52.084142  89.304369  44.288501 
 8.156045  59.268798  39.301609 
 2.169142  70.018609  -3.905201 
63.775874  92.986537   7.711266 
31.992836  81.031649   9.994193 
12.577100  116.199219  15.056065 
28.464580  114.213274  14.784152 
68.447942  94.280394  41.058284 
35.923871  49.223862  45.231862 
80.161727  38.011688  10.479124 
34.359601  56.916918   7.772574 
21.409186  129.417405  -17.242581 
 3.136529  59.659982  10.244349 
61.524628  99.930953  -16.495937 
-18.409058  69.656985   7.390202 
16.862727  91.158106  21.339143 
59.935654  56.316474  16.129291 
10.684693  58.030853  45.838870 
11.386106  103.997907  40.329732 
 7.598792  105.503492  -6.176156 
-19.255042  61.749641   2.273970 
37.080804  75.074096  21.690691 
-2.359224  90.860583  -15.231956 
 6.902211  63.683701   1.905846 
61.871594  122.530718   1.259908 
50.647624  98.075203   8.772610 
16.502092  99.170764   4.081231 
30.939285  141.385697  -1.176463 
49.484761  88.056046  35.161937 
 0.999360  67.348219  26.926417 
84.748974  44.200010   5.345772 
45.347432  112.167814  34.094716 
35.783809  62.910470  -1.235061 
38.967252  88.727568  -7.699008 
13.148349  64.387234  37.364687 
29.478414  101.210421  27.002319 
51.145772  90.322769  20.893220 
68.768712  87.752255   4.477563 
 0.321960  113.232233  19.551967 
19.193697  80.008290   9.496420 
48.632410  114.101480   7.568007 
35.357314  58.989039   1.973463 
 7.349212  82.157885  47.338631 
73.032243  65.443213  34.572638 
25.208740  82.315264  -0.224156 
12.012363  134.900728  -3.349018 
71.397343  59.110168  27.842366 
-0.362934  73.438322  -11.882230 
22.293708  86.808238  34.046999 
63.226766  56.824964  25.749799 
 0.059650  51.819528  13.251665 
-9.855118  49.627856  21.568659 
72.448055  98.950276  22.649457 
36.854409  78.182335  15.110206 
70.813620  107.345004   4.646540 
34.852725  96.377830  17.959833 
18.096435  112.835804  41.968776 
-13.819733  118.327684  -0.076082 
-0.205570  72.311258  -23.471173 
15.155150  107.236727  25.141944 
54.610078  65.576603  11.725357 
11.075949  125.205525  54.558818 
47.998962  127.565594  17.648738 
23.606765  92.839135  38.836256 
20.989651  145.762627  -13.536294 
-11.578352  70.243408  26.542173 
16.597723  66.573697  46.267312 
26.390401  36.442078  12.363925 
71.831295  105.094544  25.343218 
33.001558  32.047549  25.308985 
-1.377897  140.267441  23.044638 
13.669840  111.540202  29.506618 
43.239495  73.789910  44.278752 
-12.151438  87.225205  33.110934 
64.970802  80.965912   2.500100 
-17.275642  98.368764  31.716072 
25.418585  46.010647  -22.699965 
60.449654  106.530842  -15.447300 
56.033288  120.969508  13.212850 
-7.935324  93.656634  19.361624 
65.122160  104.367600  37.786416 
11.011213  38.415337  -29.013055 
36.265566  55.787659  47.037502 
29.625838  110.393522  23.778627 
84.989235  132.161779  14.378851 
26.027158  108.854504  39.991705 
30.774821  108.748786  30.931037 
 5.656744  127.919339   0.902622 
43.139019  77.631069   3.654709 
58.308690  101.671368  16.971874 
-7.620756  141.715959   4.703989 
-5.316760  71.252996  -27.570317 
74.464531  46.581245  -9.283233 
60.418296  71.443946  38.469719 
63.426398  94.397691  -3.078336 
52.459876  134.518432  22.532663 
64.423605  113.086145  38.532185 
 9.425185  59.484839  -20.888784 
63.690182  96.923138  14.660114 
54.140350  120.859614  -20.205820 
 1.669997  69.027239  -8.589104 
38.287029  103.865733  22.474272 
72.520626  84.516787  14.560864 
-19.195835  71.909197  38.857722 
71.264755  135.660493  -17.101150 
-12.578135  48.445529  -2.019579 
13.362647  81.871412  -27.257304 
-13.822943  101.908243  36.996453 
27.374038  74.235906  18.622409 
61.896279  96.622676  27.064195 
35.491188  66.604216  23.174957 
40.394061  111.335136  42.755814 
-23.814761  122.221616  28.535871 
55.122972  123.188656  39.300890 
41.885582  116.448116  27.072577 
-1.433467  113.770102  31.123341 
38.976529  58.870206  12.288298 
 1.291436  101.900724   5.109556 
-9.987977  90.472352  -7.184326 
 2.904562  49.364533  -10.664077 
79.263179  88.443904  -17.064170 
-9.889806  61.085656  -29.023767 
26.072705  73.655313  38.510914 
83.020121  48.092017  -12.890214 
54.656212  121.361562  22.545594 
-6.349295  103.954413  14.184356 
-2.030613  79.855834  15.268378 
21.497379  39.226826  32.779964 
20.261876  80.947413  20.398276 
50.896974  52.795695  -12.233759 
55.012486  67.092418  47.097507 
-9.779695  83.483579  54.371709 
41.722755  71.401126  17.643877 
61.649276  114.437126  24.278640 
71.338971  99.829048  37.735753 
49.555701  27.530703   4.465463 
-1.878984  137.843481  -10.045275 
59.283964  120.593951  27.657676 
73.561938  66.038234  23.546870 
56.702958  114.932530  19.222810 
11.288729  119.514928  47.903201 
26.189480  135.726930  -1.142332 
12.609386  132.428596  37.713225 
87.931833  121.871753  -11.603943 
34.376209  99.572906  30.221373 
10.253879  63.693312  25.861890 
12.353278  45.909794  -6.409920 
21.753310  121.283657  19.552916 
54.323910  129.019556  19.409439 
 3.930977  74.141704  -19.787271 
46.467565  112.055147  -13.027684 
 2.393892  109.398044  31.686460 
 0.442534  119.028619  16.138352 
56.035996  65.893974  33.554866 
47.458721  83.918687  14.811916 
17.593580  62.691306  30.088378 
53.276796  89.503703  17.330411 
-11.318973  58.150706  19.033899 
61.502175  135.906362   1.367702 
28.756272  82.247647  15.758135 
24.295043  56.398210  45.912128 
28.874113  126.800511  -28.219660 
25.280266  58.419409  -8.369211 
60.065740  129.050364  15.556777 
 6.517683  34.931798  18.899932 
37.374278  53.249809  42.583866 
27.737784  43.616527  32.312335 
 9.451715  58.893370  21.248630 
29.616977  116.714899  31.836464 
38.380430  72.408952   8.514744 
74.829261  64.104521   6.649010 
-4.985590  118.663587  -7.460119 
58.294196  127.097544  34.317505 
49.086062  121.516710  14.044714 
39.103543  108.069999  -20.479832 
60.718962  78.154506  24.516517 
-0.730582  62.892272  20.378089 
-0.947471  43.417487  44.503030 
 4.257352  87.189414  40.269908 
13.097405  70.696896  11.989084 
-13.497096  115.404045   3.657038 
42.908893  61.934110   9.388244 
12.048185  104.238842  18.805294 
13.437110  71.390760  22.797367 
43.442653  92.033466  -9.762156 
62.837059  76.918800  43.279661 
 0.138967  33.000837  -0.669947 
-11.095982  101.847204  10.434726 
12.281926  55.330488   4.189077 
54.173469  106.710900  44.322219 
85.426407  63.256552  44.374511 
25.399073  102.571487   3.040275 
31.573565  99.053467  35.384748 
66.681913  66.570615  10.148198 
28.886512  98.094247  42.711064 
29.715196  81.322049   7.432369 
34.361566  84.339406  14.039353 
 2.549707  95.856068  10.204625 
40.715640  85.472044  -7.454002 
28.219371  121.293656  11.748053 
78.584585  124.834388  -20.937515 
44.029703  78.667652  46.022292 
12.199103  132.565484  32.163663 
18.271445  58.746667   2.339719 
44.757178  66.515037  37.626180 
-9.217839  67.411196   2.200014 
16.157978  77.376847  49.568554 
57.870559  129.050324  11.094634 
46.419506  124.838314   0.975787 
36.732526  114.289856  23.180965 
 5.518369  102.670432  -9.276303 
-20.797264  102.685918  16.925914 
-13.299067  102.914819   2.972910 
-19.931829  59.098360  22.833579 
15.210725  72.760859  15.892177 
47.970194  84.035718  -26.089607 
75.083440  80.522522  -11.842008 
75.082758  75.873555  26.603110 
50.589288  103.820254   7.522089 
75.956001  103.139289   6.288533 
40.682211  136.948105  19.709550 
12.225125  58.405594  28.937252 
35.875768  102.814810  35.967896 
30.355411  87.116121  21.376184 
14.026041  63.364985  23.541255 
49.533200  74.041881  58.909585 
 8.646570  122.451227  39.128193 
65.817297  71.881786  44.814641 
24.809837  100.932166   7.037598 
44.745918  108.393845  -8.814781 
37.681657  58.685916  36.287719 
55.745657  76.110477  11.234542 
 2.608618  137.828787   8.899521 
67.965591  102.277215   2.887035 
40.084929  100.733030   9.760771 
75.529330  48.233527   3.578313 
63.606621  66.482149  -6.088653 
35.875369  129.042912  49.553208 
60.854403  77.572975  -11.838031 
29.787638  96.385668   1.516319 
42.928900  93.912344  -7.464870 
23.534097  131.982518  13.844471 
77.749825  126.493138  13.308916 
40.766437  109.026375  23.921981 
73.107861  84.273611  54.495899 
63.712671  129.915747  -31.352192 
31.882760  107.772676  21.334778 
41.161819  92.328078  -4.904833 
49.909934  101.149890  39.935060 
11.965640  68.883114  -9.181985 
53.832783  122.447034  -4.896195 
45.341053  25.877738  19.973279 
32.309192  113.400929  26.832748 
15.381070  102.903212   9.067549 
29.360936  131.333353  -20.163669 
35.757677  126.505584  -4.058760 
45.643735  84.500076   2.482667 
 2.862436  88.110474  35.475295 
57.377972  110.624983  -1.449337 
64.832957  73.656695  31.724962 
-2.814667  49.127326  -19.181624 
68.044263  118.943343  18.820864 
 8.945085  61.999414  -17.520609 
38.965917  87.672595  -26.263339 
49.778005  94.309104  54.025414 
42.090267  83.117410  14.621681 
68.025210  68.427165  26.328499 
74.005828  90.603570  17.073112 
 7.816694  87.597230  54.577143 
68.424815  95.377290  49.839045 
67.764571  106.516778  -27.898000 
33.276786  57.290643  11.228258 
-2.608624  128.545421   0.353539 
37.733904  126.179685  25.558315 
80.757571  36.165194  -14.964991 
69.350605  69.358022  -11.204476 
40.679550  111.283299   6.666516 
33.858604  51.866578  13.326813 
-5.912335  97.601079  46.666194 
70.635616  79.240732  38.346725 
10.895946  82.863421   8.197766 
39.440518  119.417916  -12.153567 
21.954424  86.557871  10.412241 
47.470041  98.706404  16.566031 
-11.660099  69.729176  -23.476726 
-14.837878  55.919025  -5.588417 
28.275484  93.119975  54.494954 
12.839477  47.250532  -33.905510 
24.015827  63.089240  -6.732468 
82.084953  60.090802  19.371476 
30.649580  66.106059  29.792356 
63.746221  119.085819  39.905292 
67.564046  130.575368   6.005714 
43.101270  110.325841  36.117240 
18.473202  58.765058  44.829012 
20.828964  96.656065  37.703598 
42.061012  135.458908  23.576347 
30.518792  48.732482  20.574237 
30.468269  107.086044  35.934754 
 6.354019  75.933769  33.935672 
74.410263  71.081973  -11.997263 
-18.707862  129.520494  25.612492 
35.366358  79.906473  -4.810817 
-17.373390  51.848232  39.401363 
24.211643  58.876083  31.287429 
29.588246  52.389765   8.955232 
48.617299  112.953083  14.932173 
 5.070974  91.856462  37.233813 
22.206215  96.829621  32.951946 
16.724829  101.268878  33.807852 
76.261899  57.358367  30.483533 
14.679181  110.950227  -15.524647 
34.058335  139.975927  -24.102811 
-14.684695  110.355700   1.508933 
23.212106  112.224786  28.779729 
10.768306  117.026890  41.278414 
30.498097  107.474289   7.760264 
76.453983  78.310569   6.237058 
-0.646673  89.387291  14.154390 
-12.351472  97.008590  21.432875 
50.687753  67.751063   4.874555 
38.075830  94.374568   7.712793 
32.278924  113.696053  -30.385154 
63.354610  98.038561   5.538735 
41.757818  129.796486   8.386551 
-1.920543  45.943679  32.476916 
-18.774671  87.437155  -21.588849 
 7.585026  131.089764   2.587350 
21.787163  68.544191  25.082569 
 9.430246  91.880017  -6.185662 
63.638843  59.398478  54.654239 
65.659126  75.384407  -22.744101 
34.730709  83.742500   9.663007 
81.486723  92.464590   7.791561 
34.471943  135.719167  32.895465 
 0.806850  55.033883  -2.548660 
30.814086  115.138673  22.147613 
-11.300712  101.386779  44.086499 
22.164316  115.757034  22.817657 
22.049005  68.990294  -1.764526 
43.886197  57.658675  29.308208 
 6.346370  68.484221  45.688466 
-1.682624  82.044727  26.477005 
-0.137013  115.513409   6.039662 
-21.555685  48.110010   8.827328 
32.251204  145.089828  -13.287927 
-6.417107  108.629025  49.335315 
46.275776  64.811546  46.885023 
73.835941  117.193054  -14.565808 
 2.839794  88.589697  30.590832 
76.223166  127.302444   8.574763 
88.015068  95.613905  -14.066985 
45.989466  88.529743  24.233534 
43.567861  115.925902  10.492155 
72.021397  51.737551  -3.426440 
46.588343  140.886851   6.428348 
-21.281789  64.634634  14.437322 
34.037048  122.419428  22.591513 
38.501625  96.534502   3.770166 
34.529959  67.457206  -16.442439 
73.723483  95.307252  47.736221 
-4.558574  104.119822   2.022596 
38.765508  139.003200  28.669520 
29.949233  104.032216  44.619552 
 2.423887  136.178950  32.577543 
50.648179  132.519135  -8.047902 
45.482481  99.144605  42.455860 
44.269820  92.617241  -21.919596 
84.445086  73.579259  27.665793 
-3.847332  86.322509  -2.047850 
59.339752  75.519660  27.418079 
14.687312  28.234202  22.715961 
39.088577  92.168814  -11.001154 
 3.846541  96.215441  49.640055 
51.991854  89.630781  30.541843 
25.580668  64.926838  27.601581 
12.884755  77.157060  25.678432 
16.917992  28.604074  16.702536 
17.255587  77.281683  44.552818 
32.046661  88.287235  44.870926 
45.774517  119.113008  -13.637064 
51.079291  38.940890   3.604732 
75.744929  86.225729  36.589517 
52.642622  77.349978   4.868740 
-3.268974  138.559596  -20.332231 
25.211948  106.587116  17.240816 
77.593219  63.414715   2.166116 
-5.907751  114.691956   4.151490 
-11.744694  93.433079  -12.552412 
76.383441  94.794147  -26.816847 
19.586275  133.601589  -4.013140 
12.893715  78.006620  -12.180903 
-10.608993  81.064865  16.481195 
68.251609  132.680009  39.198101 
-9.820746  44.354954  10.066457 
 6.312869  114.717634  -23.022376 
63.028912  115.130468  42.480245 
-10.735198  77.710114  -0.916356 
27.323712  41.272542  39.549582 
53.388644  80.002999  27.142515 
 3.888445  64.019725  -30.046919 
 6.538832  60.985356   7.005762 
50.676237  119.558091  26.829588 
-5.086792  78.676938   4.037381 
58.696321  71.848021   6.524303 
78.926490  93.292340  30.538621 
56.247053  116.162264   1.459520 
76.015156  56.506684  38.582170 
50.668460  94.622002  47.522050 
42.971210  50.045835  -1.579615 
-16.549917  119.942527  -20.176537 
 8.765355  44.867096  -13.664315 
17.413139  113.834069  37.000484 
66.486417  104.647089  32.824717 
74.941191  128.891425  24.204219 
60.014451  114.037512   2.151080 
37.849915  114.095513  33.584260 
52.013144  67.174524  22.054952 
66.164713  118.347926  22.613086 
25.270259  101.087474  40.294459 
23.069151  128.133705   7.059769 
58.492883  102.125445  -3.865543 
44.472661  91.510353  33.745602 
33.476769  98.225884  -5.404621 
37.099142  119.930485  -5.721283 
-5.593371  76.255960  -11.432599 
 1.559085  129.339784   4.829597 
22.648619  121.817011  41.714686 
19.675828  143.430180  14.130108 
39.271294  97.418106   0.023934 
-17.899788  80.661449  27.163137 
-10.150422  91.298811  27.632251 
26.522935  111.789352  34.742266 
42.263181  83.928122  -11.508443 
-35.704456  89.199275  17.582723 
76.056453  107.467052  25.569426 
-16.141370  124.622615  35.233247 
14.401850  46.387761   3.934055 
68.936735  37.537027  -2.832361 
26.313949  128.845341  45.318222 
-20.730686  135.933877  -13.867546 
21.854850  94.436719  11.373444 
 3.144048  115.002713  -3.441029 
50.233399  54.587273  -7.320158 
-23.476723  65.395029  10.685855 
-15.218262  80.482977   7.593185 
50.591004  73.588066  51.096073 
-3.648121  74.164235  26.774295 
23.330163  78.667238  41.005197 
47.935759  96.821450  -13.890071 
14.224158  66.751044   6.953602 
 6.670982  120.857356  20.068645 
60.285972  98.367445  46.796466 
24.491142  75.964414  54.111193 
58.936935  118.817198  -25.568097 
20.995986  62.971510  37.081456 
77.016564  89.641094  -1.747156 
28.325210  73.023222   4.593365 
-3.088986  58.054791  32.127885 
 8.506089  82.064077   4.486162 
50.139037  142.040925  -7.938999 
-3.809850  64.701440   4.440919 
-1.532955  64.950277  -24.271892 
 5.040492  72.985446   9.543468 
 5.416525  130.731090  36.920090 
-2.471490  59.443481  11.893291 
-7.331404  83.130277  -17.156623 
47.999757  111.739018  -9.926759 
41.975475  134.920718  27.801429 
46.721523  77.961575   1.194542 
72.872085  132.498476   3.038617 
 0.170759  92.132491   0.116934 
36.583957  114.972163  24.782127 
12.229125  120.215311  37.627497 
78.984135  74.878964  18.395649 
41.003415  46.211844   6.706106 
 9.499076  78.046703  19.886994 
42.359280  89.071036  16.758195 
-3.181307  103.040064  36.630501 
57.661384  44.980348   3.066108 
-8.844264  81.457365  20.229328 
36.698189  75.767599  43.930653 
61.381102  47.251006  14.485630 
 5.873813  68.333838  -6.700241 
46.742906  62.159389  -1.342259 
24.204040  80.079877  -1.773473 
-12.327110  81.108544  -13.440464 
46.019519  107.564241  -5.090268 
50.351322  49.521469  39.042270 
27.269481  36.234489  -9.762656 
-4.947213  132.849506  -12.880942 
54.051009  80.657512  33.925562 
13.671582  73.811437  33.116393 
37.486257  53.940513  31.382239 
58.376378  50.174685  29.732783 
87.406405  98.059292  33.508150 
58.932953  70.452931  21.449546 
11.173953  126.556683  -4.332709 
 1.870402  126.642363   9.284066 
66.451229  99.231022  -11.875158 
53.862465  112.022325  -18.545504 
65.242588  110.893319   4.401182 
46.435270  92.803557  15.472809 
40.062689  97.674589  -3.087780 
-3.006660  52.040980  -0.077549 
36.023661  127.053909  -11.351456 
73.523379  80.083243  32.559226 
-11.707223  86.211890  -3.028780 
13.499849  43.678545  30.086111 
63.262461  52.246782  44.090525 
25.814169  48.248125   1.157895 
36.153370  61.954874  19.282644 
14.051492  97.353412  22.365656 
-8.385364  89.018946  -15.643879 
 5.400506  76.318538  24.302701 
49.300410  75.664129  11.670160 
58.993553  118.450366  -14.924412 
40.018850  84.221617  36.903333 
40.700592  136.056032  33.155096 
69.896106  37.120875   7.578620 
49.187633  81.858896  28.957145 
89.491811  77.182033  33.095981 
12.353595  93.552860  30.586886 
28.631851  109.380067  -24.637796 
64.161107  45.926356  21.813657 
41.217370  103.595858  16.238002 
46.197120  90.238255  28.863678 
49.712075  43.727855  -5.735921 
72.408154  128.331696  -26.061738 
44.011499  69.832938  32.946240 
17.132599  122.651545  18.343202 
54.736415  103.174964  -24.400670 
55.746507  75.117092  -8.891249 
68.862973  85.137089   0.650218 
44.595475  84.606243  45.770573 
16.549166  55.955734  -3.825328 
40.141819  66.875285  12.098220 
50.751011  118.135055  -14.660470 
27.952575  68.847240  40.027526 
-22.903778  127.830214  -2.666064 
34.803204  88.384501  48.751364 
45.532376  116.846605  40.020610 
 3.766653  40.653126   2.240932 
68.014289  140.327037  14.133815 
-2.934018  73.281409  18.498500 
-4.271485  67.756560  -5.234096 
 9.515816  108.474146   3.932554 
10.927353  31.996781   5.463085 
28.776773  24.014861  20.604872 
59.328865  80.408509  53.034328 
54.474164  94.400824   9.673132 
21.691820  62.022366  27.777547 
25.082837  112.067247  -12.859698 
72.758432  118.628082   1.143224 
-15.496570  85.212286  35.744336 
33.298947  98.386497  38.523117 
54.317281  40.812999  38.230745 
45.137427  89.347934  13.503276 
 0.298031  53.084956  -29.545289 
24.333535  97.982918  -10.597744 
27.949090  116.292213  38.013350 
31.089001  105.059625  33.249451 
38.787628  62.251006  34.547019 
24.301983  97.315417  -8.683488 
-15.017586  106.759284  18.480713 
43.231936  88.562672  20.497782 
-4.967114  95.864337   6.047237 
55.722223  138.296083  -15.115197 
34.639268  114.215486  -14.322339 
15.159857  108.871830   8.543021 
32.063443  107.275468  54.902974 
-23.162674  93.434437  33.802960 
-3.777074  129.180950   8.774584 
46.985474  68.660135  26.681383 
22.518186  106.143424  39.507920 
46.129924  36.751197  -14.495009 
10.114694  99.499350  -1.627829 
36.717084  127.970121  11.683311 
 1.613217  95.705938   0.989952 
54.056584  93.832463  40.256066 
15.708956  99.238456  18.555990 
40.409180  71.465265  37.989448 
35.473604  67.259323  -4.245565 
19.564093  118.889887  -13.902718 
69.725623  85.276262  48.586131 
 2.518980  92.811416   6.131983 
73.785477  112.739943  16.935925 
22.108827  123.467364  37.481084 
-6.214213  60.554200  15.307878 
47.319826  85.892108  41.825217 
63.405064  123.249656  -15.513153 
-0.976309  121.000509  11.833811 
-3.101180  99.866171  10.402728 
47.421789  45.300424  22.222675 
14.881434  30.477403  -13.990213 
43.387914  40.920483  -9.660708 
53.579001  56.626402  35.517336 
33.437224  110.020864  33.973224 
18.651513  106.911839  20.280462 
63.708439  75.822066  28.768591 
38.955738  79.555262   7.396809 
62.938816  120.861417  -11.970960 
34.838974  70.711333  43.983219 
43.192161  75.562281  13.638768 
 7.266496  69.042762  -10.498675 
-2.974495  43.084585  -16.967575 
40.158300  106.223841  32.752870 
-5.117424  76.095524  49.316875 
25.131108  58.834386  -18.672032 
31.657748  91.755994  28.656881 
26.906085  84.570336  17.184109 
35.911152  86.728646  35.967517 
-11.062767  141.274745  10.717822 
-1.804060  77.669516   9.382691 
-2.147780  97.893097  -15.226313 
 5.798217  80.905089  33.098630 
43.767423  106.746215  -3.513219 
46.299500  100.371051  -5.646428 
46.190561  104.302906  13.590584 
14.594028  137.537545  33.270025 
-10.428159  107.797500   4.592730 
48.810383  108.856236  41.486665 
-22.098860  128.831819  -9.282288 
36.824411  64.085513   6.346369 
59.345767  111.635509   8.667681 
-10.311692  130.084536   2.160300 
65.673667  62.561264  31.330265 
-11.616215  67.752024  35.044124 
30.564941  77.570795  -2.455031 
70.513499  117.670954  -11.449614 
17.460505  83.080035   2.943375 
 3.043564  120.724338  24.065096 
 4.814796  108.326558  22.113158 
 8.965717  130.188457  -12.689700 
62.241302  81.047801  -0.270674 
48.639670  106.943180   0.232174 
29.971459  67.850189  47.190523 
 7.242202  113.651575  22.122565 
55.618470  120.763486  16.813478 
-21.014170  119.884629  38.378249 
32.973398  60.152999  21.383224 
23.109409  69.590072  31.264879 
-11.899552  76.413750  23.622900 
-14.898491  54.836104   5.196215 
20.332050  90.519122  19.032180 
 3.987052  69.761104  40.648592 
-24.844036  79.701495  44.296541 
-1.430538  59.583537  25.047285 
34.997594  112.232105  41.673498 
28.671003  113.751186  12.335395 
 6.010376  59.132342   4.575698 
30.688130  76.728547   3.729080 
73.240688  99.594571  28.443325 
 5.583138  90.859252  -6.720688 
16.260582  82.162661  33.170978 
59.589584  89.889582  13.604510 
45.774139  125.425290  36.603638 
52.585422  81.064679   3.597318 
 4.841312  93.507395  -21.530320 
26.443488  97.870042  -19.776341 
29.714518  58.158153  19.244926 
 2.433274  62.593971  49.037602 
72.597419  107.519947  -5.939569 
27.846307  139.194014  34.617023 
19.512253  111.926456  47.858146 
-10.741443  73.234088  30.159415 
40.110784  118.571173  23.525561 
71.068306  125.809261   2.506635 
81.896947  77.068381  13.499172 
16.707262  63.635754   2.224721 
48.662734  46.046351   9.038704 
16.389904  66.236283  19.080828 
68.934320  130.810314  18.238403 
74.696607  100.202216  32.807932 
62.461831  69.371138   3.455486 
17.311139  101.276844  -5.882416 
22.250712  68.373396  21.573789 
57.535964  63.573498  -0.964239 
11.635633  66.395926  -15.147658 
50.658871  92.193572  -5.371779 
50.068360  49.508551  25.429954 
30.333101  66.342801  -27.067759 
60.201267  94.865936  -14.981945 
-7.146348  109.799607  41.540427 
91.216381  101.071510   0.225590 
36.133329  37.358403  -13.498256 
-6.639257  118.970629  32.244060 
15.294196  83.859018  17.271167 
 1.632878  94.447171  28.158327 
83.378029  102.070526  17.321340 
76.563279  55.811939  -0.706433 
44.928580  100.646598  29.708744 
64.855163  77.439003  11.951817 
42.425708  131.368016  11.976219 
-5.470653  100.424318  24.111393 
27.000337  68.245954  18.309429 
-5.487267  128.073840  49.488681 
76.931805  105.785823  19.530463 
55.443032  107.854638  -15.285939 
34.554479  120.206986  28.116917 
51.317581  85.151406  -7.456813 
49.871555  130.975941  38.731210 
50.154826  87.060939  49.620991 
58.963791  26.867626  -12.981171 
66.839799  108.518048   0.822453 
 0.992323  70.283827  14.371452 
-11.669475  79.891641  41.167547 
 4.024752  124.770188  32.292821 
-30.130220  109.529328  15.289243 
24.616876  116.582105   6.150582 
75.430478  107.343410  14.208461 
-13.795925  87.624123  29.080433 
-8.100198  92.301097   0.215648 
57.281224  77.632129  14.166218 
27.345564  109.094490  45.863007 
54.292228  107.103155  37.412095 
-1.273878  86.058500  27.216028 
50.799922  130.069924  -13.176605 
25.916902  38.740414  -3.701654 
 3.924231  99.869627  -5.874383 
 0.804551  43.240525  -9.935611 
10.374486  98.859020  21.940010 
-21.048105  47.421330  24.376220 
48.986841  79.751819  -4.553335 
69.349682  72.546641  39.112217 
44.308598  132.433344  -7.870133 
14.424904  101.287480  13.724142 
31.122546  108.527444  -11.501964 
61.603748  110.301618  29.490775 
22.142489  98.648389  41.660365 
-14.494514  76.604894   5.181880 
20.252245  57.570750  38.327344 
47.874558  112.146500  -4.229055 
10.900966  94.047015  23.406858 
34.048997  42.763545  35.413124 
53.246777  95.351886  13.626473 
94.100522  73.347143  13.206402 
-11.371883  68.005357  17.134370 
-4.685776  62.044660  -9.029891 
34.513496  89.446892  -1.632830 
46.576311  85.314289  31.131132 
75.060578  52.417379  18.451394 
-7.049116  32.406384  -4.747011 
11.232623  39.342018  -9.601369 
65.156601  48.426695  12.195288 
-12.001894  137.855515  -0.737067 
67.773427  99.957170  54.511421 
50.093831  69.406910  29.636130 
28.682444  38.518431  20.406712 
10.205452  86.980249  29.054669 
55.814993  126.116553   8.447391 
19.035599  124.191958  -7.186841 
47.819050  69.125650  52.617530 
24.481037  57.364705  16.949077 
15.313167  116.408095  51.492613 
35.847443  65.564461   2.281739 
34.185505  70.979813  15.069111 
 6.457651  128.056163  29.537699 
15.605266  61.378992  15.324253 
-2.490870  121.900533  19.844659 
63.858825  112.170347  17.273060 
17.972797  73.893085  19.210528 
47.212622  63.243467  -11.690054 
17.214723  99.528818  -3.088710 
14.745323  49.720908  23.009285 
25.920374  62.535613  21.084027 
75.006523  110.291550   6.113501 
-17.735157  138.469979  22.240204 
34.237109  108.933566  45.879486 
59.551877  130.228473  -10.623483 
26.648220  73.986259  -12.992669 
-14.541696  40.181996  -11.121991 
53.710508  127.934489  -21.613431 
-6.360226  103.364108  -20.411643 
26.979449  85.446022  20.247940 
 3.754859  84.359196  16.608735 
22.947358  95.015168  25.374096 
59.580762  77.475642   4.982526 
80.947150  110.962702  -5.513258 
38.457560  61.672709  21.089993 
 5.651217  79.230249  -9.610130 
20.442270  48.542021  -19.244659 
-6.820750  127.728036  15.915787 
40.610111  107.811840  12.009281 
59.845833  70.877575  -6.059734 
 0.637198  100.165200  28.253098 
18.681293  64.950161   9.292779 
62.658286  105.811861  25.375050 
65.692301  135.804831  -7.728457 
39.354569  92.457774  42.236325 
-1.543926  44.568770   4.926237 
48.218543  101.677103  22.343481 
33.752138  27.471313  -4.913438 
 9.623434  83.029301  27.079502 
-5.453004  102.813666  -6.246581 
43.810191  91.692831  -16.152764 
 8.715678  80.292029  24.302527 
24.380122  105.126728  -14.196852 
72.098730  110.771601  -14.374167 
-7.981971  88.884092  -23.209545 
34.302095  114.406105  -2.722474 
48.837150  100.021211  33.048545 
-0.726313  91.626571  46.556730 
19.249385  78.332815  -2.083369 
36.665191  115.238330  -10.213392 
14.546639  72.105294  48.539666 
-17.191797  86.906383   1.966703 
53.734101  125.002939  15.105624 
-5.630451  118.055131  36.437762 
-6.581206  95.221858  -6.718297 
25.207875  107.668928   9.183252 
55.621278  72.158545  -16.219404 
30.491178  116.886456  25.558203 
-3.786457  83.057211  11.547514 
80.124171  121.011360  -2.106407 
 0.541334  135.272079  44.072115 
62.102540  117.510694  -22.014814 
30.563547  36.963947   6.300758 
62.965599  137.887350  17.196099 
25.456083  125.341210  -1.048952 
-10.402799  116.987495  42.067852 
-16.234534  77.555937  33.862556 
44.111282  67.077376   7.917544 
15.933097  120.360427  14.310728 
-6.731555  82.014443  41.374141 
29.086575  99.989153  19.747778 
75.128627  40.130084  33.818573 
18.011839  44.344024  16.159104 
-11.723982  101.515609  32.999119 
14.479044  90.950485   1.241850 
81.850441  87.835340  19.807609 
39.864849  118.402303  -15.953374 
47.406017  68.827393  -10.446052 
30.607441  106.075977  -14.142368 
56.909651  46.252729  -17.889533 
34.564599  119.829024  34.894312 
83.063295  110.297329  27.425286 
 5.883019  73.779703  44.819716 
31.298838  84.014271  -0.967084 
-21.593166  47.473992  34.322619 
-17.522084  70.933609  33.890320 
39.818842  80.962356  41.948645 
27.292575  54.622681  37.085572 
55.986297  136.622240  -20.242341 
61.817311  52.560454  -6.358640 
29.040684  92.331213  41.955661 
-12.912667  100.553734  18.059187 
 7.220603  86.602012   2.346113 
44.538304  123.353855  48.278123 
84.968776  96.765190  25.867430 
 7.331947  50.069852  26.982912 
59.931086  89.945110  47.333464 
 4.387060  50.838608  17.308502 
67.307314  100.766978  -17.327134 
15.062640  70.021496  27.593126 
51.938386  118.255622   0.187811 
56.934298  71.493643  28.249511 
18.204680  90.614841  29.860704 
17.523551  94.526414  25.738614 
13.034992  66.902135  12.880229 
23.739051  53.966592   4.624480 
56.964421  63.822113  29.231677 
31.450050  133.075997  44.578217 
54.027374  77.489702  -11.539606 
 8.117455  125.364384  34.603443 
46.705677  147.563568  -14.579208 
15.820069  123.990419  34.034395 
66.737606  61.451400  -2.375456 
51.468943  148.849757  44.331333 
27.581510  104.262151  -2.166996 
-11.114009  102.599042  -4.229828 
54.176557  62.116034   8.753769 
51.277219  77.519581   9.556412 
60.675620  85.691804   5.912498 
 5.458138  96.696801  24.502999 
 8.890187  108.460942  -1.379849 
 3.340400  42.770816  38.517330 
27.484531  88.229273  35.354708 
47.861812  49.576348  44.381343 
55.611711  103.059181  12.432580 
23.811293  116.765979  37.801580 
51.261480  82.755813  38.659068 
28.656166  43.294492  -7.125569 
16.041851  103.706306  31.341667 
-18.233688  74.278697  -0.085069 
15.654280  114.619993  33.864631 
65.242609  59.460664  -12.375854 
 4.997706  75.697324  -14.842113 
11.570305  113.653369  48.894965 
10.118583  73.263369  22.107908 
15.771545  112.887925   0.160770 
53.582469  86.563795  55.121503 
10.284270  99.520598  -5.886937 
38.693690  84.981715  25.419831 
-4.881576  81.827656  -21.888163 
23.606596  143.688243  18.462914 
89.118203  57.162513  23.066426 
-0.691792  63.597820  -6.936566 
75.945068  102.713575  49.561700 
40.914964  105.212397  40.203560 
55.801571  107.691924  49.635386 
-10.610951  109.085785  -6.165460 
13.220655  78.196581   8.861256 
32.460189  103.944866  -21.243000 
43.104475  55.965493  40.974559 
39.947437  43.975041  -29.205399 
56.595058  52.893648  26.923837 
51.792189  136.054695  44.497894 
 4.686456  63.099588  -1.239215 
40.083044  45.547266  12.495562 
69.135909  112.348944  -4.395284 
39.535487  132.553988  44.421780 
54.989698  95.679338  21.042090 
71.997004  131.337482  10.709084 
24.436724  106.690686  30.466355 
22.670635  102.737613  30.605659 
46.529844  78.449961  42.698587 
47.468924  63.020748  55.197781 
42.645018  144.548891  12.319980 
59.334006  113.537240  40.777008 
-5.436276  94.571644  16.795688 
46.929366  92.154860  -3.726465 
22.249554  118.968082  32.435702 
57.966702  110.317070  13.287273 
37.116328  39.742129  19.642087 
13.943374  138.579070  27.698308 
-9.079876  50.039091   1.603247 
61.499795  44.277085  26.659594 
31.435043  115.605209  35.422042 
 4.378544  66.341153  21.527817 
79.702065  131.383625  -0.644289 
28.324424  90.992857  49.707768 
28.508254  79.661765  18.537718 
 3.513715  99.177799  14.087144 
73.800620  78.475199   2.170774 
53.912792  77.151154  30.841645 
-18.826789  53.966463   1.199359 
-8.250696  97.984373  42.011499 
36.104430  117.744046  20.658608 
72.796474  75.578887  54.617748 
 9.600102  57.094102  -16.460294 
63.729074  81.145449  -4.804708 
60.739360  69.432987  -11.086960 
50.836960  64.084854  -2.261653 
56.243075  58.685892  19.911851 
 2.498690  99.963977  -16.042653 
 2.359668  100.393913   7.906907 
-3.598451  92.229565  -11.555838 
38.930951  83.537161  51.790110 
48.828728  80.390258  12.829419 
37.142226  117.663257  42.852433 
62.827610  55.446785  29.987177 
36.959493  129.138879   5.817692 
 5.003727  85.897002  -6.858403 
92.932623  86.529932  24.735654 
73.564621  92.769362  10.543318 
-7.402072  81.293594  34.452091 
49.070687  147.517894  10.191124 
-10.123698  87.890463  23.999062 
13.788611  82.647152  -12.934613 
53.130795  116.018506  24.156790 
59.375994  85.970518  -15.495390 
54.418448  79.631409  -2.086314 
36.359035  98.128536  12.184639 
11.340525  50.914316  54.724935 
54.592010  86.482333  -3.971565 
20.589914  117.218356  -5.301472 
27.092751  106.918861   6.093783 
35.507024  111.476113  36.007010 
26.403907  83.560730  39.780689 
39.887927  76.851725  -0.776512 
37.472107  131.967043  24.975832 
43.365893  104.850352  38.737741 
 7.444472  42.577358  44.360000 
22.405676  102.468013  27.713278 
51.761469  90.063455   2.663069 
15.179977  71.300590  -1.574402 
79.459817  118.895703  28.867741 
76.111461  84.005769  26.276534 
35.830613  112.130551  15.292193 
-19.541035  123.361138  13.826658 
36.186765  103.173675   5.282210 
20.917551  144.571013  25.688812 
25.350222  55.703817  42.500664 
58.366508  114.145168  -5.155568 
43.157712  131.191359  40.490194 
28.018940  114.631073   0.013889 
78.194449  72.222497  22.988904 
39.019005  87.706864  58.709047 
-7.764947  55.624310  33.240962 
73.224155  78.208924  17.233556 
14.775351  115.057826  24.252669 
-4.376251  109.674181   5.498883 
65.689826  68.632443  19.065890 
55.791767  141.047986  39.463895 
 0.633994  133.667828  32.496427 
54.203078  65.525917  20.105455 
20.634660  130.775569  -7.621731 
35.974873  90.585205  20.580047 
12.145249  41.757561  17.853840 
-0.268373  133.047385  39.338817 
 3.897113  84.784550  29.200216 
63.006777  131.142753  -18.037105 
21.877868  75.517844  48.767995 
50.008741  95.154973  21.145565 
51.482511  72.244600   8.899913 
-9.920968  106.516212   9.407607 
52.116776  132.838383  49.568442 
 2.810252  45.538895  10.342934 
63.404041  51.486220  26.180280 
-1.544697  106.753575  -6.521362 
 3.057875  65.380648  36.553093 
62.881669  130.471059  12.256238 
-3.145658  100.434845  15.436119 
10.244271  115.901358   5.502758 
-11.361171  69.706130  -15.662277 
70.274755  87.022162  40.121419 
-0.887410  87.790316  54.311769 
50.131697  47.531459  19.536815 
42.874087  125.095062  -15.194544 
45.936840  114.788009  40.133793 
23.244630  55.178955   1.005187 
40.102942  111.732316   0.797991 
65.756031  45.984138  -19.660982 
-3.967965  106.771931  -15.259079 
81.359477  115.296526  -9.350121 
13.357308  152.377156  19.274164 
63.476101  128.607548  39.866281 
61.183583  116.818667  32.141230 
64.489894  86.838449   5.283415 
76.481426  70.861461  -16.468271 
22.111132  83.079149   4.151439 
56.016672  109.285790   3.760541 
43.430886  99.252851  -20.396129 
48.861885  111.502905   5.848034 
37.608245  48.006030  49.073845 
-21.669836  85.095408  14.514466 
52.276087  59.680186  17.683003 
32.684161  93.060591  40.129038 
54.710838  63.884744  15.532671 
-20.799247  71.503089  24.229344 
-23.610849  116.550410   5.604315 
-17.032721  70.780968  29.769187 
22.442232  76.605344  36.342423 
40.305268  131.734309  -6.649220 
68.037938  115.725702  35.417812 
 9.723785  92.754912  35.418053 
-3.914450  116.738993  15.805921 
-4.424436  75.724517  -19.931806 
81.603276  105.269332  -24.962167 
47.047954  58.391617  -7.606523 
-2.825332  65.100081  33.379875 
61.630856  63.616596  18.494377 
39.238992  98.948425  58.338380 
52.226783  102.244184  -5.789161 
30.151384  62.071682  -13.397364 
38.952605  96.084875   5.755663 
29.267981  68.120622  25.911832 
49.178575  117.452334  19.850544 
-10.448312  75.591784  -15.612167 
45.579149  28.670521  28.172088 
70.212085  56.510357  36.534746 
65.749330  88.927348   1.402282 
-2.470778  134.095531  21.221608 
25.631758  73.795277  -7.819284 
 3.840040  120.314737  42.054884 
14.828578  49.379078   0.735400 
37.310042  64.165585   9.346087 
37.824200  53.966753  25.568071 
62.536893  93.058578  -21.442152 
58.723717  83.384393  17.477896 
65.967191  132.416090  21.836499 
14.129015  77.684233  -20.007450 
59.905754  54.712527  49.752289 
66.333454  101.034215  28.000940 
14.220408  43.914509  25.562913 
32.816137  91.780051  34.090566 
11.629574  49.730933  36.878778 
 8.264701  53.311077   0.000883 
-10.527066  59.310292   3.490953 
66.789090  76.518750   8.129236 
13.820990  87.219582   3.077497 
33.004083  124.609665   8.694042 
12.016422  80.029102  40.105562 
19.186290  94.821171  -12.561751 
33.057539  67.580678   5.433705 
33.552699  56.361030  22.885869 
47.208848  68.224251  30.813165 
31.408820  35.885383  44.278745 
47.712426  85.602981  -8.636147 
69.561138  72.017178  25.817015 
58.346445  80.391612  -20.549487 
66.040671  108.129270  12.884392 
65.332634  136.676161   3.967335 
-23.332452  57.764421  -13.909393 
24.995397  88.388108  41.262518 
-7.291098  133.950372  19.539001 
19.266506  129.745988  36.281214 
94.401542  49.657441  16.778856 
50.869876  105.690149  -1.496502 
59.373811  97.865852   7.157876 
62.500425  89.423931  18.734610 
61.072761  112.936184  26.190471 
69.426800  98.217022  43.279994 
18.612336  65.385479   4.781645 
55.211529  131.762292  -6.528177 
13.259596  73.619703  -32.219422 
25.373926  112.489580  31.643784 
 6.908823  96.298060  18.731705 
35.722374  89.957139  43.348436 
60.579235  106.544150  30.026833 
-10.674372  131.224086  10.653345 
53.999302  76.668411  24.638141 
44.856904  90.784219  -1.079992 
-2.077984  84.105871  30.952161 
49.263722  106.690584  21.513073 
53.637116  101.675173  -4.594949 
54.586207  135.422087  31.111260 
39.667162  103.846636  -24.531441 
54.555049  114.627038  17.444904 
41.019594  68.579229  35.448926 
-4.469456  108.294023  18.342250 
48.930040  81.826237  -10.570736 
13.222020  111.950710  45.676730 
53.042720  78.679074  53.607042 
23.048036  125.188511   9.896531 
49.123713  84.390218  51.113272 
 5.735233  147.032952  -4.553437 
18.334542  118.346738  37.135833 
42.253597  53.242241  44.796460 
37.259387  84.296452   3.828826 
65.424032  116.337305  15.630544 
 8.261002  80.502948  44.529587 
-1.243676  93.943718  26.101724 
44.369716  76.347011  36.426972 
 9.216869  80.248586  30.172584 
-1.709911  113.275622  -5.110246 
89.425030  85.580807  14.994066 
50.279480  92.085652  -7.783017 
42.178022  44.472574  31.174937 
55.215316  132.723763  39.371890 
75.641967  128.993397  -4.206203 
56.261315  41.046131  -29.443349 
 2.086463  83.657033  41.826993 
28.016517  149.533568   3.079654 
 0.003227  106.682198  12.647317 
-8.460106  97.297556   1.669136 
37.861329  125.200268  18.238941 
70.557988  91.249110   5.112468 
46.979974  59.240737  35.195615 
-4.032122  127.459292  -18.905400 
60.735922  55.270274  -16.210811 
-0.375474  68.908838  30.929076 
-9.356120  94.206232  24.875910 
19.739106  103.803781  10.556327 
82.950928  83.975660  27.823980 
-11.286505  56.031021  -19.245483 
24.950082  33.090700  -27.505052 
-16.536916  131.536169  15.097310 
17.689880  72.450520  36.545377 
-5.140706  82.052743  44.741827 
52.011155  101.314910   2.304405 
23.692883  105.094461  25.772291 
32.781634  103.726580  46.963016 
50.125689  123.944316  -28.937810 
42.038884  111.742544  -3.638648 
17.710692  138.456748  37.178058 
49.125845  105.317544  47.700415 
30.783374  115.728850   7.095710 
49.665082  53.698047  22.565117 
43.710122  92.552585   2.467668 
40.587130  84.381426   7.633536 
 9.382788  80.298822  52.558337 
86.176565  87.335098  34.708539 
21.658297  67.843893  15.325763 
35.474746  115.125170   0.696046 
41.768502  121.435455  12.388265 
69.671692  45.665119   8.720644 
66.339213  91.772366  -16.468165 
71.618400  87.497583  30.209738 
73.134719  71.181434   5.803137 
60.212541  125.185816  18.211196 
51.437640  100.114127  55.587629 
-20.264175  122.933695  22.626948 
29.967905  74.156656  42.011596 
79.239917  94.467939  25.671053 
52.820045  73.385026  14.721159 
52.437589  115.836955  14.990556 
55.675125  67.950330  30.637097 
63.871370  87.974169  44.500104 
82.278434  105.585593   9.028633 
37.349123  100.229315  -7.971784 
24.061773  102.767691  35.608743 
 6.102530  116.603136  37.070866 
78.619293  102.570317  22.809403 
58.323915  73.489804   0.928630 
37.680397  102.638503  26.620573 
78.172891  78.769037  -0.969813 
60.319118  101.028494  28.567068 
36.077262  98.028668  20.542442 
75.026443  89.872618  41.671726 
62.757062  65.072815  -1.094766 
16.695710  129.205631  20.778964 
22.809108  115.655202  43.135033 
74.361386  44.291295  -0.123604 
33.979676  109.194297  -9.428380 
73.543794  60.096715  34.030077 
13.542707  89.946351  44.254354 
17.327912  95.630323  34.538594 
14.604200  83.163696  49.075490 
33.648164  101.746569  16.828596 
-1.689035  116.736040  -13.041714 
62.028602  51.808736  36.747703 
-17.050228  95.475702  -16.244453 
85.625012  111.394640  -16.630658 
 8.623793  53.102668  -23.046354 
46.582496  66.036483  15.942240 
-15.827188  114.528805  18.783837 
15.796253  110.773068  42.651117 
-1.603743  112.067432   1.750954 
18.003329  71.503289  -13.583117 
 0.170722  78.127657  45.638062 
64.752684  44.258947  31.838221 
-10.885053  47.417584  -24.198344 
26.743834  55.143474  -15.351226 
78.339573  89.757352  23.937985 
29.285648  88.272162  -6.149550 
-1.556719  113.442048  27.467514 
44.953695  53.914677  30.695183 
19.414703  108.536417  26.273060 
28.511390  109.206200  49.602183 
26.876739  83.664772  -21.045091 
-5.086393  71.172308  33.390981 
34.612963  62.112333  -7.817057 
-21.967044  103.285991  -2.602442 
26.123133  32.086434  37.744722 
51.327310  84.986895  22.126769 
44.091463  54.572225  20.253274 
67.917678  94.944795   9.939629 
78.113913  78.914970  -18.213173 
 1.277408  75.570108  -3.017211 
63.749824  59.209927  10.254618 
-7.557045  119.965201  -2.837924 
19.935706  109.305708   5.342664 
17.134735  40.314662  43.255563 
42.605860  58.720439  37.332550 
13.942737  66.818218  -2.026657 
15.427183  132.457840  28.131771 
-3.769750  97.758138   3.290062 
14.389569  107.746421  -1.610393 
63.629075  75.544847  36.396941 
28.288277  72.340979  14.248966 
14.548618  108.966469  12.372301 
-24.011442  108.296006  -13.822163 
-20.265569  52.684696  -21.358482 
46.850740  39.094468  34.974202 
25.330547  106.779662  36.289105 
-13.808805  80.100578  12.940138 
 0.616973  67.359476   5.846400 
87.169611  75.703839  49.275550 
31.496702  58.629728   1.856881 
 3.135062  118.994787  -0.549968 
42.102172  61.767751  45.208549 
22.771114  115.628772  45.935731 
63.230974  71.566646  57.902416 
99.748912  81.299739  18.991025 
 7.949061  64.289505  10.860423 
20.901265  112.717697  -17.372108 
11.946264  75.619823  39.972223 
43.369104  84.451929  41.970641 
41.479394  99.958724  44.801394 
20.277488  107.320436  45.824686 
59.168666  69.933825  10.135483 
22.841497  91.301669  23.303782 
30.172159  74.416304  -7.076202 
78.375881  94.356389  14.585888 
54.407259  92.022632  16.762972 
73.742088  76.357007  -29.547319 
79.596398  96.314964  44.248750 
-8.764202  60.896647   6.845939 
66.334728  54.310430  13.606895 
57.983395  54.125607  -11.496704 
53.037603  71.022610  23.429676 
63.230455  90.396990  -11.045147 
38.708085  130.719296  -17.243077 
56.027306  44.739681  11.374424 
25.183206  68.240943   3.266931 
-10.919419  90.319578   6.769810 
19.078033  130.702064   3.515587 
-10.067540  53.194630  24.590758 
82.371376  59.931358  14.104256 
18.147431  59.650567  40.825400 
65.866916  107.666046  17.230188 
10.918260  43.689707  21.744993 
55.887850  105.132141  -8.893685 
30.058180  78.660591  29.653569 
23.496203  96.644290  -5.835525 
-13.948984  109.507217  -14.172846 
61.445481  55.721156  40.865507 
10.557396  71.283653  26.001184 
-10.416068  60.570824  -23.596975 
35.307430  107.002065  39.861893 
69.251357  101.953445  24.940181 
43.791778  108.136659  50.536497 
13.471791  60.142904  -2.458114 
77.488595  128.198257  29.240610 
 6.961747  113.846998  15.565110 
20.023653  86.088936  20.993566 
35.748529  59.425494   4.059896 
24.974478  106.855805   0.958845 
31.488811  103.148348  -4.151917 
-14.927849  117.955453   6.680008 
17.541676  118.180986  46.564282 
33.858546  67.207662  31.539158 
 2.120078  108.988101   6.255108 
-31.126816  124.833373  11.403111 
44.206183  117.443925   1.026088 
11.036063  91.272220  39.277663 
29.133008  127.032453  36.805060 
-0.373902  111.839388  49.493376 
63.603385  128.133681   3.292697 
29.645136  108.757907  25.463338 
 8.515809  63.178168  49.165855 
-10.818583  64.479746  -4.235662 
27.795112  95.182802  -3.464625 
74.328200  111.061209  -2.728539 
-8.416072  83.203406   0.592044 
-11.923793  40.809087   7.571231 
-12.543446  82.810007   4.384855 
28.807006  88.249775  26.438902 
62.710096  102.145949  49.029851 
 0.542943  66.785807  43.341106 
15.492261  52.571836  18.255777 
41.060597  52.241033   8.650223 
70.035938  129.073452  34.267055 
55.708588  83.483112  39.938428 
32.515104  52.482314  -6.458042 
24.943291  68.226255   9.471326 
 5.890008  118.337470  -15.378014 
71.039033  77.506120   4.183428 
69.036966  78.339309  10.897514 
 7.033230  108.226269  54.332088 
39.307792  142.216559  -8.475050 
21.235478  67.013314  39.527947 
15.757771  82.215036  -3.974226 
57.145887  59.729579  26.635822 
53.585765  71.402121  34.115730 
46.472098  72.636736  -14.169122 
10.024853  115.523901   0.420627 
38.381087  64.652479  27.216042 
23.311115  62.244155  -12.556951 
69.838909  85.242693  -5.063591 
-2.956937  87.533781  39.048121 
-18.961523  95.345752  -5.309442 
80.000485  87.540933  12.301231 
18.584496  53.673489  36.029224 
 6.349386  131.544210  13.815830 
75.515294  117.141463   5.901841 
74.216486  120.421180  -19.229012 
40.555822  136.321864  -16.121544 
31.028338  83.306006   3.979141 
-2.563743  36.631401  -19.788140 
40.756843  113.725381  44.506877 
63.804814  80.891006  38.749894 
71.689673  122.834521  11.451012 
58.660794  87.197579  16.518986 
49.075534  70.984075  17.316594 
13.541796  65.133001  -6.098338 
57.908377  58.613892  -8.960494 
79.704640  76.307751  -25.755615 
37.434910  84.162962  -3.208299 
32.412527  81.179698  43.070725 
 6.289245  102.819146  -13.323680 
52.260806  125.894126  -16.656628 
65.484365  120.981687  10.044967 
-4.739278  117.980826  44.449111 
24.618078  78.766843  29.624902 
45.421220  96.468299  35.044268 
34.277322  117.907284  -4.320019 
 0.470406  120.114228   9.082014 
69.798094  119.283169  -3.332688 
43.889996  87.047038  -11.788850 
48.063241  50.093747  -3.890496 
21.804252  68.842265  34.290921 
29.535969  98.517146   5.870193 
 1.959735  89.188036  18.872557 
38.336063  90.302054  32.358169 
49.045166  119.750565   7.809276 
56.217991  104.107975  34.037357 
38.533400  139.296904   4.911484 
38.763524  80.820443  37.579116 
66.044100  64.394981  37.757600 
50.622318  125.703066  32.892255 
63.332951  103.811146   5.842036 
61.605358  67.748973  27.044655 
44.167711  50.133909  -14.808350 
54.404818  117.013906  -6.624829 
36.793054  79.213697  27.138171 
-12.234485  124.583676  44.008388 
16.719745  122.752518  49.284045 
-11.806921  58.589170  -15.484956 
32.681134  88.815835   2.050008 
-24.589118  110.432624  -19.995472 
-5.365982  30.161384  -13.656621 
29.354504  133.263092  26.661731 
68.187175  137.404520  24.355388 
40.092004  123.423547  32.949052 
19.042529  60.049383  48.342867 
71.349093  95.305712  -0.550472 
60.258876  143.703323  -18.334307 
34.600066  70.793158  39.506928 
40.496956  47.283877  35.013079 
57.147075  68.332187  49.421933 
-24.504068  85.012202  34.019191 
72.668670  83.202554  20.259984 
51.625103  78.512942  19.666401 
31.255908  123.829923  11.924245 
 1.063094  76.794899  11.971218 
27.103396  109.633294  -2.862752 
45.744005  135.824980  -1.887405 
 6.139624  70.190418  17.565038 
-17.874024  63.631095  39.170759 
56.742215  64.721835  54.598440 
-0.033923  58.691877  25.459372 
37.433918  98.858771  28.742287 
20.177694  89.376517  17.369392 
-16.356317  120.137896  31.937086 
52.940155  97.938847  15.462601 
40.238951  51.714547  -7.369185 
13.456326  74.704277   3.857281 
38.074176  111.311421  -25.459736 
63.322726  79.902493  47.307498 
 0.087176  73.476644  42.276727 
25.453463  92.870330  15.263187 
-20.263583  105.004745  25.926015 
45.283634  97.712871  32.415732 
14.754834  127.722505  43.449566 
14.381301  84.538010  25.910146 
36.162839  113.261541  18.144794 
81.328358  81.487214   3.744733 
 3.699492  51.007664  49.689597 
-7.936239  144.667894  -15.259524 
60.268350  105.957932  11.295867 
26.463062  59.614748   6.251946 
43.550147  73.229139  -10.892555 
19.613784  51.967094  14.494490 
46.797036  110.687797  20.001182 
14.272570  48.349354  41.212740 
37.843575  91.011133  -3.553960 
-12.649927  78.829300  -24.671776 
51.618203  84.481670  -14.365521 
19.708150  91.882914  -25.411658 
-17.893600  110.286235  39.652082 
-1.204347  74.942559  -15.606288 
-8.062585  61.643016  -14.091975 
65.254965  62.766578  -19.536529 
52.656295  125.079451  10.797581 
53.835472  112.609594  -7.302939 
83.781355  62.635628   7.068499 
 8.392041  137.897109  38.816265 
11.807719  61.471539  17.647772 
 9.028692  106.677792  16.878957 
51.571425  90.421873  40.287203 
17.460125  78.232044  30.937256 
21.259098  85.862933  16.288757 
43.085297  93.516797   9.110873 
-2.167912  92.775023  39.580568 
23.828286  87.644242  -5.405301 
57.366887  110.815794  16.286380 
11.640222  86.064671  47.846096 
22.648083  110.130122  -20.603089 
34.882590  67.930147  35.501727 
41.459959  138.608482   9.394046 
52.738733  84.179996   9.128550 
23.629248  117.651225  30.420079 
-3.822171  49.734316  -14.188643 
70.526159  113.899123   3.307944 
23.600105  101.828221  45.731566 
39.234280  103.244397  30.887219 
-3.919808  85.899722  -12.275660 
34.375741  61.311972  38.579066 
19.704087  63.116467  -14.557953 
16.655492  119.566985  -10.065863 
50.007905  124.121420  49.674334 
68.247114  57.056930  19.399840 
-9.603003  104.682002  28.359557 
-16.693326  109.264071  -3.018082 
19.300113  79.857940  57.058282 
 9.119397  91.461888   2.710507 
44.506322  79.343100   6.829122 
31.542347  87.524704  -21.346530 
64.161110  34.151580  -23.589305 
35.317484  109.262913  17.121592 
37.658894  75.959116   2.976768 
21.782737  125.806498   4.592531 
-15.979216  43.287802  -5.058276 
-7.519989  53.894108  29.321452 
61.627782  93.758779  41.954194 
25.229679  151.838517  -8.326172 
52.878561  68.699639  12.396827 
49.753142  60.468068  14.977845 
50.180285  103.872921   4.396560 
 3.815715  126.161367  40.501616 
68.160838  141.588655  19.385472 
35.601963  61.511365  46.555892 
18.171977  101.476419  27.541123 
77.303061  99.974651  -12.964465 
 8.890766  66.844683  -1.741533 
25.146977  125.695332  38.483566 
31.828414  58.249938  -17.428661 
-5.428102  58.437944  -3.961312 
 9.888596  120.579451  16.838568 
-9.799367  116.873511  28.734011 
-12.066392  59.440832  -0.678070 
80.971795  71.825606  37.575804 
 9.255943  92.469521  46.729288 
71.144712  92.292291  14.234603 
35.097510  132.495027  28.498025 
72.534206  51.464403  -26.581557 
57.407156  127.761889  22.583249 
31.266520  123.874094  54.316904 
49.397172  102.832985  26.088079 
38.931294  108.950988  -7.213884 
48.628757  41.735086  -0.439152 
20.286241  43.685019  -7.081444 
31.599489  130.373736  22.185473 
 0.201928  130.763614  14.800464 
65.679485  81.452437  30.446448 
57.348925  83.601517   9.890679 
19.716589  91.945999   7.788051 
52.765436  100.322529  37.118149 
 9.478804  148.338481  28.104266 
78.767406  113.892845  -0.699680 
41.458788  119.350704  35.239144 
40.935438  60.113483   6.605682 
38.119892  140.661029  37.893828 
24.949998  61.226340  49.472244 
54.651291  143.633896   2.886297 
26.792514  130.758377  31.069323 
20.428035  100.275926  23.108425 
16.877363  141.629737  -2.978260 
58.165722  143.804201  -11.105751 
23.443805  124.192915  -5.031776 
-14.932964  139.641918  -19.700460 
-16.046152  94.260175   3.861864 
25.935386  80.390133  23.647439 
-10.668092  83.441048  26.008089 
60.959283  132.364625   7.759437 
76.079279  134.616355  -6.071150 
 2.848126  97.280694   2.760949 
46.952879  118.947188  -8.318444 
24.751745  98.422447  17.977797 
20.175855  80.109620  45.984868 
12.340719  128.939896  17.215886 
73.545243  88.927279  -9.556650 
-0.333078  75.481500  31.595489 
54.330281  52.945923  -3.059470 
33.317941  96.787304  -10.305431 
 5.302481  103.082249  42.935979 
36.927910  76.970844  36.099123 
72.587761  88.702214  22.179498 
74.478443  44.626824  19.507671 
-14.849826  126.168850  30.236245 
24.498921  82.133124  20.533880 
41.820520  55.961100  -6.686618 
60.682241  44.027071   8.595311 
-11.609406  110.865875  39.255972 
15.992585  82.259187  53.229283 
 0.925839  104.106470  17.057244 
20.270400  59.594102  13.871210 
34.533686  72.353434  23.974219 
65.540374  81.162103  17.674982 
43.045284  47.955332  -10.694463 
43.788252  107.344036   7.477875 
36.212910  101.849809  43.070136 
32.127836  135.587172  23.427896 
59.132992  89.183497  31.333330 
-1.925590  71.760370  38.373540 
72.671735  70.648864   9.776287 
 9.397368  53.333138   8.451266 
45.981500  137.269249  38.058700 
28.192175  122.836944  -6.200053 
77.992696  48.244072  38.244196 
60.103253  51.202923  22.507979 
39.108016  90.055102  -0.868330 
78.319267  82.170770  40.074675 
19.796644  82.045353  16.683046 
32.335395  89.060027  -8.607333 
11.442334  73.201646  44.627755 
73.318486  95.535353  -18.318939 
77.225826  91.250270  -9.039603 
48.320855  79.858316  37.378704 
37.129661  124.379824  43.825223 
44.121402  89.261016  11.535367 
39.345455  65.914663  -13.353559 
49.174749  69.611473  36.787962 
67.098369  80.976856   7.584166 
58.197765  130.023929  -15.544558 
57.827796  102.837381   3.366775 
 5.833546  95.221464  34.021678 
57.087706  58.588494  -4.778899 
70.850287  94.343823  21.637728 
35.305569  70.454420   7.754104 
38.375508  104.023893  -1.320114 
14.671940  80.535490  12.980208 
 4.883293  127.792311  16.647999 
57.393282  96.435193   9.806179 
48.205530  65.185475  10.810090 
30.124274  82.818528  23.079102 
40.362700  64.635349  -1.871684 
-0.862152  37.035851  10.245334 
16.733799  67.784652  32.621283 
35.419054  48.385768  -10.846084 
58.630623  93.138742   2.908332 
40.377426  102.030248  13.908401 
33.522388  96.703951  47.938144 
 8.616157  71.557062  -12.689173 
38.932411  97.892519  51.804983 
98.815737  93.772656  20.877860 
-4.701869  118.405812  39.649133 
70.760607  71.033694  -17.439247 
37.836832  128.577095   3.302429 
29.587491  104.200725  -6.915753 
34.364676  60.346085  25.887172 
21.544086  79.103752  14.705600 
60.472396  97.186643  -7.563211 
50.277142  112.477619  26.764916 
49.971701  100.763490  -28.332130 
12.686204  94.600120  35.819751 
 1.994864  66.660046  15.665604 
 7.621599  75.945670  42.670045 
42.922585  58.992107  -15.728300 
46.680696  92.901551  37.564560 
-3.897472  112.929486  -11.745943 
 0.694876  49.424328  36.433780 
47.293144  135.864961   3.217816 
68.784973  109.352822  34.002066 
 9.809796  78.445333  48.381579 
34.976611  136.025691  20.221845 
20.453342  85.588598   0.831709 
13.227992  120.151480   9.265213 
18.171814  125.748678   7.630393 
31.068858  76.500641  -11.407514 
-26.584070  133.274865  28.127873 
79.116762  117.113301  -25.214392 
11.838875  101.585783  -15.070726 
77.136625  100.065325  10.609978 
-5.010764  106.129143  24.390006 
63.131797  112.604529  37.082784 
45.166211  84.951008  -2.565584 
28.319276  124.728118  -10.898525 
30.644791  143.399699  29.724481 
53.864600  108.506426  -2.704986 
-21.137216  59.683641  -2.472895 
 5.513470  114.732775  -10.181701 
43.386794  108.297151  46.825180 
35.729772  84.944456  -15.364017 
25.331998  43.887287   7.585438 
51.459450  85.589802  18.504035 
44.411350  53.167077  -20.969213 
19.078707  44.115425  20.650569 
43.844763  93.613971  24.942206 
-5.520268  113.055865   9.606298 
-0.500976  108.717696  -19.739582 
13.351676  71.025899  29.033995 
43.806134  44.417833  39.224776 
-0.289751  90.310236  25.626908 
21.978152  64.265794   6.903204 
23.962231  123.311245  26.832929 
-2.021140  87.142436  33.991480 
57.857481  112.958935  23.220661 
25.606192  80.604770  10.170336 
28.395109  116.323323  -10.275864 
12.601168  130.105359   3.871736 
 0.613363  110.138330  42.605302 
40.164291  108.984516   4.523643 
15.329006  59.167698  -16.086588 
-17.732800  97.210899  10.154289 
71.730225  122.706024  -9.874775 
 0.042294  63.071463  -3.041422 
69.309059  98.526465  -23.206750 
17.918356  111.005662  39.317388 
19.241286  130.115146  24.969725 
48.388725  76.875864  14.960165 
59.700929  123.326867  -7.128968 
54.389421  96.816562  -6.174926 
28.768218  90.200325  -2.868574 
47.651895  90.816015  18.312611 
19.204424  108.239342  32.006249 
56.079624  82.872511  14.208505 
42.922001  75.019061  -2.490990 
51.604691  112.128140  43.200571 
-1.382278  75.140021  34.040873 
62.019151  62.841322  47.277262 
52.671745  83.675261  14.083240 
60.179562  111.448507  43.176480 
16.847568  118.710306  -20.958411 
47.172767  75.241632  -25.997648 
41.373618  120.412925   8.855830 
32.186523  69.976163   1.492713 
-20.499970  106.444708  34.375323 
36.704762  125.307559  47.767108 
 8.148214  139.560239  33.457680 
48.487365  111.675416  24.995051 
36.248541  119.912661  14.630276 
47.720016  78.613658  25.581003 
31.773823  88.642297  17.554944 
10.266973  136.169098  -15.750017 
63.642150  123.038282  27.583339 
26.250173  121.479251  -18.377435 
30.554261  138.092861  -9.243943 
75.531693  73.196547  42.218624 
-10.514091  124.168185  -18.830275 
88.594330  88.758971  -7.235222 
61.939606  29.164573  17.785786 
36.183428  73.465052   0.673319 
-6.740688  68.624217  -19.648488 
57.065164  135.670356  16.315504 
55.642210  97.542557  -0.489949 
68.928249  52.570888  -21.134305 
39.644526  67.025598  -3.290325 
-10.776746  111.859202  -21.357032 
13.436786  73.400750  -6.024138 
61.966787  105.033306  -2.711593 
67.962828  140.892894  44.398275 
21.600893  68.878464  -7.917277 
-0.911962  81.329150  -8.618976 
17.057030  107.091924  14.973553 
 8.226110  76.627303  37.930734 
48.541776  83.565265  10.621026 
18.191552  55.745152  18.838836 
58.785898  114.681573  12.579460 
43.141857  99.081459  11.701013 
66.148138  88.495845   9.207051 
12.676407  77.358143  -4.055676 
18.831609  82.842279  37.775855 
38.347498  106.460921  43.909112 
37.565039  105.158948  -3.763424 
79.510922  39.622646  22.979328 
49.470215  32.302261  38.190881 
29.741359  59.708240  32.654814 
21.181635  150.940785  31.856158 
-6.503745  97.746244  27.651498 
33.024065  109.170348   6.469140 
-18.716718  83.771409  -7.723650 
 6.716400  106.750301  12.608295 
11.934866  63.984238  54.884228 
23.311730  41.247701  49.340605 
47.097450  144.670360  29.157458 
 3.516305  49.613215   2.255972 
-13.672099  113.467328  26.905456 
26.735428  115.698704  -16.479776 
76.055302  69.766458  -6.340937 
40.499176  55.688914  23.034639 
74.296338  86.866644  -3.628319 
71.389822  83.174745  11.417651 
 9.144835  58.738091  24.133554 
71.913988  59.782073  23.944035 
16.893846  110.024317   2.881133 
48.622256  114.503938  29.347091 
38.804871  55.588204  11.458075 
46.617848  120.033560  -19.250557 
63.993544  44.361883  17.555347 
58.701752  82.065208  -7.236270 
13.188472  110.873531  24.351151 
 5.850500  128.533362  -17.338075 
 3.430012  96.063195  -26.375961 
 8.512155  81.617059  36.797566 
-6.187219  69.713494  40.409963 
-19.860422  96.133467  28.336000 
38.377885  97.053119  -14.446748 
34.787728  40.301673   9.803447 
-7.024705  109.505412  -11.234027 
39.602653  90.627628  39.393612 
-12.785768  115.636727  32.224653 
62.037551  105.954905  18.444882 
14.114654  89.939132  -16.885453 
 6.551849  79.188419  11.150891 
 2.470845  74.243489  -27.034135 
-4.094435  54.099441  15.477984 
55.511626  58.958799   7.828913 
28.121987  130.204686  -3.347749 
27.145331  51.168923  -35.146787 
 3.804425  102.352483  -18.662915 
44.083435  122.285956  29.683268 
42.388208  125.475915  -6.138645 
-7.555655  39.662397   0.227784 
66.544172  56.855844  23.612894 
 2.768969  94.527086  -3.076053 
 1.119788  95.320678  -6.031615 
50.995790  70.181165  46.313323 
25.998015  67.559193  -14.982897 
-12.507091  123.674539  11.183819 
42.652208  64.538445   4.322388 
35.190109  92.771668   2.328931 
51.379850  134.934382   9.111549 
43.290330  84.943286  27.310361 
20.134799  88.124949  -10.987075 
59.938588  93.053329  -4.147889 
33.203819  103.143809  41.885528 
 6.634928  77.989015  -9.404309 
40.502337  74.061797  -7.231390 
10.783939  124.754456  14.855929 
62.433031  72.268223  -18.829767 
12.205248  124.973356   7.541225 
 7.612451  74.142372  49.270945 
21.805201  84.074416  -4.722749 
71.128508  76.425914  22.734511 
-6.943785  78.390925  28.161302 
37.623049  85.704552  40.401789 
70.249104  91.020204  -6.131455 
47.400019  111.297414  11.510630 
 4.754239  58.351980  33.797398 
 5.505420  90.609700  47.756296 
-4.091349  103.745655  40.191464 
80.728976  121.886227  -14.458357 
62.690839  51.386224  -9.991870 
50.737131  97.652495  -9.898226 
56.968219  42.589995  -1.848239 
80.325973  66.585364  26.272468 
65.753204  76.706106   4.161532 
43.655954  84.277069  34.292461 
16.256867  150.263544   4.992659 
-18.074489  134.360725  32.878222 
57.440208  52.129935   9.743408 
 0.217998  39.129259  33.441438 
46.499303  44.028001  11.483298 
72.620502  54.176593  13.909969 
58.550878  62.250390  37.943142 
17.874022  88.543809  36.200001 
 8.204413  135.417933  28.941627 
87.649803  121.767661   1.114906 
-8.832963  142.797374  20.990771 
26.312721  88.216076   1.315226 
38.181577  150.685585   4.094671 
25.738674  82.202965  36.192672 
23.491641  83.894415  -17.469768 
45.772455  102.528442  35.276713 
 8.109430  79.896635  17.281616 
23.741520  64.104135  18.843286 
69.059850  97.480996   7.124032 
56.815644  87.707961  37.800891 
35.792444  83.492573  -10.345515 
51.026621  95.663673  43.147753 
67.484853  91.876315  -0.955440 
19.235588  53.956381  -23.942282 
59.010324  118.845021  -8.814437 
55.133205  56.933238  -0.299347 
20.653454  88.488832  -3.555955 
48.073600  87.179545  31.007404 
70.533999  116.510431  -20.934813 
15.005100  95.450332  41.744976 
54.370510  105.097950  -11.961673 
60.678622  100.382564  -20.592673 
24.256346  81.412276  -9.390072 
19.415796  126.388623  16.321385 
41.513701  49.830148  21.781339 
59.276846  104.614062  32.010497 
48.445333  79.458343  -15.660589 
10.452817  86.102528  36.133919 
-7.107179  107.939141  31.686389 
18.876972  97.712831  31.025480 
12.390753  87.536503  13.832471 
 6.298526  72.585832  12.243468 
71.754850  51.341512  49.613623 
 1.283591  103.888954   0.861836 
-4.967325  57.581317   1.794457 
19.613505  78.614521  -15.617214 
87.521370  75.986457  -16.719973 
35.364272  103.124784  32.510143 
47.738945  129.264179  -2.859082 
35.135666  79.056329  15.906437 
37.701158  57.326690  -17.766711 
-24.506977  89.429732  20.579110 
-15.767970  111.262219  30.384111 
11.782591  129.282228  -17.671154 
28.310384  71.887291  45.380433 
-9.705837  63.075558  -19.240233 
39.062859  116.135397  31.785279 
51.907288  100.381276  30.046705 
 0.326399  68.907933  -0.221935 
-11.167023  73.466775  38.048791 
66.448328  123.696380  24.831383 
60.904761  129.980594  20.035910 
33.671012  100.129081   3.805886 
25.373147  23.219053  27.909243 
19.817121  106.313851  -10.651151 
35.872309  51.507358  19.632690 
21.373522  123.469913  55.789123 
49.731676  61.553632  31.933777 
73.987424  94.741436  -13.468909 
68.470724  71.031736  30.518968 
51.702177  131.318681  17.270479 
-10.141158  116.078939  -9.069070 
-35.044310  84.613802  10.635165 
85.835037  53.539425  10.123169 
 2.735722  111.690661  39.952046 
23.813269  82.751530  -8.981856 
68.585280  103.563742  -14.139439 
29.898776  121.184597   5.255653 
45.751851  124.070192  -2.180407 
64.486284  81.086095  14.572312 
 6.131667  32.628659  28.104825 
29.334647  67.366585  20.225307 
84.048118  34.784591  -3.535892 
57.303758  85.187936  43.638531 
23.522772  119.967675   2.715951 
62.709649  83.978140  -25.007803 
67.263742  67.355304  39.223077 
-14.204303  103.718591  39.837337 
48.170730  126.901417  37.469289 
22.190267  76.247870  21.559354 
57.032507  79.708554  46.884357 
-9.596636  76.218387  44.001106 
24.702383  49.564299  -12.395722 
13.890458  128.836850  26.225515 
44.650097  114.658629  -1.055303 
67.579730  48.323091  38.907635 
 3.771349  113.485658  25.804003 
 8.246093  89.505433  40.889968 
23.207489  44.789565  27.079380 
50.841539  53.673460  16.341577 
54.973842  94.159696  -23.243890 
59.528850  86.628487  -12.287918 
38.454976  63.624444  39.699356 
76.430457  77.476277  47.113848 
 1.919706  118.823762   6.557618 
20.311524  75.169280   8.725238 
29.048448  108.712647  39.625950 
34.056238  127.596564  30.684967 
41.391476  73.562795  25.424409 
57.528791  40.054161  14.277100 
14.972637  136.497414  -20.516178 
 6.092298  120.692689  -7.115570 
-25.268940  96.547441  -15.398536 
64.309370  62.951453  23.621361 
27.487978  101.954531  -9.440537 
25.898337  75.370571  -16.793737 
16.033968  63.620373  -11.820708 
89.116278  78.144387  22.058801 
38.803679  107.394499   3.208504 
 4.260423  90.243873  14.516551 
69.799831  89.795848  -30.274510 
-16.376241  95.073487  25.039496 
83.835852  49.217946  19.624119 
68.338362  126.173139   9.709831 
69.028340  93.430198  18.384344 
68.674018  88.693238  11.995601 
28.490770  52.290259  -0.593699 
21.498081  61.142900  -22.694605 
36.684098  111.861360  10.245894 
41.303415  130.902685  35.165872 
-9.395157  59.933706  39.330672 
-4.083896  66.506157  26.670309 
-5.637989  121.985594  -7.879477 
 4.270610  71.076671  27.947179 
 6.428903  41.851383  28.335080 
34.277464  125.268748  -17.356624 
 5.454361  140.703133  20.364418 
51.532523  59.676787  -16.150264 
 6.145377  103.501978  -3.317494 
 0.502766  84.881823  13.898532 
10.327211  129.867915  36.058290 
34.959175  59.186031  -10.534225 
28.371178  104.971268  20.033405 
46.146693  116.766151  23.423571 
29.280283  92.311123  -17.184566 
66.496787  71.302208  12.631589 
46.937970  131.062395  43.596350 
21.745544  135.696871   9.494246 
 0.072353  93.934335   7.716540 
67.869347  140.499987   8.907710 
 0.658645  84.707180  19.557842 
30.482321  119.861291  -25.664847 
42.410121  99.446334  38.538810 
57.080157  105.954535  27.568586 
58.336002  108.255920  46.082846 
36.295532  38.945837  29.901552 
44.475752  118.368554  32.264438 
46.932972  58.428371  -4.078072 
50.835560  122.023854   4.647960 
60.068742  95.652993  54.990596 
34.485523  45.522163  32.252914 
14.561698  94.783233  37.627365 
44.461120  119.564680  26.716408 
-10.412379  86.166162  38.582190 
 2.677008  112.727845  -0.908251 
52.426650  77.405160  17.619686 
41.920607  150.537512  -19.701419 
63.815074  40.207449  -15.019921 
-14.967475  67.185338  -7.723228 
67.479185  64.414725  29.013597 
32.715972  98.340739  54.867746 
 7.253266  126.282814  25.282427 
15.018925  84.383880  -22.957385 
11.685524  71.633750  17.889841 
-7.035561  51.967340  11.439550 
40.397547  72.979153  28.674608 
27.492650  121.128890  -0.123070 
57.843015  89.397822  35.453203 
53.778447  77.835145  21.250853 
30.006800  82.602405  -12.472937 
22.605925  67.743207  -23.603334 
67.384368  111.052724  -16.348085 
73.256819  67.327515  29.437549 
32.523617  86.002209  53.766116 
62.963440  74.470211  -8.881947 
 0.100120  76.842522  36.544025 
 8.739210  86.263073  31.913513 
53.637682  67.127670  -0.419998 
46.390142  92.430533  52.834733 
30.844824  60.990904  28.198268 
56.424715  109.947375  21.771734 
-8.913971  116.387784  -25.883442 
31.564001  64.821994  23.595198 
23.581449  105.284878  -17.338277 
78.573495  97.504075  -7.873173 
42.184108  128.460581  15.233443 
-3.091728  95.626242  31.549943 
20.379420  152.015107  -2.451910 
67.666474  111.886831  54.543855 
82.201560  53.290146  34.177981 
49.796831  85.898603  26.290709 
18.326859  125.747439  44.876888 
76.338035  112.107463  44.677369 
22.142164  110.573252  -8.021084 
69.060720  58.312332  -16.550884 
17.936541  123.362555  40.489089 
33.197060  63.470965  13.729470 
43.857796  113.255225  48.453759 
-23.206904  94.941563   0.662700 
74.144564  80.074800  -8.533077 
48.016639  74.218904   6.071805 
-21.997366  90.531782   6.459512 
16.955885  58.149211  -32.255799 
 3.941130  121.175247  -4.585748 
89.553127  86.471078   1.397208 
16.265058  112.726689  -24.638287 
-24.983528  77.178653  32.973389 
63.988315  86.532295  38.119908 
27.210927  124.566321  40.918362 
-11.180841  94.898526  -3.974783 
32.022071  92.075864  37.536011 
-15.735588  96.472629  -23.025854 
20.093900  105.521713  -0.874696 
38.292675  102.782314  -12.839203 
12.010002  97.440786  27.380564 
16.659348  66.066086  23.554267 
-2.756592  110.969888  -7.875261 
50.693686  52.105561   9.662406 
-8.777096  104.050104  -23.597127 
27.663465  65.406705  -3.370329 
26.983173  56.648858  40.882324 
 8.197806  75.995206   0.289952 
57.858204  108.257846  -9.389539 
27.625708  132.032307  34.302747 
46.141968  125.270411  10.193459 
67.536240  40.919288   3.074682 
40.733155  118.439965  29.924772 
-5.237976  52.629937   7.099759 
78.234619  64.708950  36.165033 
41.862327  69.474724   5.593498 
75.296867  86.745453   1.921038 
-15.397786  80.038976  18.882559 
34.507924  98.719034  52.129913 
42.281222  122.804900   2.068459 
45.016457  80.948480  -1.208733 
48.906058  64.116393  18.460209 
 8.863145  51.589977  -19.362589 
68.787295  65.664147  -15.410757 
37.715345  72.890450  13.117534 
-4.777044  38.713240  39.286375 
 4.434194  89.512744   4.731222 
-2.189031  54.346362  21.143821 
25.329595  46.673083  15.859288 
 1.023125  76.049499   0.527573 
30.661668  67.276216  -21.807916 
11.563078  70.616907  -16.815330 
21.293376  124.160041  21.507553 
30.907092  72.371313  37.576026 
69.420612  87.066897  18.813639 
74.570266  58.214025  -13.169622 
34.666052  91.744543   9.294335 
49.607769  105.945991  -15.593572 
37.183196  84.921274   0.264965 
22.360700  95.954739   8.336452 
26.742216  78.936095   2.601681 
27.795441  120.737468   8.124656 
 0.276040  136.334740  12.183958 
34.894383  125.332276   1.785636 
17.422665  127.195595  -11.668884 
32.026877  95.770318  -1.494135 
-0.718566  37.368964  -12.490376 
79.126844  97.433085  -21.499467 
-11.256882  95.869121  35.443821 
-18.822084  52.031076  -5.961151 
28.699977  79.567676  12.729685 
75.324286  55.584583  -7.668072 
 8.024391  74.605042  29.982692 
46.606388  84.527445  19.376148 
37.675814  116.097192  37.965291 
30.240873  54.649684  26.656215 
28.410773  128.295814   7.830260 
32.527283  82.947816  35.237733 
17.672904  66.512103  43.951061 
50.389658  76.791636  40.287522 
32.558861  108.334929  13.241903 
19.730979  92.436619   2.726537 
52.657790  60.134394  23.068250 
47.037001  76.149880  22.055307 
16.506629  45.968063  -2.575313 
13.986384  125.397330  38.148662 
59.227946  86.409115  10.303920 
72.000887  80.939895  -21.376349 
35.989229  43.829172  -7.345058 
43.272616  141.294590  44.087391 
-1.678261  106.488521  21.302410 
36.545302  46.824816  -3.121288 
17.959552  143.823434   9.257769 
23.426046  40.542255   0.837523 
-0.673942  110.497628  24.110784 
84.980174  108.441516  13.808520 
34.872238  52.044999  30.398114 
55.263822  105.470044  15.213124 
41.510389  78.354016  32.122582 
61.701714  70.406345  11.592515 
-6.580105  118.781688  22.629570 
22.893508  76.833463  12.975596 
62.734713  91.092283  21.804010 
74.494768  59.744021  20.721057 
12.320312  109.900984  17.858556 
15.275761  50.688895  -16.649863 
31.167306  60.865069  -5.823849 
39.586261  37.492376  49.477023 
28.257578  70.420627  32.598368 
 3.728680  134.371027  -2.248094 
14.252934  55.777378   8.098508 
23.086865  51.743598  -4.343388 
29.033122  119.014709  48.327169 
52.664760  60.570077  48.100857 
29.206213  44.041142  26.620126 
-2.076411  104.154035  11.664869 
21.687127  36.466730  17.596610 
15.796671  48.635030  27.860711 
27.262752  62.086230  16.241681 
-7.110425  109.836169  23.086307 
-2.092525  64.712805  16.146748 
52.859647  69.774685  16.048165 
44.292816  70.748402  10.328091 
42.507823  56.235290   1.616790 
13.502807  89.636983  18.767596 
26.003616  39.440020  29.393045 
68.056763  80.558377  27.153773 
 8.968426  69.237217  14.905161 
-20.901445  131.646492  39.082969 
66.623238  95.910259   2.826759 
79.498539  109.689582  -12.193820 
-21.672711  114.572531  15.428040 
45.843032  61.861778   1.179377 
-16.613083  128.332341  -15.592066 
40.502411  101.560244  36.449547 
23.255915  43.900018  42.783140 
35.381532  56.074635  16.762678 
75.718973  136.138377  39.377760 
48.093371  101.813068  -0.714017 
46.602016  66.641475  13.426043 
13.803718  80.396678  29.388221 
42.495792  102.926442  49.654941 
-31.116937  73.256769  -4.319369 
57.396574  139.321955  -24.958560 
59.315409  83.993960   3.845814 
30.741854  97.529935  -8.191789 
-9.136199  92.302003  -18.853900 
72.212521  109.500815  10.620987 
46.931356  60.111386   7.858737 
 1.767230  145.370076  31.082274 
-2.415616  56.044511  -7.190010 
20.666265  68.908895  50.405809 
11.977786  65.622207  33.126105 
43.241984  133.470213  49.409448 
39.439774  108.546841  54.631043 
-7.330972  116.582314   8.209432 
46.426459  119.422898  43.174315 
32.217271  55.103636  -13.751028 
60.893103  62.161053  21.883370 
26.912558  125.279117  -21.593884 
51.140619  89.543521   9.612229 
-6.205059  63.711315  12.544143 
55.238831  85.832077  23.300219 
16.711010  140.431674  19.133361 
50.901294  115.695973  47.445478 
10.532646  83.298117  -16.707289 
60.724435  100.126535  44.071033 
-8.727538  120.986397  -15.404516 
72.094681  126.689712  -9.459298 
11.082433  83.997110  17.723415 
21.421227  54.977620  -17.349616 
55.914557  125.219009  43.779877 
18.539011  79.302541  24.733773 
40.991612  60.860538   0.655447 
26.967941  120.185646  51.100786 
62.572510  91.205425  12.817310 
10.076556  43.242104   4.256822 
26.655089  115.284037  -12.373732 
-1.038387  105.638994  -11.479900 
49.753183  127.542719  -5.098351 
-3.531937  81.789923  -14.437256 
-23.483152  111.839497  20.927871 
72.186470  102.195001  43.453800 
24.979821  112.362606  49.318074 
51.591062  47.772394   5.809483 
33.889656  122.193827   4.862603 
50.940992  112.368601   0.151411 
81.680791  56.992932  -22.800383 
20.463398  113.930683  25.135908 
66.092713  120.985305  23.497438 
-3.556413  75.714171  -5.094224 
 3.652306  52.500417  11.272131 
11.307047  121.605056  31.239203 
72.995203  76.600087  13.402811 
-1.019388  121.884074   3.405300 
38.598118  49.133247  -14.248001 
12.136992  65.646264  16.531948 
46.744814  110.597738   3.270309 
37.339751  130.314148  -10.233170 
63.990111  97.820529  -2.323278 
71.410207  83.571765   7.656618 
41.586887  43.083787  18.170220 
-8.375774  66.512459  -1.016373 
62.038055  104.707099  23.823843 
45.864154  103.519453  10.433080 
-25.317277  95.161837  12.865787 
73.081662  114.881812  29.998359 
33.925423  128.356280  -22.857260 
27.941694  112.359592  19.374133 
45.332157  122.694142  25.270223 
57.502903  67.169540  -9.459813 
39.327241  71.697694  -21.345844 
-15.184147  109.712336  -9.041150 
-10.841699  125.843736   0.583310 
22.129641  111.760373   1.625783 
19.890283  52.949771  -9.802822 
 5.946629  84.314774  22.302615 
33.841347  68.407484  -11.871415 
34.791046  89.572205  -10.708497 
10.009983  51.686617  -5.133793 
24.578305  87.037840   4.116528 
21.996969  103.219365  -21.523159 
-4.842813  104.062170  46.830265 
 6.974391  108.139903  34.504960 
-7.588511  52.499804  -10.877019 
16.140497  137.107056   5.280695 
 2.744981  68.496018   2.262923 
19.148669  95.714322  54.306115 
-8.316840  46.899666  13.924767 
20.006809  65.629093  -1.207684 
22.262734  116.998057   5.377354 
-31.629633  91.348880  -13.246023 
21.010325  136.038705  28.633783 
-14.273498  65.468286  15.319204 
80.799206  131.229256  -14.887883 
54.283570  29.564117  32.406178 
10.354376  95.259913  17.007078 
33.159075  114.287384  -17.111594 
 0.721241  98.251281  46.673232 
61.662158  32.824047   1.008084 
79.822274  82.898475  17.024790 
35.061105  85.073538  27.181259 
26.308315  103.057617  32.325546 
12.094550  104.455654  29.016590 
 6.181814  65.130771  13.612025 
41.702872  116.685732  20.168401 
56.986896  66.834729  38.443226 
62.383632  136.997253  -2.148606 
57.256548  52.105637   5.553778 
49.789639  123.399122  -7.885577 
79.928061  131.784608  34.300330 
54.839421  89.305939  49.611225 
27.356973  122.185267  21.934057 
18.753560  106.910205  37.318520 
61.419714  104.060468  21.004660 
25.463372  104.229847  43.153676 
 9.555712  113.767475  -7.108062 
77.537640  60.340261  26.133044 
-19.617601  85.817899  38.720551 
77.031376  91.015350  36.593435 
61.303757  93.618851  32.170926 
70.121134  126.786987  -2.301177 
67.622545  112.792767  24.044731 
-8.153235  104.440498  -9.967376 
53.909920  104.671479  32.846578 
-3.068396  147.149587  37.227440 
-12.573436  107.357017  43.744207 
-5.069410  63.335754  44.468429 
17.660703  108.451963  22.213325 
27.140484  66.212937  -17.883991 
40.471124  114.861447  -11.269652 
14.472566  88.365374  26.907100 
25.098723  90.328169  -11.276207 
40.325864  103.818589  -9.418273 
17.473340  59.490105  25.961070 
-25.423592  135.566655   4.545124 
45.073660  97.194870  -8.250694 
76.368949  72.512145  33.533785 
40.098515  112.884432  13.073489 
59.530754  43.409345  49.488662 
30.952449  119.498498  44.327594 
 8.673925  50.276001  17.082101 
72.749652  106.428923  41.039981 
 1.380900  103.224738  29.575021 
-21.255758  140.431302  -3.934894 
45.824446  107.732597  -32.682918 
 9.831487  117.553094  32.904905 
-1.973477  59.938057  -18.305777 
23.072535  57.024412   7.343315 
50.842826  50.928596  28.600542 
 2.013181  127.215993  -11.595047 
53.629293  74.607376  -13.037843 
56.064613  121.749588  35.391813 
77.913836  36.834503   3.158629 
62.714918  133.543269  -9.256340 
17.382789  88.210315  -14.015642 
-12.194767  102.793780  -0.849951 
-11.383426  80.743440  22.663198 
21.522461  58.924457  -1.984370 
66.827713  96.304115  36.669926 
13.834387  94.043180  -5.189390 
16.602114  104.598229  35.872553 
49.858711  51.469777  32.309956 
-6.590344  124.125672  12.037809 
52.210903  112.794030  35.989482 
 9.793671  95.789953   7.424846 
 6.411239  60.752758  42.138802 
54.766548  49.253409  -8.827969 
42.438505  109.884535  27.657148 
58.292900  83.125099  36.552226 
10.674712  99.481022  32.820512 
51.971797  103.118024  -18.199328 
57.813391  56.405678   2.983701 
60.958497  62.138066  -10.271428 
53.209987  34.411544  -4.283278 
55.187233  97.930720  31.815951 
61.586871  61.448373   6.880110 
71.857085  109.029871  -24.400075 
32.780029  49.810828  26.712916 
51.100822  104.263952  -8.037482 
35.641725  79.492457  -15.848592 
 8.195278  112.263742  25.923493 
56.500234  113.973146  -18.407934 
44.566555  35.669665  15.115283 
36.972418  121.896711  -8.911195 
-11.674417  36.185042   3.624511 
13.522701  38.010217  31.915188 
66.048524  135.092180  -21.569782 
72.834591  58.398599   3.607959 
38.205969  98.208412  47.198162 
44.380157  77.011727  49.457633 
15.450198  103.905068  54.818087 
57.846786  118.771943   6.166895 
-0.969474  126.186114  18.950505 
52.747072  87.522809  -13.887052 
49.276904  53.196413  -16.057141 
 3.898608  67.716759   6.718377 
31.456449  71.788284  55.050739 
25.595446  95.218635  -23.557457 
-0.946347  112.390857  35.761356 
21.986449  107.016357  49.367930 
21.562317  62.633626  41.773879 
18.142089  65.889398  -10.065349 
30.242961  113.724591  -6.323342 
87.912927  96.084537  12.523546 
 3.811645  58.185228  -18.107173 
69.375862  52.724372  29.505710 
44.996469  96.424693  -25.345786 
30.971056  75.395387  32.618737 
66.397724  96.210245  39.857439 
53.594351  82.801981  40.555465 
 1.046330  60.543829  -37.361315 
-1.358313  134.270948   2.161192 
52.577572  119.250147  -10.919539 
23.428753  39.524484  -14.597181 
62.804691  84.821534  -2.871775 
42.320793  78.140837  23.513117 
-2.213593  117.609612  31.413602 
30.290984  90.981610   8.922030 
-8.323761  108.405453   0.355454 
 0.537125  112.404596  12.957095 
17.224942  65.662426  -17.341851 
50.471598  107.862088   8.212935 
-3.283442  91.414550  22.781775 
36.291082  68.476848  18.602071 
-0.616727  79.258720  -17.133970 
40.703566  93.804676  15.996234 
46.812760  29.231195  -26.907528 
 2.846623  61.435611  31.673627 
82.887624  48.438003  30.449773 
29.025052  96.239309  51.010424 
32.791330  85.494423  41.442299 
52.901502  48.318646   0.435581 
26.733540  45.522287  -16.239325 
18.613429  49.083298  30.398188 
43.877481  129.565818   5.562579 
 2.844066  103.156419  32.924359 
29.169273  155.888321  20.536681 
30.536729  102.882004  38.683461 
-3.628996  112.213121  -19.984268 
23.913790  67.387314  -12.068402 
54.670902  121.047563  19.503337 
16.565996  116.978882   1.684049 
28.375592  55.351567  34.573546 
76.341853  114.928238   9.016661 
47.865539  127.888755  26.141550 
25.444078  134.747794  -15.854586 
 3.286712  64.827401  -10.752722 
59.661196  71.307328  30.465977 
-25.191510  119.839023  -4.889453 
47.976608  87.610501  43.690314 
23.881151  137.628556  22.264388 
66.821879  121.344102  30.444333 
76.455102  102.304854  29.192881 
-9.906297  131.007288  -7.999851 
56.046834  39.911993  30.409024 
33.261398  121.968264  31.715155 
29.585619  93.051006  24.734598 
43.728562  96.941638  -17.206767 
35.872705  92.992420  -6.626391 
-6.665639  89.987880  33.373233 
34.970027  132.123757  41.510481 
62.764584  92.254022  16.073605 
94.339392  109.410842  -10.157986 
68.442581  90.996295  44.877720 
17.411736  127.622057  48.563579 
54.102464  97.651155  36.574534 
42.032954  113.103241  -20.110028 
33.359925  46.371906  42.495662 
-5.353605  87.510194  28.608253 
30.637556  86.647769  11.297600 
85.403704  91.812366  49.377751 
55.586592  76.334179  41.551787 
 8.474460  81.457823  13.536102 
11.940437  92.100124  54.683918 
87.188462  109.856973  -29.927928 
-4.471479  44.757576  -3.875926 
37.485475  92.767506  11.818563 
69.915357  105.013943   9.063213 
 0.510062  71.409189  23.216511 
52.234486  92.844202   5.878703 
-13.832758  108.877554  13.633115 
82.069910  125.646763  -29.447885 
34.141434  120.345407   0.358690 
51.218994  54.004838  49.440019 
49.819227  112.205529  31.042698 
-6.142792  97.853060  -10.120657 
68.861310  40.878639  -10.792654 
44.416922  77.879920  30.238188 
-1.538369  107.784390  35.280760 
46.534902  50.128036  36.851947 
 2.242497  120.199777  34.969389 
79.141863  64.704216  31.461798 
 1.134844  59.545654  38.334101 
 8.548101  95.352420  -9.067904 
-7.590575  83.781858  -6.128547 
39.952642  80.480907  -12.128651 
12.308987  54.276121  42.774039 
58.946374  71.908523  44.148058 
-0.087238  107.796657  45.980070 
48.898647  104.934956  -13.255978 
34.852945  129.238441  35.022441 
 4.036075  59.285160  -4.781692 
32.601934  81.897097  39.125813 
27.927404  110.058563  52.727545 
46.815800  78.490063  -12.636642 
22.551040  141.943034   1.898859 
54.688436  75.682157  -21.135839 
28.939922  88.490520  30.976752 
 7.383718  65.191501  -13.358382 
44.527368  96.725877  40.915409 
 2.176144  106.382558  39.258479 
65.372517  113.711231  -11.206374 
48.416469  101.801698  -22.615848 
55.579313  134.117830  25.990067 
27.815999  125.059387  -17.111177 
42.451905  84.883138   3.874612 
92.350982  98.958249  -8.091557 
-6.793500  59.199317  27.685172 
58.681521  126.102252  25.150138 
38.114772  135.806022  -12.089807 
-9.496579  92.286268  31.012084 
-1.052766  111.768283  -14.909424 
36.485132  120.464073  -22.585820 
31.974531  76.710632  18.574642 
 3.462727  99.649789  19.903743 
42.975200  121.733329  -4.784986 
52.604987  107.191318  11.706911 
25.108622  50.299623  39.605959 
60.606803  89.426935   8.639219 
 7.594875  123.455659  -9.575088 
56.101700  53.955233  44.144576 
62.421390  68.283574  -21.198192 
61.881197  118.959800  -30.653027 
 2.432072  68.635784  10.139327 
63.466585  91.878394  49.364573 
84.505504  115.883986  39.447698 
61.275644  90.026323  -18.535615 
49.511394  122.173000  22.573007 
-2.864025  64.018022   8.504876 
80.186789  111.171264  33.611269 
-15.377961  98.678598  -11.947408 
12.641277  56.752461  38.146972 
14.979691  133.144237  -9.408002 
21.592308  92.910068   4.951972 
 3.039702  119.966647  54.697463 
22.908789  96.882864  50.402180 
-18.986551  94.988214  19.311286 
88.253139  68.126188  20.047526 
41.073805  71.200902  48.722367 
41.797275  31.448153  33.883436 
67.078797  125.029978  19.667901 
37.698446  131.590993  -26.641514 
-3.553158  103.768739  43.989486 
63.453663  80.128774  42.466324 
64.424241  107.573819  -12.248126 
45.079380  138.138672  -5.239190 
14.792058  118.433491  -5.485231 
48.725574  93.403631   6.361589 
39.005327  48.818655  -20.059451 
51.874526  109.778401  -5.040012 
 3.221002  91.117791  33.426683 
-9.437678  120.916027   3.800340 
86.057248  57.767116  28.364992 
-1.724233  93.303431  43.282153 
85.685355  85.140163  -12.723852 
-8.307785  136.828184  33.572247 
57.139103  78.707131  36.135281 
44.862052  54.095014   9.884000 
-15.522862  54.709257  -11.956957 
-12.789826  107.436194  34.537276 
27.154078  135.986945  17.042989 
60.896678  108.183221  -24.755772 
51.230906  88.190737  34.319764 
30.443331  96.866276  14.408391 
39.869688  60.333148  15.265020 
-10.327757  87.288262  14.602407 
39.680163  80.029129  -20.947105 
66.650290  58.149012  32.750335 
63.763141  68.669344  23.902164 
-21.645309  66.584110  -21.258447 
66.948960  120.693084  13.576326 
29.677271  114.057431  18.363655 
-25.400645  78.117362  -2.902491 
22.396469  37.994018  23.681384 
 9.469322  111.599985  -13.813487 
-7.661967  34.925110  19.052968 
15.927652  96.317546   9.854827 
-22.418216  73.228620  -8.791162 
70.180263  72.363202  15.362516 
25.183372  51.718829  29.409301 
67.742056  116.465144  44.361989 
50.879191  81.438045  33.580076 
 0.723874  123.975451  15.142349 
44.567226  78.150951  53.064061 
50.868799  53.673597   5.729130 
65.716806  78.947336  -11.608322 
55.768097  141.521236  34.278242 
62.565081  84.459767  12.503713 
69.601716  44.989325  29.551112 
70.729197  51.335311  -12.280192 
35.235467  123.090552  39.781820 
 5.983087  54.747893  38.337095 
10.714112  94.055124  -29.847423 
 5.205355  102.958056   2.579839 
28.234502  97.294589  38.060000 
-16.584218  130.220586  -0.601364 
27.003450  64.775935  48.000791 
74.648304  58.961217  15.400154 
46.833816  105.448860  -10.519176 
47.013062  95.893868   1.835018 
27.044021  127.433999  25.506460 
34.733157  51.379592  -1.812154 
 7.545573  66.129491  30.975232 
65.065079  59.432542  -23.784155 
15.541826  129.427865  11.146023 
56.259257  108.211494  41.140267 
11.965436  91.734786  -24.060555 
76.063305  67.732522  20.112395 
-16.764988  87.918582  10.198157 
30.793281  112.840738   4.449391 
63.925369  68.059847  46.315520 
63.554046  130.295902  34.027422 
47.144945  85.352717   7.515438 
-3.093602  103.559130  27.050155 
91.220676  101.540654  28.319389 
26.435418  71.807311  -4.720099 
53.491279  113.983664  10.888559 
40.470367  35.622576  24.218594 
62.733524  96.383119   1.956399 
30.660059  83.173702  -0.946034 
64.231545  84.117004  -19.563493 
84.109723  131.964337  24.293901 
65.862471  98.566548  16.162659 
32.263419  69.129067  -5.116486 
 0.627885  63.964568  23.043561 
61.071319  129.302591  28.455011 
-1.412273  73.842970  23.211371 
33.952968  129.161299  14.817214 
59.543613  71.733395  -26.503823 
68.637545  71.659566  35.375620 
40.803824  92.359453  49.814294 
-17.773980  68.275151   0.061147 
 1.277695  85.455268   8.204447 
-4.467962  62.601903  30.232233 
34.464073  124.300534  25.542983 
-3.496897  130.253739  -8.698012 
54.462043  46.903057  -22.819797 
30.233637  76.981417  22.835372 
43.181179  82.365199  10.258402 
67.081290  64.412029  52.100672 
51.417163  104.025296  51.521283 
15.443698  95.739948  45.003872 
49.546710  110.233685  37.377505 
37.876187  125.143969  21.925214 
47.397015  109.559966  -21.827755 
60.319664  71.557062  18.807844 
36.177579  125.705437  -13.662561 
63.483367  134.619748  29.194807 
22.932616  94.008769  21.642467 
10.587815  109.539324  -19.973394 
21.107927  76.302208  -10.490493 
60.722748  105.150583  39.892880 
45.719100  76.882534  -8.697490 
44.439864  99.024926   2.926099 
18.116198  42.786200  -24.978891 
 0.550280  96.088998  38.695364 
16.405956  78.453671   1.468625 
 7.742241  140.959695  11.180687 
-9.732636  130.369547  25.425530 
16.158988  115.251477  20.156634 
31.126085  119.377749  39.671039 
49.386371  69.820007  24.628578 
13.621450  83.872575  44.168803 
 7.601830  103.830379   8.922562 
56.416555  89.287415  22.072669 
30.823201  49.659381  39.549648 
60.511784  126.903281   7.237100 
27.160209  63.911990   9.016827 
22.082624  119.293708  49.033015 
59.647512  38.374905  22.527568 
87.713524  84.920832  -28.243583 
45.392882  53.535199   4.465206 
62.430979  51.073749  -1.620125 
43.589224  72.113071  55.160119 
 3.533135  136.603416  17.294478 
-11.234615  56.550121  17.037589 
-7.930991  132.171402  -16.783447 
65.603296  85.029008  34.211038 
 6.361558  107.358733  17.814745 
20.084965  74.142896  26.949799 
41.630591  112.551540  -7.634736 
60.261843  76.839964   7.423347 
17.121370  60.308567  11.012868 
 8.655220  59.376434  18.874014 
15.071457  101.529440  23.734385 
59.536368  74.297361   1.911087 
44.318135  103.255732   2.127997 
10.844464  57.650016  15.444363 
42.562955  79.954647  19.748049 
48.075793  83.900142  57.929252 
-21.693614  86.751619  -3.087126 
-2.129489  51.735437  26.506050 
64.003152  111.465294  -1.001373 
30.325385  95.523204  22.626029 
23.166240  129.648481  41.478103 
 7.080239  113.983437   3.189430 
-8.767065  92.925255  11.776647 
57.069207  112.523430   5.432824 
51.916021  75.087864   0.988445 
-10.487194  84.302181  -30.787178 
32.936591  77.011148  40.006291 
-16.336880  131.833545  -20.667055 
19.775615  59.467515  -6.967319 
34.844329  89.626935   4.939952 
52.427255  61.359136   5.264732 
-8.968376  75.024969  14.980782 
39.941578  68.651481  44.863136 
 8.376694  71.626353   2.946042 
63.402247  67.175712  34.721734 
70.384371  131.818536  14.611331 
-8.162551  39.869924  28.806789 
64.092707  62.146753  27.836788 
14.574370  86.571105  -8.855190 
25.234612  67.233334  14.854810 
-27.726927  140.665593  -8.667585 
48.295840  121.147689  19.203144 
14.321973  85.127125  -18.576891 
38.653818  79.695964  44.343363 
75.420974  101.738659  -1.766433 
23.144729  61.824604   1.632331 
24.817487  67.083808  35.979533 
29.957930  104.517800  14.361361 
79.612209  120.194329  34.421083 
41.352079  97.872986  24.904650 
-10.119742  72.985449  19.002612 
48.765654  98.554282  11.196157 
 0.306641  121.545790  -8.078497 
 7.511576  83.672580  -2.466242 
-3.857099  134.629515  -3.522551 
29.397598  51.082469  30.385328 
-4.075877  94.591224  -27.712744 
76.510288  105.621399  -9.907677 
20.949055  98.621815   2.179587 
-11.233553  109.944809  21.032579 
-15.739633  55.233419  14.896574 
-10.223926  75.820827  27.254037 
35.288933  75.404233  -5.993001 
22.057196  62.284383  33.019619 
21.173449  112.027450  17.021077 
48.042216  70.996628  -0.037504 
74.364083  71.753748  37.422201 
12.461916  104.705199  21.587754 
70.601434  113.354563  -9.192407 
17.670683  58.656065   6.394711 
31.517886  53.142398   5.011760 
16.311744  109.954643  28.978063 
26.084056  59.935936  -2.987856 
36.918514  101.877378  -29.427714 
70.198390  38.416111  19.517485 
39.447899  111.447719  19.842782 
-4.554040  49.565162  -23.612237 
48.801290  83.433438  16.996335 
36.069670  99.869180  -9.758961 
-12.646486  63.155586  32.325560 
32.810972  96.559434  44.032621 
-9.223441  120.309014  14.870810 
-10.873673  115.618346  -3.500330 
55.134228  98.733981  13.063050 
60.345007  134.713283  -3.975833 
 9.063016  50.371663  13.594133 
-12.772263  62.295203  25.160003 
43.947716  65.055148  21.089813 
45.828036  75.789402  21.236207 
19.101497  98.948707  20.620390 
-8.682388  116.113480  19.376354 
59.112064  76.578736  -15.656267 
26.595194  75.099975  33.671793 
25.850878  130.968155  20.772507 
65.735863  77.005339  25.701483 
 3.460296  52.903364  -14.075759 
42.502947  102.209989  53.848275 
53.398538  55.453602  31.801445 
59.767638  65.068169   7.259754 
48.229409  74.744210   3.491105 
10.659782  89.036012  -1.987681 
58.422011  94.802990  51.925683 
35.062332  151.253201  -3.965187 
74.751461  50.811128  32.399374 
27.612903  136.933945  49.646253 
26.694873  88.467489   7.821122 
22.795496  82.286922  49.163944 
17.727755  109.037256  16.889701 
32.306536  81.004765  50.755317 
45.842160  111.923743  -16.625776 
29.478957  44.863687  -10.972852 
54.968931  101.164354   6.772229 
-19.024647  98.629537  38.258381 
20.395160  105.668892   8.094580 
58.352831  58.287874  30.374091 
43.977075  78.236210  40.021283 
21.741129  121.600056  15.357868 
16.241074  87.996599   9.893869 
29.725222  66.100385  -8.964603 
47.810747  111.993137  54.361461 
-8.721175  47.129851   4.782589 
-14.666815  134.328699  -9.042535 
16.356602  74.560672  31.249182 
67.302817  38.613256  39.350687 
62.331250  105.517798   2.175351 
64.942761  117.179881   9.041279 
15.958441  97.048528  -0.165882 
-10.662644  91.647163  39.090667 
-16.258563  104.016541  -25.756038 
24.999284  50.307206  24.371395 
68.060690  86.335139  23.837280 
 6.898443  47.789318  -1.821255 
-5.981160  44.735205  27.746498 
32.685302  86.739782  14.853484 
59.436389  71.617243  15.485378 
60.518906  92.959269  35.960814 
-8.967185  97.764326   8.964200 
-2.981470  132.266452  29.038323 
37.805151  84.833882  -4.832539 
42.840861  128.155036  28.431276 
47.502621  95.926977  23.272479 
 2.354662  57.093074  15.317783 
45.184822  85.634487  38.334757 
-5.147513  77.857429   7.094498 
 3.794219  93.861051  22.181881 
42.078247  32.097639  -7.848486 
-7.305318  96.956932  39.275361 
-7.631164  131.315423  -24.451914 
26.660445  61.319240  37.354384 
13.053893  51.089240  19.934756 
63.389573  124.877440  -10.502822 
21.074375  121.309416  -9.031581 
21.262745  78.295372  39.571795 
21.997725  111.054018  -2.246074 
 9.871572  114.508036  27.156149 
14.314274  84.424474  23.033891 
31.992780  98.346542  -2.264095 
29.724531  96.669991  -6.024075 
33.275762  107.526384   3.395143 
 5.104662  45.774026  -6.496944 
81.142077  94.290944  -2.625044 
89.682443  112.215441  -22.905518 
57.193484  105.733703   6.644686 
21.255539  111.762198  11.918779 
44.404318  128.872255  31.262226 
34.361321  76.117939  11.180129 
-3.758528  95.328052  -23.151523 
66.240768  106.733456  -3.902288 
 1.455255  62.110866  -11.396867 
11.762845  66.361842   1.194494 
31.652259  59.387534  -1.214341 
28.976664  59.998536  44.775343 
29.875200  115.262644  54.320930 
11.466996  111.356691  13.962548 
10.759507  81.996694  -6.494529 
68.744663  101.156609  19.535268 
64.657253  46.075959  -5.289654 
43.370541  63.517074  -19.598172 
47.250502  118.946078  -11.344155 
47.383002  121.630351  34.330905 
45.198240  92.316858  44.550278 
28.762758  84.941615  45.761293 
23.564874  103.350408  16.596809 
 2.174798  82.412478  -4.676211 
 6.453093  65.425541  38.795482 
49.659467  132.963241  25.757268 
36.468468  73.286539  48.298598 
-0.192463  41.536765  24.386613 
31.929214  96.843156  12.411087 
56.788826  94.606565  42.263380 
-9.767329  84.658222   7.700757 
-3.829931  46.667766   9.295887 
28.604365  132.391801  12.416135 
72.022208  63.551153  17.266933 
 1.531995  35.370967  -26.977169 
44.989663  67.956962  42.807249 
13.211561  61.129053  42.964472 
 6.974422  75.809791  -5.680197 
26.368976  74.319423  -0.079987 
19.004217  72.170555   6.953426 
51.164961  72.314419  -5.868429 
10.771295  111.815698  38.052435 
28.797633  50.314462  13.081687 
89.972587  81.268162   7.745748 
-18.789007  106.577889  29.645123 
36.459100  127.166855   8.797408 
-2.231015  54.159441  20.460971 
55.259603  121.164067  -2.103043 
 2.192574  134.207878  27.796960 
-3.370742  56.258163  -11.647986 
42.973227  56.410346  47.999396 
77.060872  87.080565  31.452287 
41.995231  82.919233   0.014183 
37.053771  115.186920  47.425816 
-26.266145  69.478123   5.858752 
53.638955  130.239100   5.031733 
61.333288  69.314750  -14.449167 
19.157826  89.070535  23.773562 
57.380539  74.005569  47.624146 
33.097703  92.642771  46.898846 
13.875113  86.300677   7.413130 
-4.804823  127.554099  39.689205 
56.559886  136.103287   5.291148 
23.549173  83.598405  26.709086 
54.039833  83.898950   1.028176 
62.481329  112.755187  -14.978119 
48.968865  134.499310  28.677455 
21.529105  51.355900   9.591804 
26.235595  132.121471  -6.938225 
42.791602  123.928610  -9.582140 
73.109634  116.093733  39.354275 
-12.758872  61.694408  10.064672 
52.415339  124.914167   6.234333 
66.524830  62.000947  44.882972 
 7.663931  131.051507  26.015576 
10.984256  41.113913  -0.191809 
67.473492  127.937727  49.623929 
 2.837237  85.508531  -17.802302 
48.714152  42.654387  15.453718 
24.018801  134.058837  37.684997 
15.972643  143.722757  -8.068180 
74.746124  121.097727  -5.560267 
27.781354  104.230652  23.941276 
33.356219  92.969804  32.696193 
-15.995947  89.827570  -6.955423 
 7.264669  103.987435  14.149399 
38.526472  59.512110  31.827236 
24.859967  117.858717  27.599780 
15.541155  101.560512  -9.330596 
21.566612  131.144819  16.498789 
20.751422  44.334843  12.067252 
70.566710  76.119426  -0.438700 
70.624543  128.897633  -17.264340 
46.192410  101.235571   6.553611 
-21.555291  87.556499  29.861363 
34.718678  99.383084   7.642349 
 4.182482  61.705087  28.308432 
25.009790  59.085491  -27.682254 
26.801745  111.080178   9.930951 
-4.140103  51.399907  23.684365 
-14.446175  121.352047  -11.040324 
37.504623  116.233151   3.597382 
62.433183  117.816746  19.827571 
55.334229  91.968741   6.305541 
74.505208  94.345188  33.380247 
23.269469  110.583976  14.222571 
-4.618443  44.829765  19.702841 
-8.774824  108.000121  54.674184 
36.914449  91.574325  24.283678 
48.082253  75.962137  -2.297532 
31.272597  129.052974  -0.880444 
76.323303  132.413530  19.225102 
58.505853  75.683016  50.847878 
-0.241259  71.403252  45.309514 
68.594629  86.618197  33.940380 
-4.536669  79.542304  23.941949 
-2.604682  53.419143   4.384548 
 6.564349  86.964268  43.924728 
37.255333  58.524158  28.320623 
23.697090  105.023427  12.663335 
26.366623  78.699250  45.221727 
46.305238  71.528949  47.923162 
10.826409  95.281755  10.069272 
82.391052  87.115166  44.089632 
83.561032  61.159944  37.815454 
-1.191433  99.904499  49.714892 
35.443942  92.117281  -21.548659 
18.709219  129.996765  31.954226 
82.930236  48.430248  25.148728 
-3.496416  110.093587  15.171867 
-15.899613  119.178844  17.106313 
68.620559  119.787972  -26.095558 
 5.952630  131.855815  -6.433295 
17.460649  115.589959  15.909156 
-4.065711  88.755725   6.215657 
38.270622  129.521146  32.085294 
45.902751  110.606459  -26.203513 
28.045412  118.976615  20.433547 
65.911101  98.410386  46.149188 
82.204242  85.220089  -22.509727 
54.258232  80.777769  44.044122 
11.868873  82.711379  42.705684 
21.316599  76.270267  34.104347 
 9.239088  78.427090  -17.048464 
12.931989  43.692875   8.619449 
-15.627109  118.986319  21.989539 
31.376441  124.583902  49.285833 
-16.929178  44.000483   0.476296 
-27.294307  133.649130  20.804289 
52.671878  124.459166  -9.190942 
18.535545  103.716255  -13.797350 
31.809389  93.682087   5.535057 
47.957351  44.775926  -17.947568 
79.064520  113.654518  21.082103 
18.402651  93.143059  -15.420225 
11.320103  59.025157   1.065145 
 6.525901  89.014959  19.111781 
16.469771  51.593264  -13.419216 
17.221390  65.724563  -20.067853 
46.810736  111.532326  44.311112 
48.266530  129.310023  -23.658193 
32.303042  147.402876  33.564757 
 1.563712  97.264314  31.793247 
42.705434  105.065247  18.311086 
34.607765  146.183954   9.404195 
25.193982  97.689414  29.248611 
18.158227  104.769681  -9.243072 
21.466733  119.547662  -18.908117 
-25.742660  59.645307   6.624297 
-8.364147  120.390917  -21.969200 
67.580076  103.558222  -9.308910 
55.537818  114.014657  33.955972 
54.056263  139.245307  19.548649 
-3.920001  80.635666  31.796660 
12.676326  54.164205  48.580823 
-3.200898  143.234059  -12.213274 
-14.443688  123.786873  49.466315 
41.300803  70.179915   1.880688 
34.565801  56.153689  36.482134 
79.931276  67.417593  49.703962 
54.262932  116.230582  40.423582 
 7.089981  52.298560  -9.570376 
65.556842  90.437846  30.958049 
65.102801  85.677427  25.006193 
-11.456323  109.790714  36.364043 
46.401312  70.484466  40.277721 
14.410414  119.272772  23.106089 
 7.688758  71.964129  53.405461 
57.475570  77.580026  23.506328 
27.517702  100.858294  10.254300 
-0.628946  96.425045  54.589299 
81.972067  59.154589  -15.021139 
29.367500  141.159881  38.474671 
67.635608  144.427336  -5.845382 
-1.635462  139.730115  40.484389 
-0.838554  79.634384  54.524084 
-5.042150  81.910142  -26.075073 
24.045677  117.766415   9.259683 
45.121020  130.468047  -11.093439 
15.833762  109.460683  -6.184343 
37.468162  63.650448  48.390246 
10.235799  93.894574  -12.622844 
19.568756  74.777999  -4.384935 
35.559341  81.935957  18.746465 
56.917564  99.941582  -0.381657 
70.486460  71.083372  19.960570 
60.006187  77.041823  20.395969 
47.384552  95.074299  13.207711 
40.060097  68.934695  30.344251 
13.491432  61.573268  -8.695358 
19.289829  104.236950   4.206118 
 3.474461  119.689127  49.651841 
30.677720  99.209089  32.432194 
 2.465249  117.928594  -19.256334 
 6.288728  75.209340   5.915362 
46.485740  130.290662   2.004889 
44.739783  127.693660  -13.336671 
65.126344  115.057445  -7.107435 
38.079250  42.190780  -22.766449 
21.114029  142.096415  30.800125 
28.229562  117.084580  -2.741602 
 8.199127  68.173994  35.076544 
68.220712  123.482705  38.877025 
57.733887  96.248115  28.470103 
55.936290  96.880417  49.193173 
20.260574  38.509608   7.486199 
 9.369833  64.007158  -25.399015 
-16.476337  43.221869  18.865506 
11.773469  107.998715  -7.357882 
80.206349  81.661805  -7.117840 
-4.286398  92.468933  49.434357 
 3.884644  81.405792   0.975718 
 4.225542  116.583440  19.112750 
52.409714  64.756225  26.918248 
30.391672  126.711510  15.255681 
23.973502  116.010618  14.194443 
23.874804  113.970062  -9.019894 
68.718045  79.757301  -17.218397 
40.682430  120.497138  17.615644 
50.171279  59.830209  11.042434 
10.252301  100.539793  16.768083 
 0.857761  56.998013  28.769507 
31.944282  65.020720  10.369638 
27.553009  92.551671   1.897962 
 6.500725  63.310724  34.022586 
 2.520209  100.780522  -22.779805 
 0.527764  83.587303   0.614530 
24.325257  111.260740  26.689829 
76.014397  140.415839  29.232214 
41.417972  71.515263  17.512628 
-13.294164  69.016267  20.422929 
64.612385  129.597218  -13.435795 
44.091530  77.276715  16.386150 
24.442546  97.089777  -16.201578 
21.816083  122.010109  -13.258173 
45.412132  101.737263  20.400781 
-18.703286  88.641650  25.295077 
-11.003316  69.043033  44.046059 
 6.154316  136.494220  -20.011533 
-25.266088  100.089661  -9.250980 
-1.457589  67.811148   9.934961 
57.590611  132.733939   1.834202 
20.008006  96.030559  -1.798325 
71.727906  93.259433  29.657008 
-20.854240  105.825410   2.503171 
-2.955600  72.204635   3.210165 
59.062046  72.148861  33.496974 
20.162958  112.823560  10.805958 
27.972486  74.093952  23.508078 
77.881292  52.598694  23.707473 
22.285261  77.692893  -5.645364 
72.888953  109.151791  38.169913 
-27.529835  102.404245  32.258449 
47.835167  97.383409  -3.548741 
-12.703013  119.319158  26.307449 
 5.733128  121.181772  12.576350 
52.190962  66.484289  36.972048 
 4.993840  30.679822  -8.047033 
77.766685  95.957976  37.196968 
26.773282  46.115566  36.276214 
13.353374  113.166408  19.513524 
16.511199  136.697358  40.533874 
39.872363  127.065602  -0.930277 
 3.271012  111.279513  -6.397241 
-1.239030  100.797886  42.128990 
70.061515  37.664052  27.369129 
49.669801  61.932543  39.007390 
19.834096  119.879448  10.718050 
56.155803  58.331668  13.512556 
-22.067603  77.064243  19.468257 
-16.499520  51.131061  21.716082 
28.853622  136.705021  -29.863241 
-11.444400  115.117309  -14.037420 
18.561998  103.063998  18.267344 
39.122112  106.825811  -17.182723 
76.192589  109.866519  -19.069681 
62.535051  84.570805  51.706461 
-7.692385  43.425120  -7.754421 
 6.743083  99.239225  13.997130 
19.350141  85.272850  29.364815 
67.216960  107.836158  22.178483 
48.677161  118.437203   2.888844 
-14.055243  118.923437  38.738330 
43.342509  88.400774   6.150178 
59.961498  121.260982  21.509301 
36.642646  102.993527  50.135270 
23.640407  100.079300  -27.227650 
46.611275  105.823519  31.651585 
12.658342  108.999679  32.768146 
 3.648432  98.691601  -1.813255 
21.994942  115.612040  -0.872915 
71.688709  65.804028  44.622840 
23.216566  111.832203  55.682375 
 1.087169  79.422292  -11.755006 
-12.272541  58.224905  12.518131 
25.754685  94.198103  34.937149 
-19.477965  115.685158  -0.672587 
-13.559962  127.498800   6.031887 
-13.352103  69.951537   9.638021 
31.980561  47.485370  48.250167 
71.958440  65.108646  40.851732 
49.830634  72.695848  40.105311 
36.744820  107.160902   9.822142 
51.552000  98.696786   3.805962 
11.800071  32.217213  33.023006 
-12.519503  95.311672  15.888200 
12.248149  115.055478  10.305034 
25.528504  93.498659  19.749075 
39.428010  144.239692  49.488767 
 8.528304  93.457184  43.439355 
44.958199  139.038859  -12.700827 
57.487005  38.544177   6.468473 
44.675586  116.134587  50.156387 
 8.505183  72.014078  -4.988145 
 0.300527  98.600370  23.184160 
62.746745  113.140860  10.167419 
54.325867  63.484887  41.411475 
34.581903  114.662131  51.602337 
32.192806  42.800973  23.311355 
22.238487  90.691073  -0.283533 
-7.169921  31.742543  11.700234 
29.475816  144.036422  21.433858 
-8.248329  124.172353  34.311705 
74.423063  115.330473  12.729479 
 5.571642  109.950334   9.068442 
69.602336  48.957598  17.003242 
-10.135422  124.575205  28.635230 
 2.989439  84.591568  23.467252 
28.490462  103.928473  12.787251 
32.284538  137.300895   2.827355 
62.636432  107.369406  44.034438 
62.791443  122.873745  12.773062 
57.417429  119.765654  25.753009 
28.624882  129.915130   2.487455 
46.194022  112.734867  22.207092 
59.235792  72.215957  -2.031983 
41.340530  93.999318  41.156347 
39.772730  94.242854  45.709225 
62.264128  61.219812  50.481348 
64.622749  83.188527  -14.605792 
 9.007745  98.842808  40.223398 
10.268112  127.674084  -22.757352 
-5.125395  72.566000   6.465680 
53.181805  104.779517  29.593624 
91.363544  111.365437  -3.358215 
-10.614894  73.801294  10.182600 
15.859809  124.508515  29.750867 
44.947417  135.104235  15.692402 
20.993660  97.214767  46.159909 
41.020606  43.990354  23.354643 
-10.073310  46.224585  -12.285484 
40.366593  88.271251  49.733939 
79.919242  115.193687  16.385343 
56.032395  108.152503  54.780884 
72.197731  122.634073  28.638591 
49.015026  60.965795  29.544292 
65.846637  104.775484   9.818803 
 5.476919  117.448757  13.685792 
44.912220  104.781276  -18.154925 
-12.936619  123.009083  -4.434700 
39.294815  122.788265  13.464031 
-0.525236  91.879107  20.454488 
38.217362  94.164617  20.999116 
-20.196776  52.114862  29.325260 
19.241484  35.518364   2.995384 
 8.646286  57.205577  -13.198805 
44.702620  84.198165  53.621643 
42.543536  116.165532   3.623297 
-5.637338  76.410978  19.363096 
42.645541  105.131209  26.124871 
56.059576  108.728886   1.710022 
 3.049463  103.877442  24.985432 
83.292820  44.257250  -24.417585 
-0.377524  44.457864  -0.607067 
-6.224528  93.693897  30.369378 
23.918164  101.952195  -1.580255 
16.786454  95.742193  -9.914250 
16.261294  120.300988  42.264810 
31.229180  92.604711  14.276329 
74.018849  66.343186  12.332230 
46.385697  59.469300   4.597748 
-12.726947  75.735493   1.520219 
 5.528473  102.273486  37.786461 
37.969903  140.381640  15.179743 
20.637485  108.006407  33.831250 
 1.962336  115.507737  -10.315246 
18.806684  125.597141  -21.453356 
25.469967  91.308089  32.494053 
 7.156601  136.515684  49.626663 
 8.510784  95.370140  28.948451 
74.192372  79.891920  37.537831 
24.299953  125.418145  33.257491 
-0.361444  75.668506  40.182675 
35.501663  91.677523  -15.395944 
64.600059  134.957505  10.956839 
-20.389387  65.795377  -4.509787 
-17.708101  92.086985  44.161441 
15.633620  99.901068  -12.886346 
54.259903  55.983939  37.785825 
61.960741  130.659650  24.402377 
22.071040  134.632942  18.913586 
-7.814233  97.875255  -13.980630 
11.795739  74.532412  -0.727632 
71.607171  110.274684  28.881801 
59.372177  119.594514  45.841705 
-12.516671  98.980842  29.322347 
-2.290409  134.543815  35.950296 
46.532505  46.486067  -25.380734 
61.080645  79.478531  -16.853718 
65.463046  128.736827  15.194449 
14.339766  45.152576  -20.158234 
58.116530  139.694026  13.618099 
15.504244  138.752027  49.570831 
 6.010727  80.941672  -3.488464 
65.586198  70.799140  22.436343 
38.297801  81.333970  30.155887 
62.376147  53.419696   5.736949 
 7.569799  40.635216  15.266734 
58.309103  93.922346  45.229394 
22.560014  101.777574  49.804130 
17.198829  136.165393  13.263373 
15.403898  80.244158  -7.632714 
37.374384  100.068037  -18.764393 
30.913901  140.757043  25.982657 
88.285083  93.666800  19.753702 
-1.719380  90.645773  -5.880952 
29.801423  131.510522   5.052412 
13.820082  144.407550  23.264423 
 3.531311  117.986112  29.071631 
24.832919  97.125407  -14.254989 
-19.058877  119.916616  44.178071 
95.000103  105.585106  10.535662 
75.615799  126.322932  16.113311 
 8.629932  96.955794  -14.564166 
18.279690  73.882259  -15.931018 
-25.436966  109.710347  -7.323527 
87.930916  104.161290  23.105431 
-22.726924  116.054242  25.768111 
60.231323  97.557611  12.290238 
35.268431  134.218263  -4.705873 
19.240723  91.928130  49.532670 
13.120264  118.574629  12.480522 
14.453078  86.142903  33.803153 
 9.087050  68.971456  48.583640 
-10.350351  106.867387  -17.515915 
15.848067  119.693645  -15.995896 
65.057894  98.746857  11.164488 
 7.799058  97.426534  31.633641 
46.102100  68.381076  -0.004257 
 5.278307  64.945868  25.451041 
-12.150065  60.445443  35.537213 
40.271975  122.390019  -19.190799 
19.095531  116.148755   7.877327 
30.122913  70.722881  27.981928 
-19.540856  78.011268  -18.336514 
63.904223  53.938262   9.397332 
26.282644  118.492736  45.406095 
68.133850  103.122089  14.739807 
39.641793  102.648793  -6.155500 
57.039128  105.762873  -19.856585 
40.723758  73.659892  24.617774 
35.801127  80.935012  21.361571 
40.549813  112.418626  39.648302 
27.301327  80.999060  -5.063034 
55.683460  114.692126  28.655594 
 8.231593  76.342434  14.396832 
 7.351060  113.837607  33.545053 
-26.647674  70.063300  -15.632187 
22.445035  56.043224  20.956732 
24.114559  99.495112   1.532182 
 2.552079  127.773765  -3.019597 
-27.550072  102.378744  -19.448007 
26.615955  118.155405  -22.530981 
-3.138288  135.895728   7.708093 
63.174329  135.857228  44.296545 
23.792706  63.800275  59.730496 
62.668884  101.886523  -6.426339 
67.120386  63.174595  19.870723 
19.632667  31.930903  -7.976472 
25.232027  70.141105  24.192035 
50.780168  93.361032   1.540738 
71.458904  60.958112  48.109710 
-8.314323  138.999871  37.790257 
 8.347598  63.984025  -4.290501 
42.140839  61.411245  25.808801 
39.878535  122.188890  -27.028679 
33.442715  112.153189  49.364936 
29.002179  120.279580  18.065433 
-12.981865  76.081818  -10.020279 
 0.752053  120.408020  -14.229525 
44.184489  47.288071  49.350304 
-3.493127  55.875313  -16.293272 
48.680303  109.222636   3.083712 
79.662890  120.239303  10.671292 
 4.623879  86.647909  -24.847287 
53.354650  100.328105  47.075715 
23.750254  128.016313  11.952315 
 9.813949  106.827687  23.556058 
15.839368  37.486913  12.499200 
 2.498767  103.483428  19.581129 
70.266731  132.790625  -1.593176 
-5.167337  51.719069  49.640094 
16.262362  111.915304  -3.449013 
43.192850  45.942884  -5.248123 
57.460654  85.663725   1.234746 
41.257442  83.759757  17.279278 
-7.111048  86.970963  36.157111 
 6.980079  59.087466  10.498591 
41.945388  116.731599  16.781856 
 7.469704  79.481347   9.092538 
34.640498  106.743446  13.593942 
29.466893  125.716416  18.308168 
65.076979  122.134411   6.388833 
20.271903  56.330668  -12.948029 
58.629918  103.547208   0.184133 
78.887973  107.571476  36.857231 
 3.867908  118.057725  38.694934 
10.437562  55.929534  25.812957 
-7.436076  85.613876  -10.039367 
 4.031386  126.965591  46.253050 
16.705176  57.250053  -20.669035 
38.989805  142.288246  -0.486490 
57.576150  126.831653  -2.976028 
-5.815561  61.341263  36.561118 
47.238015  146.828487  -3.320394 
56.579385  82.416874  -11.018224 
71.140680  122.207675  17.450634 
12.370363  109.578844  48.713595 
16.928498  78.698434  41.403752 
31.119254  110.571927   0.926616 
 5.515788  42.835153   7.407505 
-3.171284  152.134632   3.002168 
-9.989517  75.672233  -20.035950 
30.377838  103.175657   1.062617 
15.909872  60.420795  34.407712 
58.798072  115.391943  -10.637357 
-14.434417  103.470769  22.239079 
-12.844049  43.690734  44.483981 
10.756258  59.243703  35.713402 
21.772632  48.049241  -2.003477 
44.382299  53.372143  13.937081 
11.898933  108.730608  42.673667 
29.671945  112.866709  42.548794 
-16.384069  48.052387   5.153171 
10.036131  89.025330  31.996751 
-17.449623  87.935258  16.793629 
33.028287  114.320370  30.684962 
44.880199  111.153277  17.690772 
17.588130  43.889569  -11.287914 
 5.859471  142.519719  -10.199929 
40.986155  151.750430  17.026723 
17.061342  74.188995  -9.316152 
24.887142  49.552736  48.925257 
 2.781668  84.132312  -25.479599 
61.946729  76.362907  39.559570 
73.247542  61.249734  10.060993 
56.212527  65.902130  -5.641668 
56.189168  88.848438  33.277858 
87.698699  100.827688  -19.734577 
24.909445  90.922600  45.878857 
83.356463  122.087104  18.830961 
 5.452614  104.759447  21.788335 
 6.797765  102.742804  35.971735 
13.359511  77.629157  21.840914 
11.540888  138.033581  22.981897 
31.458068  79.757692  -26.258935 
53.800475  103.812249  40.559523 
57.527997  109.920197  -12.244142 
52.445320  89.219703  -1.359939 
16.662175  66.710878  36.127448 
44.028844  83.307936  33.462280 
70.768914  96.562736  -4.387821 
21.853029  68.060130  -5.321865 
 8.426448  72.942812  37.233627 
-11.573747  124.677019  39.086837 
52.819414  75.735599  36.871628 
 7.415235  60.448350  -7.252088 
44.167413  123.918162  54.441983 
39.564498  98.977063  13.252516 
30.004445  96.744369  17.271587 
11.421857  107.247528  -11.271257 
18.307106  62.560102  -4.372413 
 1.804783  84.478699  11.161610 
75.456656  88.668263   7.168257 
15.255177  64.556132  39.797303 
57.939734  58.780395  22.328032 
32.561238  128.282594  19.261254 
43.407525  93.553477  21.624306 
55.628416  116.102413  49.915192 
67.590534  122.632561  33.402079 
65.251012  109.969123  -20.858144 
 1.848621  80.327559  42.751892 
27.564203  65.369871  53.867910 
42.129673  38.478371  -3.111726 
16.730539  102.380789  43.953867 
44.461923  96.719732  49.013564 
85.570492  59.146542  -2.335795 
29.437856  73.906682  15.846782 
-18.286005  78.594164  38.471270 
54.644281  130.940474  13.778037 
-11.898064  46.686435  -17.167614 
37.132606  123.766349  38.096567 
48.671589  60.025418  44.323330 
78.030168  96.205956  19.709690 
43.631524  113.056298  14.087513 
51.022808  119.043717  -23.458290 
55.805984  93.290007  -1.509474 
22.018696  72.988116  -28.382695 
34.392274  116.919432   9.534436 
-9.125856  109.298163  16.724700 
12.434692  88.966597  21.555139 
32.629220  112.988888  45.382036 
27.107109  94.043986   4.354846 
73.138232  85.166884  -14.700863 
-13.187044  131.904572  -4.244631 
31.099226  103.301533  -17.648239 
50.328440  78.035944  49.106779 
36.233268  112.869113  29.863741 
18.431191  70.953696  40.837634 
-6.817637  121.931700   7.456787 
60.700488  82.117081  31.207725 
65.609968  71.402244  -8.427505 
18.897054  65.578573  24.991545 
52.318831  94.333506  32.877585 
62.575889  97.198777  19.864269 
44.169496  75.680936   9.491234 
 7.690973  112.685100   7.409191 
-4.078462  79.274320  -1.686042 
84.714094  103.873326  44.391577 
48.403916  132.383202  11.341360 
 6.347724  99.060862  25.839150 
36.640739  98.470432  40.179852 
63.221773  124.731042  -6.878871 
 8.252186  85.573560  -21.162509 
 9.960910  55.375031  -3.329937 
 8.911787  129.935459  19.505829 
25.635389  135.478100  41.272102 
78.613025  84.112475  49.586441 
28.564045  85.778414  48.871730 
51.064000  100.968242  18.035542 
 7.044688  140.941134  44.171786 
34.113877  48.292272  -17.236853 
39.552404  116.102386  54.695868 
59.165313  45.044928  44.166538 
66.674812  64.289350   2.591451 
43.301356  75.751425  -16.597335 
75.846634  103.081257  -17.004609 
79.582250  49.230939  -18.352360 
-9.008835  88.596719   3.920328 
53.995618  128.815007  -11.231803 
29.179693  133.905451   9.303549 
19.564897  89.049958  13.268055 
36.084073  83.040976  46.732463 
61.474108  115.803943  14.031238 
83.869648  119.588008  24.036856 
14.708524  78.773323  36.714985 
61.218826  84.638603  41.888500 
20.009556  122.917423   0.671678 
52.014509  62.857026  -10.313482 
 5.174167  38.764961  -4.540147 
42.128387  57.782428  -12.929056 
56.288370  93.159025  -9.747086 
-3.068559  62.427510  35.540355 
47.422290  122.790538  42.129546 
-7.816745  103.121711  19.993887 
13.096859  59.533033  -11.584802 
79.511648  118.804499   3.202508 
85.769161  52.840396  -8.091003 
71.524917  44.327646  44.394699 
22.490061  103.173302  -5.223608 
53.958700  57.014086  25.932592 
27.527751  45.699029  11.339261 
20.062316  112.240586  -12.664134 
 1.620151  87.056207   4.183529 
-13.960562  96.192569   7.030564 
64.193273  116.476704  49.420677 
17.192619  101.519107  14.001488 
40.810317  89.099846  10.120259 
-1.086246  97.568885  -19.135328 
59.087252  81.375293  33.318878 
47.606879  117.761002  35.713935 
48.636617  113.189241  -8.345398 
53.146077  82.017956  -17.094251 
52.276928  63.757343  -5.430746 
53.112454  69.432461  -10.990344 
15.199216  129.736200  -4.727739 
-19.013935  113.419718  -17.165410 
31.335356  68.573626  49.789529 
34.625132  132.047926  37.496664 
29.190032  138.872068  13.195640 
 9.177056  121.439515  -22.414244 
18.512808  68.453195  19.667972 
69.456461  80.083820  22.061099 
 1.424174  75.939864   6.627826 
-8.564762  91.655356  44.857941 
 2.355019  123.913563   5.430572 
59.059124  127.139486  37.551191 
59.217562  104.241898  36.165323 
 9.219877  85.763439  21.153251 
16.028883  70.116672  -5.873917 
57.107431  62.753540  32.698228 
-10.123159  79.220761   9.747946 
18.897721  114.736335  32.143487 
 4.642910  59.969872  13.909227 
-11.583244  63.379862  -11.119264 
-3.058595  115.125657  11.503461 
52.208386  62.593858  34.890287 
 7.397380  108.356671  44.822964 
42.369710  68.293850  -15.371849 
23.080986  67.582839  -18.338016 
19.925538  124.879517  29.782114 
77.106045  95.110316  40.752087 
11.549225  131.567569   7.059620 
50.447511  96.499766  25.996628 
16.252212  127.119541  -17.941034 
-11.465567  52.488737  32.655522 
51.444943  95.795902  -1.672230 
52.703618  51.031210  13.305925 
45.831542  100.956071  -8.156321 
68.093654  128.553487  28.700231 
12.805541  125.393677  21.319568 
38.288217  70.185660  -9.917371 
-7.248486  63.280833  18.818109 
 3.498195  91.984607  -15.541073 
15.175444  50.277513  14.292432 
16.397018  37.206551  -3.344492 
54.940758  127.827309  29.370254 
87.135685  120.243575   7.177884 
45.878489  95.737218  29.226017 
41.391997  70.360513  -2.366337 
23.647192  124.430981  45.234705 
40.323720  90.983301   2.052020 
77.417741  47.426313   9.390446 
-2.394677  123.321311  -25.583853 
48.217103  35.711066  44.082216 
-0.160730  106.569945   9.389926 
55.021648  92.200989  -15.742226 
16.416325  90.517961  -2.204367 
40.885638  94.844740  30.997527 
63.234262  56.891026  36.947320 
23.435412  112.842143  35.258076 
12.198779  127.546065  -0.342948 
21.637378  111.126324  -4.809735 
45.180027  44.197544  26.518555 
-18.669506  59.519537  34.236780 
44.501054  101.356493  23.817218 
29.371858  107.381123  17.006147 
28.611587  97.423247   9.213417 
 4.698453  76.826077  39.946387 
65.692808  138.584878  -27.843990 
72.281438  51.219378  26.774422 
10.281487  143.043851  16.221506 
24.252663  55.894125  26.108808 
70.861573  79.004626  42.933152 
17.608431  71.108778   9.974345 
71.337796  48.915604  35.164223 
36.090257  81.658891  23.962343 
12.522863  45.892224  37.116928 
15.052257  120.625779  32.967904 
-10.312480  111.471170  12.026073 
56.879252  70.514291  24.553329 
11.691933  74.667860  -14.489385 
67.025839  80.696643  35.210437 
25.253221  48.909214  -28.228448 
38.026704  76.007180  32.647947 
57.872394  95.654388   4.319416 
 7.790522  120.184597  -26.302208 
63.636056  90.076018  -5.817784 
29.729603  59.199319  10.399736 
 0.869406  78.971541  22.446440 
 3.241934  129.529645  49.294741 
 0.404878  37.337156  15.563290 
33.863527  57.183101  42.557905 
34.323680  73.784588  -0.563471 
61.477261  73.763057  16.077430 
11.311670  63.300346   4.299154 
29.677164  58.621626  -21.577622 
-5.834788  107.304387  -2.739972 
-21.528934  83.873742  49.674942 
35.519396  99.752787  23.145216 
-12.977719  70.877018  23.361458 
68.703270  79.987982  -6.383588 
-11.075451  125.268572  17.551515 
-15.216013  111.127795  23.645401 
59.848819  121.851511  37.821334 
30.130217  92.597096  -12.140316 
-3.374379  68.781240  28.963105 
-17.239314  92.264660  39.679726 
13.183671  90.295059  -11.525986 
-15.791469  105.118064  -11.728680 
-0.427972  114.685405  -24.218802 
60.738109  83.391862  22.856175 
33.112157  27.051225   8.759861 
14.557715  86.171385   6.014863 
 6.548122  99.798101  54.077969 
 2.181835  53.395778   7.653924 
44.230696  140.556703  18.740225 
69.329709  107.729808  44.917532 
 2.730972  85.490351  -29.084207 
44.217846  101.773256  -14.312981 
37.842195  135.274181  38.546514 
-8.469207  39.898310  15.188629 
-11.842593  71.302607   4.761553 
54.246186  88.942836  46.173908 
77.054626  61.291938  -4.363206 
51.351519  74.860471  -4.604343 
47.279048  58.861594  20.912742 
34.392705  49.837051  23.229658 
51.597916  67.907785  -16.771526 
30.577411  147.320303  15.815790 
16.143449  41.008462  -16.381254 
 9.835491  96.338364   4.642449 
14.375651  137.838844   1.016590 
 8.565243  65.381441  41.408371 
-10.021380  54.129561  -2.288536 
43.412225  38.799260   7.433714 
59.265886  97.412827  36.529154 
26.727250  125.984440   2.915465 
34.281426  117.081999  13.156126 
-18.653252  121.364397  -14.660822 
42.532040  70.513753  -6.322416 
26.114389  88.963767  14.841797 
-10.242014  71.530680  -32.572333 
39.942224  76.511471  39.333256 
-16.529289  94.249734  14.161107 
67.516626  119.133733   4.605776 
23.130525  131.743422  48.889019 
59.816507  96.303486  17.795130 
11.548726  118.931357  -14.125297 
 9.480342  65.594205  21.632562 
39.701183  107.245253  -11.144638 
-20.499198  114.662924  33.942094 
-1.797797  94.654250  13.131382 
63.295405  128.551919  -1.026904 
33.477657  46.601474  17.063938 
56.242042  40.259961  -13.471261 
48.126227  104.509606  15.522841 
59.933921  44.281143  34.651439 
45.020651  88.207029  -5.612663 
49.734720  37.501306  19.593445 
43.256090  63.248744  33.382166 
55.985154  42.519919  18.403946 
29.083452  103.096759   4.235163 
25.566873  50.779968  33.673945 
-19.073752  99.810705  44.203696 
82.994034  68.155635  11.893540 
-8.166283  147.109709  32.345213 
45.843707  71.490330  34.149265 
41.111807  126.665389  40.434391 
53.717780  111.622943  -22.895396 
 0.323344  61.922223   2.710344 
54.335089  139.894263  28.213179 
18.017158  78.744088   6.110703 
43.771583  98.054426  17.132700 
51.112949  78.708652   7.262980 
-3.182998  49.193668  17.296459 
-3.642362  142.552005  -0.519881 
26.557236  117.428368  -5.540870 
70.356731  105.532528  -9.110519 
50.488207  96.803844  -16.579647 
 7.281655  72.267819  -18.939205 
17.825733  122.968399  26.084333 
 9.759701  118.756365   8.447635 
27.867320  72.870106  -2.605860 
68.049681  60.573230   6.629816 
13.515395  98.901659  -18.291271 
 5.547146  73.770169  -1.268921 
87.323356  70.222490  -2.043758 
54.628648  87.329231  -21.241972 
-16.224849  124.044298  -7.290049 
71.574374  115.204729  26.966478 
16.628697  111.356607  -13.195857 
10.820646  109.546104  11.322302 
-0.512109  151.742270  20.774352 
15.407562  140.378525  44.160706 
39.142487  112.323845  -3.527755 
11.488215  114.493264  -10.160240 
73.556991  112.415605  21.831709 
 8.647450  88.156098  15.993724 
25.689818  123.296802  15.799576 
 1.000674  90.744898  -9.551811 
46.294450  71.871710  12.605219 
19.730663  74.867400  -0.456107 
38.711037  57.202656  -4.134571 
-15.595427  85.636275  43.555068 
39.880060  120.642308  45.622667 
59.653282  89.927142   1.522165 
69.621041  60.059614  12.114585 
72.429912  69.929121  -21.843975 
-4.021514  62.466286   0.191094 
-5.256091  96.944778  -2.576528 
30.177693  121.142699  27.312807 
21.889293  54.984304  15.201907 
65.036257  97.516132  21.983412 
59.322790  102.598212   9.492919 
14.624818  74.857787  -22.501321 
47.719043  105.661659  38.327685 
 9.513805  94.414765  19.907679 
 5.937869  143.712875  -15.089459 
29.861084  86.566409   6.280642 
67.125053  95.171391  25.414286 
61.639909  104.764523  14.629007 
61.209450  59.347913  41.218777 
11.546587  94.434607  -18.765376 
19.575250  82.533560  12.256702 
32.153580  123.128001  -2.746523 
52.589959  89.413551  -18.764950 
 7.005722  88.119860  24.730943 
-4.974239  74.719092  -7.267543 
51.755991  125.953250  23.756938 
59.921555  128.435852  44.857248 
52.755024  134.858128  -1.774680 
53.550448  92.792859  27.040995 
 3.093203  125.803925  36.802650 
22.566722  48.444252  44.945274 
-12.597138  68.372846  12.782129 
24.003184  104.073827  -5.441506 
-4.268183  100.141970  18.256718 
 6.962294  53.309279  24.115580 
35.351418  51.139796  54.527508 
-22.677691  101.072243  22.251815 
19.133157  102.430138  41.207949 
102.620966  83.048567   6.886457 
47.602216  131.603072   7.122892 
48.670851  106.176382  34.596123 
42.856657  118.115510   6.370013 
43.727956  56.656298  17.645330 
53.672667  84.505176  28.152717 
12.991410  108.771589  39.070604 
 8.524930  131.166869  10.009744 
42.949857  97.906961  -1.040178 
-8.045658  128.185489  31.159131 
38.360062  87.060319  14.021803 
83.338990  132.150573   9.105650 
83.969451  122.764324  -6.974659 
29.259683  127.292473  28.893589 
-3.964378  84.565686  20.640300 
35.945778  104.704835  24.925523 
15.476959  101.180229  27.406032 
33.850338  71.244274  20.903744 
-8.151634  137.382948  28.740193 
37.611523  145.264130  22.437788 
65.850535  73.751677  53.515355 
26.682505  123.104547  -14.063800 
-0.949199  58.888512  18.209588 
53.699429  102.641809  22.566605 
35.656171  79.681142  55.199973 
70.423679  48.770305  -15.897876 
47.090132  57.424320  12.607181 
14.300790  79.481123  34.581396 
30.338906  117.872242   2.696208 
38.264904  83.628540  11.742866 
41.263933  106.870928  20.626880 
-11.819473  47.887035  17.430995 
17.138656  96.027771  18.129694 
-2.009403  109.662514  27.883884 
52.940484  137.835165  -11.369383 
 9.247615  146.646001   1.521504 
55.376990  70.757089   4.906528 
33.026179  48.514565   6.878396 
36.268514  90.332934  17.552434 
67.286240  100.017649  30.444640 
 9.229167  51.232205  31.266215 
-19.945916  52.516372  17.177502 
75.506151  75.943111  -4.264184 
39.542190  72.857466  -12.244908 
70.147888  87.922307  26.686361 
56.306282  100.152357  22.102528 
45.643229  46.155442   4.340336 
21.538840  73.385180  17.114321 
54.468478  81.040201  -0.310005 
19.703075  61.150417  18.803613 
53.778731  112.419749  -28.823734 
-2.207246  66.512342  -18.083627 
42.350981  119.000183  -2.796467 
 5.581772  82.068761  33.291591 
85.476084  81.761224  -3.016336 
74.965192  115.534753  24.640056 
16.527504  122.616168   4.528360 
15.638927  134.372312   9.274773 
54.905359  72.971495  54.401005 
32.702719  93.515395  28.013474 
-5.298303  67.811735  54.660095 
39.593416  69.607725  14.819281 
-21.227334  67.840126  27.878003 
66.165030  77.219619  33.525019 
60.616611  77.331945   8.536816 
 5.940869  92.712860  11.251403 
-5.468070  134.000332  13.741010 
15.297673  113.424425  -18.894926 
-9.110141  75.598066  32.264977 
53.631794  79.292109  -8.305167 
65.360451  113.217716  32.823322 
38.415773  101.757815   2.064763 
 9.703724  142.416703   6.769237 
-17.595543  86.917825  -15.402999 
 4.108013  52.667036  40.921093 
43.616120  97.407531   6.605761 
12.343706  120.934147  -9.836840 
28.437134  136.521532  30.507091 
22.070247  70.224305  46.624053 
14.542041  75.644088  15.652496 
-10.837497  65.403002  27.845892 
73.081543  71.695116  47.141833 
22.046409  31.913595  -20.322618 
 0.563939  130.425373  -20.155410 
14.036462  72.819385  -10.406397 
65.194610  67.460465  33.256594 
69.112018  68.881804  49.072392 
72.957455  98.821006   2.057405 
16.850887  60.032748  21.377439 
59.736112  84.193015  60.005060 
10.113721  95.703358   1.065091 
77.943450  126.628781   3.947085 
-27.010769  109.091934  37.773489 
63.875594  118.318824   0.063047 
25.366864  59.015002  24.066975 
42.663082  108.721681   0.243349 
57.664381  56.206418  12.131268 
-15.871212  93.103954  34.619787 
65.616174  127.407593  -22.263031 
31.390654  57.304059  50.117954 
-5.355452  87.947616   9.873432 
66.091866  76.750421  20.725581 
54.421472  130.797554   0.334457 
81.807453  100.980442  -30.344630 
68.096563  92.160769  -13.114716 
32.313087  84.761659  32.679807 
78.973237  55.045615   6.884177 
52.256696  88.843672  -9.957064 
45.400911  108.420879  24.215949 
73.889521  62.789336  -26.090621 
15.157020  98.332371  -21.373740 
 7.800270  119.256409  23.851549 
72.302838  106.701459   0.202915 
36.255269  101.626693  16.723750 
48.880852  83.984068  22.990155 
-24.151712  52.741182  -2.410783 
69.334997  62.967252  -7.321205 
15.180845  72.684598  54.565288 
-13.224643  106.472433  26.357932 
19.103107  67.275831  54.941960 
32.357952  118.501783  39.065965 
82.755470  98.796304   2.597427 
22.786704  109.275365  43.659594 
 4.150059  97.645755  44.323522 
60.928127  105.239572  -30.985760 
35.943204  77.311839  19.326149 
70.308921  101.976943  -4.430005 
51.912216  115.755074   4.869672 
33.475237  124.276114  34.499277 
31.663732  61.985284   6.532168 
48.983062  45.784911  34.060610 
22.853520  138.061135  -11.109530 
20.641256  83.878640  24.774615 
40.650909  106.881218  34.637381 
-12.930620  55.161810  44.472773 
31.200005  124.024728  43.354806 
-21.385950  89.850924  -10.600668 
19.308472  72.895240  38.334007 
29.640398  107.889563  -8.209122 
20.027421  122.149734  12.063041 
14.685163  89.684714  15.089029 
59.442935  123.944802  54.458658 
59.565335  113.561569  -2.424123 
18.394182  73.483797  22.634759 
16.899998  71.030699   4.392234 
41.018130  62.607781  23.233652 
-1.333896  34.414404   5.369240 
10.953567  117.977181  -3.685302 
 9.760311  85.660493  12.475354 
23.364150  59.425345  11.106996 
19.653487  131.972377  22.680148 
13.638662  62.983415  30.142024 
60.853832  62.779627   1.879161 
13.779860  71.702642  41.998924 
31.670933  31.661123  32.221776 
40.850599  132.090575  -2.510778 
 6.999691  138.257822  -1.197936 
31.702361  108.697562  -20.873524 
 4.090397  26.389017  14.693900 
37.160303  76.309062  51.710539 
35.488613  75.051578  29.797166 
58.529033  95.688759  -30.677077 
 8.680495  102.787128  26.465755 
-0.487013  64.134556  40.368817 
-1.060856  87.551143  -9.905917 
24.261228  102.614489  20.811104 
53.695492  53.582874  19.802896 
48.110656  58.962663  25.010046 
60.235374  62.740595  15.990327 
12.537711  126.041029  -7.591068 
45.769660  122.189009  17.038010 
56.902952  65.126913  25.495901 
20.035416  66.404889  29.472920 
55.948101  100.997672  42.277723 
46.369446  92.143205  47.431093 
38.594937  120.220374  -0.637622 
-2.026586  125.493855  22.899551 
69.395724  59.110239   0.654198 
-8.101895  67.501597   7.461699 
43.282300  44.321021  43.597230 
20.038567  131.751111  -14.331648 
23.851453  53.862825  10.525689 
12.844975  80.943978  -0.259615 
38.868262  53.077796  39.414436 
82.576704  47.155588  -3.122325 
-23.128640  78.518443  -24.430376 
73.757704  45.891426  13.887353 
25.565044  117.675368  24.292162 
19.068370  101.565185  -18.466508 
26.723957  67.123317  -9.373352 
-8.282560  114.115740  -17.279278 
15.909844  52.543028  -7.037053 
51.171165  71.490689  43.763218 
12.373976  115.725832  35.711113 
47.482521  51.550943  54.508808 
66.556456  89.597072  37.916581 
44.483724  140.150591  33.097946 
43.013240  52.299684  33.686109 
-25.225426  146.849985   1.619081 
61.954792  91.635313  27.407538 
41.794856  30.796191  11.093383 
 0.157168  124.993625  27.645434 
46.742165  115.110029  -17.620051 
-20.603692  113.001698  10.512371 
43.028529  84.143181  -15.976679 
58.757073  110.246333  37.848207 
-13.964325  137.679875  -13.337378 
-1.471172  120.438543  27.250201 
63.952876  102.655464  41.700109 
34.668017  61.267474  53.933000 
51.342867  98.981877  -11.489503 
-7.636336  141.828471  -6.564409 
33.388164  113.888584  -21.859281 
59.412329  111.559542  32.960115 
63.633740  106.037904  34.684303 
14.772140  48.177736  33.816422 
14.912066  59.369138  49.630844 
77.530201  68.789343  15.935683 
-23.835211  78.491884  -13.067058 
39.043570  67.591511  54.322666 
24.538587  92.377526  43.532514 
87.521328  91.225889  38.531541 
73.598264  130.979258  -11.165741 
67.199552  69.643881   5.846942 
50.621648  76.549127  44.838124 
29.763331  72.272093  10.466365 
 9.697525  72.725999  -24.188235 
52.717631  66.316513  50.945422 
54.227585  88.960231  12.280020 
56.235469  93.206286  24.133896 
61.278583  66.077431  42.447405 
37.503430  107.536166  -14.048111 
-15.680095  52.779342  10.361605 
35.287749  96.283471   0.146921 
22.900849  128.501340  29.049460 
87.941535  109.321325  18.451830 
45.822972  66.182347  23.690932 
75.383941  32.783165  -8.055253 
82.665284  48.969641  13.994612 
61.482700  134.372437  20.348524 
-26.851093  121.679566  -11.377520 
 6.527271  103.764612  49.546921 
26.627274  79.336932  42.965782 
68.971903  130.195364  -5.954584 
67.231132  139.911921  -0.639873 
79.088269  81.745397   9.522509 
51.782357  56.026290   1.538852 
70.469843  44.355354  24.528053 
 4.864989  108.267642  -9.699057 
-15.799081  102.789434  -6.677780 
33.056428  120.795990  -15.053575 
73.471238  108.433788  33.265447 
15.901136  56.556270  32.051719 
70.764068  123.904382   6.631857 
31.302848  67.125583  -0.762099 
 7.377928  79.636924  58.664590 
51.302714  74.467621  27.476017 
27.386978  60.355440   3.994419 
11.675488  47.816906  44.732853 
53.774778  133.846157  33.957155 
15.574265  119.432710  19.298692 
46.209624  84.621301  47.780502 
35.269671  50.590202  39.226502 
-0.876527  143.434792  15.865111 
 5.943753  111.458287  -17.462040 
-7.061373  109.516712  29.418466 
48.153102  100.470824  44.461534 
30.297752  62.455448  42.479953 
11.924971  121.793481  -2.334274 
14.236178  78.843539  18.014061 
69.619461  82.844523  -1.957608 
84.305502  67.663942  -20.897967 
-12.304340  85.358794  -19.119960 
38.148795  92.788669  27.294499 
51.577075  111.483370  32.947725 
49.842061  118.110603  -4.267082 
32.886052  37.609010  -26.310715 
24.683275  66.219807  42.440696 
67.539709  139.969699  29.600050 
64.742611  75.240961  -0.709371 
 0.117374  100.304397  -11.148476 
39.719470  80.726515  48.466325 
70.970552  87.471406  -24.923650 
33.002063  104.463997  10.389224 
 4.232020  114.355386  10.547877 
66.510821  120.829962  -17.143184 
57.332077  50.626542  17.331115 
-5.188804  89.236521  15.929232 
33.246148  98.662398  27.306086 
81.965170  102.344674  -4.814995 
51.099661  108.185460  15.849719 
 1.149517  79.160668  49.421852 
 3.092955  140.912654  36.442935 
46.025302  51.810461  -9.896854 
40.914530  99.461900  20.279378 
41.366449  110.705320  -14.496098 
 5.069390  90.867052  -13.362279 
26.044074  105.078403  22.911351 
-6.255264  129.124717   5.553352 
22.854228  73.141749   2.866201 
 0.389587  79.205999   3.566792 
90.444458  120.415445  -18.356553 
26.586292  90.097953  11.114525 
59.930112  37.818840  -7.885350 
14.712904  117.940352  44.416094 
38.201854  96.861383  36.184347 
50.408502  66.624799   7.263088 
15.845955  55.176606   0.009199 
-12.678166  80.422623  -3.704558 
32.328172  49.450518   1.810175 
-25.751529  61.419530  18.013850 
34.196246  42.477205  14.205541 
21.487367  57.943448  34.731169 
37.444656  43.902872  27.383945 
59.910638  63.493623   4.253635 
 7.872467  53.709071  29.243307 
52.007545  121.831049  -16.517521 
57.361996  143.263416  -4.551857 
23.199370  136.853883   5.411940 
86.973867  109.500823   4.794918 
38.318866  41.813632  38.220698 
22.010983  84.560930  32.323787 
44.452202  118.899013  -23.743796 
 4.663304  123.786355  -1.963408 
52.059582  84.788673   5.416984 
 8.651565  89.076386  51.369509 
35.450907  128.994300  54.652121 
24.091138  152.355718  25.793785 
-3.183963  127.126130  35.831956 
82.469813  70.783345  42.793932 
19.210032  86.294512  39.021482 
-12.338953  144.549403  26.343367 
 8.426820  55.388034  -29.482870 
81.941457  38.260023  16.553490 
67.617314  85.604337  15.855266 
 5.488186  87.760554  10.099321 
33.729108  56.015740  -8.171452 
32.078560  64.856911  15.885893 
83.959998  53.904806   2.296316 
 7.900799  125.650801   6.050130 
46.192613  115.997627  46.194530 
-3.243582  106.925895  -25.398263 
28.570447  24.685531   1.534529 
-4.571418  70.486506  -2.415345 
30.395280  68.438119  12.789682 
54.668193  45.158205  32.997942 
-13.848015  103.984922  14.387397 
40.610978  78.674787  12.007928 
-6.157006  69.210266  -8.683889 
15.854521  129.803963   0.355772 
23.976893  83.980029   7.255392 
31.936138  36.786138  -18.917649 
16.488325  66.288960  49.871845 
 8.920124  126.953747  44.224448 
37.632321  67.360578  -7.356708 
29.366459  79.119483  13.671534 
-4.017417  97.924209  34.431916 
62.530059  31.913612  11.090648 
70.361178  118.777729  -6.736293 
44.274231  72.699044   7.652348 
74.319357  73.749191  30.644680 
33.534747  100.646484   9.073869 
16.528598  113.710585   6.256640 
-3.276431  112.775258  -2.175322 
-13.639511  104.644062  49.526492 
 0.063666  58.705649   5.876416 
 8.290099  42.836443  -22.383358 
29.802469  110.059904  -6.099799 
48.111904  67.829342  -21.260771 
10.773927  128.943736  46.622186 
11.166573  95.631462  49.846349 
 2.188388  129.164882  -7.265247 
-16.170090  43.789241  13.094205 
56.454304  134.249584  -5.667587 
33.337369  84.806078  29.688455 
68.326964  71.092301  -4.337797 
24.515923  110.007050   5.309176 
55.657110  69.429856  40.395515 
35.354416  109.178453  21.744194 
27.648000  47.371737   5.076587 
 3.859105  120.014777  46.183093 
48.869613  36.072954  -20.617839 
69.778643  73.187786  42.721996 
29.334204  57.073324  14.323237 
27.115739  75.751143   8.974864 
-0.637115  35.395075  22.471979 
57.478046  99.895619  -10.241893 
30.489761  126.110974  -7.719177 
68.628350  107.707184  30.021026 
-7.431656  79.571385  37.482299 
56.599910  79.751463  -5.202214 
33.159097  59.637003  33.521701 
24.382209  71.546516  42.423319 
18.642300  65.970668  15.038884 
-10.725438  116.046684  36.553179 
48.049003  65.657505  -5.043297 
54.554798  69.423124   2.419403 
-9.240166  75.277090  36.264893 
11.115863  28.373463  -1.073158 
53.795434  112.958030  -12.707369 
21.331958  127.505853  -2.163770 
 3.508752  67.752641  55.073053 
-9.524591  145.001968  15.775801 
32.496138  70.698208  -9.846880 
41.212369  71.301374  21.543986 
19.256554  55.071407  54.521833 
11.172042  69.691735   9.614063 
-22.291009  82.411128   9.331083 
71.046990  139.288849  -21.514780 
 8.039541  73.333876  31.316578 
-15.963598  105.338095  -21.322506 
69.724932  90.460210  -19.925224 
 2.247115  74.388977  -8.379540 
-4.841968  126.848282  -4.238211 
-16.840428  54.685076  -18.376919 
91.713246  67.693594   6.126926 
47.541539  137.034829  -17.936934 
16.704318  65.481007  -27.703976 
42.378631  126.540357  44.522106 
54.683161  62.943951   2.258965 
19.327296  73.858100  13.102294 
20.607807  47.646583  33.787780 
78.201164  69.350884  -1.352051 
58.585831  67.722320  -3.228118 
37.123071  88.619633   6.661176 
-3.580528  133.328338  25.250569 
44.802628  71.786100   3.318095 
 0.161969  77.536127  29.052387 
-18.440165  107.073638   7.073062 
-20.486278  124.062097   2.905745 
44.631568  141.348541  25.130738 
15.543957  90.284945  -7.963110 
-2.610894  118.984909  -17.913426 
30.523526  109.585492  28.456921 
 1.433422  50.380096  -4.602610 
-28.574145  139.400250  15.392580 
43.019231  116.827654  -30.845540 
11.058383  68.997253  39.452743 
17.624735  130.695151  39.919258 
12.992011  87.123270  -4.758845 
-11.247230  115.572672  14.253631 
56.597852  88.752021  -26.578381 
22.510525  140.915367  43.091243 
-1.217638  123.881481  -22.061758 
 7.673772  35.334563  -20.779376 
12.175055  74.665620   6.977836 
53.640702  71.636698  -2.034486 
56.044659  122.558965  -13.238450 
26.978361  86.697744  24.445806 
47.849906  75.938155  30.751923 
38.683594  107.312237  29.748387 
52.349440  125.709448  -0.239295 
95.161900  60.899374  14.282935 
20.669863  54.532102  30.498055 
70.008899  38.903955  13.360578 
47.717351  83.830559  -4.836891 
 3.281310  132.138004  -25.738508 
31.623005  66.522780  44.064361 
29.774305  89.153633  38.016983 
-9.414428  97.901347  -18.024717 
32.795091  103.833863  -0.233237 
62.318947  117.308936  -18.368374 
 9.180576  112.080055  -3.985080 
57.076068  138.440192   9.629431 
34.690803  68.007164  17.652278 
 7.151860  59.280680  54.403034 
57.354014  88.649472  53.056024 
39.294417  88.090451  30.737571 
18.945797  81.677255  -12.617855 
35.123381  90.718396  52.325562 
 8.801819  86.065699  -34.891786 
19.772489  93.181698  28.513791 
50.617157  115.215519  11.214455 
 3.589961  67.072173  -19.935368 
11.156982  80.229774   2.855777 
72.471339  124.608459  -14.494486 
45.276420  101.372260  -2.031502 
49.672684  123.181679  29.776547 
 2.824922  43.968563  20.269349 
-1.106801  82.296710  38.245805 
-5.297087  49.811608  -6.753549 
13.800455  115.729120  54.655940 
11.600965  131.183487  22.908769 
 7.394592  116.565209  43.495942 
36.776740  66.579338  11.044489 
34.293967  55.797209  -26.971647 
56.999737  79.164307  30.547314 
 8.896323  113.009548  20.151147 
28.196451  68.825735   6.350990 
54.487939  106.320575  24.485524 
57.480084  105.118501  18.979510 
23.485931  116.015658  17.786385 
 3.872714  69.462591  31.871567 
 9.031211  33.944093  10.856254 
26.905983  54.100841  21.616672 
-18.825990  126.146093   8.653371 
-18.867305  115.609140  -9.792101 
51.428341  103.677936  18.848541 
41.924799  49.971577  28.021897 
64.530690  51.630114  33.115087 
46.129135  87.756445  37.710227 
55.157564  118.600322   8.624669 
26.519194  61.505813  24.117345 
38.276095  58.918245  -23.597006 
24.411198  88.506459  27.385146 
 9.242512  69.060226   7.187341 
63.850591  52.896876  20.211479 
-7.439085  115.137374  24.850707 
39.125755  60.560941  42.593076 
 7.279727  105.242170  -21.544145 
51.060543  74.852321  32.883756 
39.701110  96.754641  32.673986 
-4.859517  103.341122   6.483160 
66.280775  101.814908  -0.489367 
21.263233  92.431362  -19.510056 
54.268860  98.419930  25.926898 
 6.449824  80.535304   5.630590 
62.969044  83.490606  46.843933 
50.236832  137.460328  12.975870 
21.060422  83.541382  43.487622 
34.761770  120.079275  17.782181 
 3.552937  54.032627  44.292833 
-17.396044  75.812107  15.652374 
24.063323  107.068340  -9.902630 
65.316665  73.328393  -14.416794 
42.856495  102.579213   5.703285 
19.367676  152.086265  44.201007 
 3.817090  69.272538  19.085317 
-0.707806  100.472332  -7.906741 
11.229997  58.509725  -8.518656 
24.268032  94.470715  17.324739 
21.626561  110.697198  21.622929 
34.653480  76.224717  34.285381 
48.668885  91.941817  -11.697513 
57.938845  78.420842  17.315878 
43.261425  63.235725  -9.204376 
35.237037  132.929288  -0.344990 
 1.187514  44.818702  14.254424 
-24.786478  101.609831   6.485460 
-0.401281  82.623042   6.943226 
47.609485  93.168685  60.277369 
48.749148  131.628293  31.195879 
32.870477  103.646235  -14.778436 
29.263259  99.933657  -12.766950 
78.393805  43.135073  28.228922 
51.034994  102.597635  45.187048 
10.990902  125.316639  41.103542 
 8.497118  120.593088   3.607969 
 9.700845  68.759430  20.334779 
 1.411740  136.501904  -15.433864 
31.319191  89.361368  -5.623237 
 0.272750  46.068099  28.473832 
42.462565  103.108585  46.112844 
24.811218  85.369877  12.980021 
27.414612  111.293248  -17.586186 
29.949268  46.135928  43.969777 
10.346607  65.840705  28.050417 
55.803355  122.388317  33.513873 
 2.419801  77.777876  27.506890 
40.490814  61.399299  -10.173946 
55.402972  92.338481  -6.218460 
23.301939  47.525069  21.880074 
 2.792679  125.951824  23.282029 
 7.633235  87.089295  -0.283704 
24.779521  47.376356  18.403097 
69.792013  90.790343  34.920508 
21.635444  77.029942   3.905397 
34.796222  78.894077   6.182491 
-10.028389  80.629211  -8.708063 
 8.022038  78.397766  27.199992 
23.875669  51.737191  -7.657645 
-4.532638  55.721924  44.050456 
42.357081  84.888720  21.533609 
50.857864  105.055287  27.090241 
51.225114  119.936101  31.624281 
-11.394979  109.790810   7.707284 
-20.532726  104.076996  11.715072 
35.854433  80.585105  -8.213949 
60.565439  97.363746  32.388697 
 6.360638  40.524596  -16.113344 
40.097168  71.611144  41.122314 
 3.146329  110.605964  15.823716 
19.372868  128.636896  -25.908607 
22.717877  64.257123  45.573178 
61.127335  69.174733  51.011027 
59.858362  98.816835  38.824521 
61.758166  64.022403  -15.385611 
49.531458  142.617041  16.109512 
71.130444  99.371884  12.321014 
17.848418  95.258628  -6.953568 
54.515617  110.787887  27.110372 
 9.740942  128.801790  31.930578 
-3.353825  88.978268  -3.577627 
42.504319  117.762097  -6.880201 
 3.168393  58.237921   0.076344 
39.069025  94.320813  35.433532 
-30.355528  114.418779   0.533218 
70.055228  78.208679  50.425423 
24.736415  77.114929  26.007044 
-2.286071  104.215524  33.398483 
 5.001605  97.474924  40.503562 
33.305427  77.585508  47.221576 
53.153331  97.235814  -19.378490 
 5.821654  53.005929   3.096319 
67.396324  75.841309  17.155832 
27.303546  96.827901  46.658981 
39.690734  55.043463   5.976447 
-13.395133  60.238802  21.853724 
52.275298  43.468316  26.995881 
25.997666  62.086973  12.885722 
82.927399  80.561485  41.680645 
62.732270  61.934760  35.629799 
62.805920  114.035883   6.291897 
39.005358  90.127967  36.474453 
-0.283363  116.143397  23.340421 
31.282325  99.480967  -16.608341 
-10.080559  67.474527  49.550570 
20.339181  42.247204  37.596726 
36.649883  86.988086  18.693068 
37.372774  124.676352  28.550091 
90.544604  95.425646   6.633972 
59.446420  67.162958  13.724789 
14.569843  129.219758  13.822458 
68.798542  113.962206   9.151394 
 5.822244  107.429383  27.837446 
-24.169872  49.847887   3.565643 
 2.704057  49.692565  -24.572789 
46.461638  81.228011  24.261162 
54.665978  85.480432  -3.835846 
-9.468636  67.225197  38.942098 
11.168034  38.202896  38.317375 
39.903752  49.867021  14.755036 
-23.323809  68.240174  -29.676857 
 1.647653  76.906474  19.523231 
 8.293094  123.371579  -13.815844 
29.730639  132.385879  38.735282 
12.340457  105.227182  36.050056 
-4.313881  57.327095   9.373978 
39.161462  104.276922   8.166439 
-6.324958  103.330003  -14.817355 
-23.623598  55.260117  12.379478 
35.368351  107.516441  -5.421975 
40.671362  133.892069   2.025668 
30.411921  117.969183  15.070108 
-5.521310  74.042103   1.125603 
-21.279593  137.637384  10.281445 
-9.102574  114.034605  44.491403 
93.082973  73.940148  -8.178247 
31.897984  109.617860  -2.298778 
85.392471  65.099299  -7.680777 
18.529972  90.475131  41.160388 
-6.096738  49.450455  39.273294 
66.663699  98.905989  34.678760 
 3.459781  56.891139  -8.720590 
12.594036  54.802425  33.729243 
39.330254  59.288645  50.663114 
45.687975  75.713093  27.623807 
72.590055  99.470624  17.351942 
28.942276  104.747946  28.802654 
56.810964  119.906691  41.931435 
11.123547  103.897783   5.005064 
 7.406666  103.397150  30.457365 
42.555266  82.027638  27.749780 
 4.603556  57.013261  21.604920 
25.933219  112.936971   2.422223 
-15.860131  88.284221  21.438382 
35.558559  107.018798  49.707785 
34.755159  70.196125  26.367151 
21.107805  46.511096   3.455360 
69.302099  54.662755   5.938234 
24.736793  79.220946  32.445125 
-1.699179  81.783624  -5.557145 
66.862252  48.089715   5.153158 
 1.953705  139.954411  -5.936404 
64.002831  136.857250  -13.155852 
60.205915  82.779902  26.291380 
27.614148  121.224231  -9.814951 
-9.823331  87.338384  17.919579 
24.308755  67.814880   0.948058 
-10.230997  126.672805  -13.077384 
65.746285  55.445982  -4.666813 
-1.771958  122.164815   1.441472 
 3.948285  48.604600  24.201436 
27.508862  114.387755  41.522388 
46.402387  76.557271  35.184522 
37.659460  132.794976  -20.801792 
-4.088434  84.807584  48.335852 
37.532436  94.063693  15.165001 
 0.607315  75.626756  15.326788 
50.245810  34.572776  24.239344 
32.586351  131.441371  -16.045771 
 8.878452  152.429114  11.960737 
-3.766082  98.124434  21.558520 
-4.060364  74.219525  11.340202 
58.831332  82.178847  20.089083 
23.919112  59.573669  54.026579 
 3.641945  126.505115  10.730075 
65.664259  62.528320  15.078225 
47.584702  50.528181   1.049289 
42.480870  78.077084  17.801622 
11.736252  121.580848  23.064838 
 9.588372  100.296121  -10.212796 
14.877460  51.941816  -27.932657 
-15.460732  102.385045  -17.393449 
56.663291  51.820999  40.061562 
-4.789392  84.507075   2.728503 
 8.629914  121.424463  -18.862969 
33.087141  115.884729  -12.442079 
 8.604589  82.994730  -9.789014 
82.777046  130.668988  -21.066501 
65.426929  106.143370   6.806084 
36.590361  58.094446  -12.641486 
-11.349949  100.190466  24.837395 
15.924535  120.265042   3.473821 
-10.027376  40.694221  23.516161 
52.173808  93.872787  29.927549 
12.560802  49.625949  -11.139191 
62.265410  96.914068  -25.734001 
11.539092  66.232817  -21.383464 
-0.575450  68.218327  49.630270 
12.747512  71.946490  34.723099 
37.257480  74.985779   5.474828 
44.412044  94.922980  19.181000 
18.953266  139.526538  -17.774991 
42.051806  38.122151   1.840896 
-13.260159  51.371140  27.286399 
12.339958  62.711289  45.936264 
-9.451134  67.548251  31.972714 
45.264442  56.213761  -2.013852 
-9.476661  95.837273  54.616140 
68.175214  128.867783  24.354123 
71.164208  138.071644  -12.389792 
 4.331277  131.046034  41.752294 
34.442804  50.550705  35.000053 
33.216081  135.879659  17.226837 
55.092707  95.154373  18.769547 
72.561930  124.048049  44.348021 
19.035447  81.659268  28.878993 
 3.301695  88.192270  -2.000003 
-30.859853  99.380936  26.329424 
50.455575  116.540116  -2.185796 
68.520170  111.578022  13.795749 
62.349603  117.176114  -4.350443 
 0.892536  53.027317  30.303649 
17.129805  75.648738  26.506266 
37.164765  117.564378   9.783682 
16.858569  90.252612  32.218813 
57.705457  73.035285  36.957988 
-12.447754  91.788075  49.463689 
38.670163  84.875457  22.512365 
71.277101  91.620012  10.565513 
15.450677  119.045393  22.335672 
37.234646  101.273466  -14.578792 
24.347801  89.970253  41.977710 
-5.816357  98.405839  -19.658487 
28.182170  92.747971   1.368110 
27.724165  99.756238  -5.205038 
-12.538651  82.644079  24.612671 
80.299101  60.613935  13.178679 
20.412962  75.281486  -8.043992 
10.515901  73.691891  21.539458 
72.311107  54.569937   9.797978 
44.708589  112.875178  41.271475 
31.087188  116.789408  -2.168501 
60.029352  104.601893  17.285954 
42.648075  69.082009  46.135986 
33.759900  94.172369  21.637072 
39.148183  80.365097  18.788624 
82.035693  81.983407  41.885257 
 6.323171  100.693754  31.214734 
 5.343160  125.557455  26.664718 
10.873849  69.731876  -22.134298 
58.291760  112.480995   4.647322 
-4.784833  83.280256  -2.877591 
 5.942158  49.157824  21.323623 
16.599411  86.410013  40.354517 
58.423644  58.954397  -6.562169 
21.167731  105.084948  53.829539 
38.404249  95.993242  43.389099 
46.752725  102.774164  38.063397 
15.483253  107.294275  -18.120501 
 1.949158  89.006394  42.118852 
-21.750805  128.503217  -7.807359 
69.769502  47.893422  -12.875545 
64.269458  135.578364  17.896854 
-14.411329  72.755079  12.761317 
53.987956  139.358364  28.114714 
52.369505  125.384683  39.330171 
46.255864  67.883928  25.689854 
 8.542567  124.081917   0.494555 
22.220324  138.863049   0.469412 
 8.498375  110.806059   9.467950 
46.455878  53.085476  22.469112 
61.747531  78.156159   5.929563 
50.699254  122.189280  28.369709 
-1.446162  132.277076  13.559386 
34.371844  57.989164   2.186151 
 3.422239  67.014499   6.924247 
31.559591  54.382427  42.956131 
19.804486  74.181173   2.785021 
30.711878  109.673933  -13.443012 
-9.740906  125.253855  -19.031422 
46.969269  48.819595  38.228169 
61.498934  128.745450  -7.906288 
21.328519  124.732073   3.051070 
 5.683693  63.218993  -10.050720 
22.550118  82.186852   3.536524 
-11.771318  51.946769  19.027253 
-1.814852  72.016411  32.910984 
 3.815606  118.761875  37.054539 
35.715803  82.880943  30.998043 
34.437181  106.641612  23.464130 
47.441220  115.636729  -3.192914 
60.449427  89.622769  32.485211 
67.793836  54.446212  43.625193 
44.723167  135.192932  37.549448 
41.856465  90.490517  15.088605 
73.678224  95.193828  47.310030 
-5.493452  76.298420  -7.017976 
27.821732  84.577836  31.107873 
35.252192  123.759163  -5.841858 
13.746851  87.914318   6.046002 
39.142626  83.213139  -16.701033 
36.923942  69.543553  16.792550 
-5.491204  102.922569  18.040866 
63.107551  66.593335   8.714076 
42.651021  113.001669  37.258689 
14.923374  74.994771  44.589934 
-26.765698  89.502474   2.266253 
-6.720713  125.624420  10.748070 
23.990160  80.874121  12.141516 
31.267915  76.578441  -14.969270 
 3.733727  64.146336  12.229528 
36.222558  60.368314  -2.951646 
63.715462  98.832253  39.514831 
 3.437564  57.948238  18.327346 
59.742152  69.882015   3.081191 
25.850610  80.347015  -0.319248 
33.591841  49.815047   8.573471 
17.996726  87.743650  28.511009 
60.387781  105.905072  23.518841 
64.686637  96.053190   1.958945 
45.396797  79.855912  14.585635 
53.521135  115.425903  -9.193728 
65.970386  93.414569  -8.319535 
14.694563  90.874856  35.515559 
32.060325  91.055487  -11.865002 
22.556395  95.088436  10.038053 
45.604369  98.877218  43.155438 
43.160240  87.423255  32.093800 
75.237769  116.783524   9.134720 
63.083336  62.560793  29.776087 
31.412898  50.666182  -2.199890 
24.925439  110.929252  14.620706 
 9.134345  82.636241  -14.876811 
24.080852  99.977542  20.197272 
37.636563  95.941400  24.833603 
 9.282362  96.175540  26.022228 
65.353227  135.596107  -3.274090 
53.306570  62.847624  44.473900 
38.562728  119.071164  49.795476 
30.801676  124.914504  12.394486 
23.555460  44.206004  -8.102502 
35.342041  75.206743  -6.678703 
-4.894218  112.138261  -14.512196 
 8.303182  121.894710  16.056932 
15.050594  93.569255  23.226033 
72.546381  69.221831  -5.062271 
52.486569  65.951075  38.343844 
29.154539  52.332014  34.718287 
-14.295935  68.848974  22.047621 
14.218659  78.501581  -9.599500 
 9.625556  86.628815  11.665225 
14.204104  79.518163   6.442675 
30.882297  67.013802  29.505729 
10.147333  52.762811   4.056144 
46.968058  119.155016  38.529739 
26.931171  61.865901  -13.449207 
75.870329  78.594051   6.242552 
15.041535  113.992346  -0.344280 
37.754795  128.965293  -3.280376 
59.476173  109.667769  48.909562 
42.877124  45.178989   1.595368 
37.543163  77.822520  51.291479 
45.830631  62.484997   6.711684 
41.463432  75.047047  28.666138 
19.712011  120.233097  28.065276 
29.212129  116.535404  34.858311 
74.136672  81.984466  -2.653019 
 9.084301  74.793867  10.033088 
63.538504  122.335355  27.152301 
64.499324  58.273287  48.880451 
49.421919  112.085777   7.829688 
31.707608  111.724743  12.050997 
-8.532810  127.297895  -9.037960 
-5.592297  71.036848  24.043958 
-2.724555  82.521281  47.441248 
43.708741  80.999229  -2.899205 
-9.768784  60.939301  -17.752725 
 6.788640  61.731792   0.361651 
-13.989530  109.308170  30.778508 
20.791506  57.597016  -11.942537 
28.519591  80.732272  19.710802 
63.320864  52.173146  24.149062 
56.263200  124.884965  10.186262 
73.623786  72.565415  38.001387 
29.117039  106.046392  45.234352 
19.334867  60.937057  50.077061 
35.625150  125.480864  39.893894 
-12.297105  52.085723  25.065203 
34.846079  127.210227  32.281857 
64.899333  58.099929  38.779987 
71.668441  43.592350  20.050729 
 7.060112  87.083926  17.853558 
52.802470  101.464086  -7.707611 
-4.810566  98.422679  12.140295 
10.913395  80.397050  16.598680 
63.288834  86.109385  37.516553 
66.903341  108.326022  -12.734925 
48.338116  79.663417   1.103697 
 9.154653  96.843280  -10.852742 
40.560693  83.502058  21.908083 
66.659183  75.891914  -15.787847 
 8.052520  75.468553  49.558040 
-2.076488  65.342341  -15.425771 
27.480811  113.787838   5.253644 
 1.009785  77.523536  11.219094 
22.164613  58.784104  22.610518 
 4.677313  60.744682  23.870393 
26.760892  43.162668  10.813248 
-1.364659  102.057549  -0.736522 
56.819696  89.467063  27.529618 
 8.256356  60.510354  35.950747 
32.409475  107.142026  27.923681 
32.726631  101.272108  39.838913 
23.995245  81.780963  37.263402 
50.467744  101.291505  22.647619 
30.936210  71.658563  25.528487 
64.525510  105.072471  35.355065 
54.711317  75.468710  21.396085 
29.841774  120.380395  38.501141 
27.013015  57.954209  30.898811 
 6.466574  74.957556   5.097552 
67.865093  109.988517  18.992206 
22.585414  95.396605  27.372548 
 2.926804  115.968089   4.824798 
-11.807525  120.334264  17.044752 
10.145985  67.501780  12.749227 
39.436466  139.247009   9.045873 
64.040134  95.066479  49.533162 
55.058077  110.535240  40.506169 
12.931995  64.235195  15.984261 
30.040903  77.472272  -3.752334 
48.131926  85.490200   6.367851 
19.957040  61.495184  30.214874 
 5.710062  56.326840  30.337950 
35.476169  96.383821  11.149479 
 1.505680  108.630919  -5.369883 
-7.325056  82.995199  33.960625 
 3.020126  63.564823  50.201018 
25.581283  101.459716  33.129415 
60.270919  98.991622  23.805143 
30.222108  92.236494  40.237053 
-15.254167  85.290396  35.390569 
 7.015643  73.846203  -6.539990 
32.581463  114.355276  20.041249 
30.857334  96.600847  47.278529 
51.516640  88.595596  15.303629 
46.466637  122.154978  -1.533473 
25.389665  60.012734  -7.659173 
40.452679  59.274477  25.437522 
34.946259  104.119330  -0.874689 
16.142037  66.550606  39.996590 
17.524551  132.150719  24.797076 
24.307287  60.356834  13.088320 
44.491230  90.655439  -7.282093 
-9.766558  104.314424  36.809203 
79.533852  125.448458  12.824726 
35.760393  65.407258  11.378853 
20.645850  93.103198   3.699316 
28.295916  107.440897  -20.470898 
24.734293  68.005928   0.033027 
63.237327  80.312204  -8.294427 
-7.159968  43.888881  -17.086599 
63.151856  97.425251  12.214152 
67.510599  102.779964  27.575114 
55.177650  63.279102   0.071525 
63.789734  101.644990  -14.912577 
 7.401342  126.488369  45.901494 
24.205329  96.072189  -24.928322 
42.351834  89.724717   9.699500 
48.451596  118.624831  49.207529 
50.240298  84.841593  52.571097 
51.875167  104.609920  -2.698258 
60.864937  124.684211  13.219532 
56.026129  67.643455  17.064587 
20.274317  129.920402  48.647451 
25.623744  80.844045  27.078481 
28.736368  61.129769  24.248820 
10.901788  87.845218  45.058940 
34.629956  54.239623  28.231987 
86.497738  84.591033  26.314212 
10.520704  88.218870  33.194922 
-8.332915  118.888541  -0.726847 
58.764949  92.313124   4.016093 
74.392316  95.836409  22.323168 
35.311678  59.182355  44.832523 
10.711167  103.830430   4.151312 
43.170609  95.047986  -2.481695 
23.328296  98.858179  -9.696712 
40.961105  111.542709  27.869754 
46.902971  65.495487  36.275438 
-2.638544  61.552563  25.428604 
50.766581  119.274875  43.618217 
45.715096  115.478292  32.849896 
 0.869564  100.084218   6.842542 
24.961307  85.515174  -10.865020 
16.538922  118.453383   7.311930 
-0.407164  81.347484  38.935229 
38.868876  111.923260  -5.756995 
40.219826  132.393631  27.995110 
34.053740  95.302273  30.528268 
21.878878  94.468596  16.976415 
33.463920  129.212740   7.061698 
-12.878694  91.728543  -10.748014 
34.451952  76.089561  23.078193 
-10.247227  46.570729   2.757041 
24.077015  66.706784  33.860198 
-23.748891  122.540160  32.642033 
-0.066757  70.587080  41.526568 
25.040615  120.750765  16.902978 
29.121398  127.673635  21.667522 
50.453672  111.249764  19.925869 
57.608266  108.344886  45.729121 
38.468462  113.322526  -1.387757 
-10.031328  71.947379   4.093493 
18.860326  53.633829  42.385162 
12.390392  79.193238  38.393658 
19.016207  73.762372  11.461267 
27.904844  72.057269  16.301177 
-6.377200  48.329180  -3.980924 
51.606652  109.212484  26.114118 
45.443150  111.932908  -17.916440 
58.400188  115.731313  19.607366 
22.611104  72.122953  -3.786295 
-23.182060  87.236995  29.407564 
44.956858  124.575578   6.301934 
58.578117  97.201654  36.605462 
46.740248  109.547081  -6.984246 
36.435786  110.315027  38.443669 
41.153796  97.337185  21.083840 
40.646646  106.623953  14.450507 
32.085974  65.242849  -6.265225 
45.395669  89.282877   1.135704 
-5.270294  94.633348  44.115122 
68.727140  64.246900  -13.306466 
46.087047  80.110835  37.833095 
-10.892104  91.261985   7.456292 
16.919579  113.856990   2.925020 
45.973492  126.261683  17.623145 
 3.554634  131.817222  -4.138139 
-0.933476  73.048940  -10.524926 
18.047625  91.605567  -7.847985 
79.542915  81.111854  16.987668 
22.111549  68.997854  47.457488 
 1.103959  97.205057  20.607227 
57.322011  83.506714  20.742238 
30.914754  104.813742   8.404159 
60.665105  51.662361  -2.969145 
68.885073  98.428705  43.479985 
54.370599  58.670010  22.904137 
23.243799  108.316880  29.068022 
54.032098  115.381850  -14.376151 
47.429448  85.382891  -11.132619 
19.033078  69.064798  -14.127008 
21.726994  112.822246  -11.619979 
57.890216  83.660777   1.624400 
42.365251  58.420733  42.425213 
12.178541  100.480008  10.009199 
-3.938348  127.272887  -0.681643 
 3.473797  85.181001  33.112842 
-19.252643  50.494224   9.581000 
65.116510  50.799298  30.675467 
56.615946  89.684381  53.882408 
13.189399  128.519810  -12.915034 
-9.156861  56.054991   6.319147 
29.282372  99.010736  27.549292 
-18.864164  84.919141   8.349898 
19.153623  104.208494  16.345913 
34.243349  108.324122  -7.708541 
65.536948  84.535550  -1.462648 
24.086190  85.141550  -4.647710 
23.973494  121.541595  23.998119 
74.294237  117.071857  32.488371 
33.378936  69.092105  42.063278 
43.909130  59.531898  13.008580 
67.840195  130.337155   7.573477 
24.907384  131.157066  38.436981 
77.531481  73.907019  -23.287160 
45.144109  65.866459  17.143741 
69.643609  81.457596  33.400205 
-7.754033  94.487621  32.536857 
69.246118  98.760122  17.182294 
 7.066272  122.882968  -8.418833 
34.800513  130.233765  -20.638627 
15.366479  134.053227   7.293303 
-20.135322  101.159357  18.193526 
37.234616  115.826812  12.968458 
62.887026  64.206887  21.099449 
74.195637  113.068594   1.743574 
36.454462  85.477817  -2.010010 
 1.827274  141.096006  23.641626 
14.972013  123.199839  49.484293 
21.508229  116.637561  10.646581 
-1.735073  86.734549   3.409447 
-1.389376  94.902397  25.651421 
-1.909691  55.914699  33.804094 
47.985493  103.702034  33.551601 
19.260351  74.333177  35.313522 
21.717558  83.336190  21.779104 
55.571860  83.419157  42.132228 
-0.963668  64.013993   4.651087 
47.114255  97.173387  -19.974130 
12.581556  55.127061  -4.338844 
69.829879  97.356532  -3.808705 
11.942237  61.207612   7.652358 
32.518725  58.706792  11.269344 
48.025428  76.858385  48.380535 
33.944807  85.108581  37.223331 
15.872184  119.131577  -24.642196 
 2.642255  44.922195  27.134658 
18.360667  70.680038   7.176796 
-11.830661  52.327139  33.589988 
53.724107  91.264681  -1.453519 
14.211854  93.195968  14.588027 
 9.678350  127.494130   7.401763 
20.066489  127.775104  37.073436 
 3.268400  113.959362  -17.672732 
43.261505  124.637537  11.145366 
-0.117473  125.796276  21.751828 
-8.430555  107.939467  42.041809 
37.179945  64.204476  -12.921609 
16.472684  113.215460  18.760324 
10.409374  133.959163  38.368735 
77.080366  56.774594  -8.672649 
-8.509062  80.193357  18.958105 
23.716476  73.582079  42.500701 
23.844799  65.690280  -21.927744 
35.880337  61.136736  16.685258 
45.142174  82.918768  43.185623 
13.393740  64.113690  31.824565 
37.314221  129.464079  14.688595 
74.441531  88.457379  37.889051 
67.188211  84.349255   7.097597 
53.650352  43.032411  -6.129829 
 2.681248  76.262832  21.083115 
-12.109341  80.745969  43.899402 
15.587842  102.533600  33.393094 
-2.880351  53.635839  22.558854 
25.734727  131.550864  44.357220 
57.392895  83.385129  -11.633665 
49.481587  78.346343  10.142445 
10.393469  51.180740  14.517439 
19.881295  59.850528  11.040828 
43.974125  103.535744  -11.307516 
27.123670  91.171084  32.890398 
 3.193199  81.299053  26.281787 
14.398948  57.441259  20.579108 
43.506459  85.470287  25.702871 
28.296971  67.831961   6.629506 
 9.456312  130.286294  19.705030 
38.487986  111.642993  32.972123 
33.695611  80.100518  11.543129 
-14.895686  107.893042  23.179975 
56.165869  73.196053  10.118686 
46.157983  100.957467  -3.703209 
11.633239  105.199983  13.842761 
65.178800  118.714516  37.450257 
39.203877  107.137939  45.545553 
16.329006  40.529512  37.617285 
52.972863  73.125375  41.505098 
32.615388  116.684355  -17.850950 
-19.450202  82.343498  18.593149 
56.039308  96.760539  18.006574 
41.532324  131.720091  40.886935 
56.812207  52.685970  42.654196 
-23.514629  117.608256   3.661657 
70.827318  59.098905  26.373718 
26.402894  132.567979  -15.382249 
11.871223  65.545648  44.641415 
-2.966109  91.369727  -13.379158 
27.711512  75.803154   9.053448 
 7.539889  48.458877  -2.301034 
47.025579  95.194568  18.632396 
57.355758  103.670504   7.029468 
42.861229  60.950054   1.294301 
30.827146  86.629970   8.666569 
 2.843177  85.006917  -11.383210 
29.361460  119.778824  44.551007 
 4.104907  47.851108   8.306822 
48.354871  93.182354  33.276988 
36.343906  108.166663   7.973400 
67.926151  113.866912  23.367958 
 7.586004  105.370058  -12.825335 
 6.177921  81.841286  -1.401972 
 9.502245  113.294349  -8.033544 
48.207086  88.940450  23.983335 
17.947329  76.639900  24.399784 
-4.552311  111.840774  48.439245 
80.528634  111.583724  -21.474637 
19.135447  124.761270  19.553039 
59.060687  84.930204   9.656956 
-3.383179  77.908438   5.869221 
71.705305  92.546555   3.126873 
39.388112  83.428436   9.421022 
-8.641488  84.502149  -17.104497 
22.393126  96.665058  37.028844 
68.155815  107.164570  39.255169 
 7.759877  97.921356  20.114581 
59.868870  59.637537  -11.697698 
22.168681  47.000160  31.705077 
 4.042551  54.276455  -20.166942 
-21.817847  108.629750  -10.077203 
 7.299752  70.124475  40.673267 
58.205690  55.914220   2.779238 
21.802442  105.138458   3.740570 
17.194416  69.525994  18.143572 
52.070297  71.204312  31.577396 
 3.790980  122.238163  49.228780 
59.576338  96.408055  -3.034811 
74.564348  67.788239  19.481583 
35.449696  64.659539  21.575460 
66.939035  55.023075  15.308668 
56.400150  126.088267  23.921727 
32.396459  117.917320  25.228175 
10.742470  75.751686  32.428370 
 2.791201  102.683569  -20.828137 
48.880534  106.654559  16.423656 
54.353686  101.014804  30.566229 
60.065747  125.044048  44.646392 
73.542119  65.332715  31.907387 
-4.210726  98.953555  29.720599 
19.340919  93.581685  -16.949330 
64.057417  91.722126  27.461672 
10.406523  44.935054  -13.705096 
55.196173  104.190009  -12.290882 
39.573492  88.463652  28.153638 
10.432524  82.474812  28.183829 
-14.093208  113.075093  -4.341451 
48.909084  128.410720   2.670143 
31.230222  106.964691  32.987052 
-27.840269  75.235007  -3.991763 
56.110985  72.703581  -14.538121 
43.002706  71.124634  21.810574 
43.568909  71.344789  -10.777069 
 6.300820  101.379551  15.667249 
21.780770  125.853374  -20.289056 
18.373136  55.117727  36.774740 
58.060997  128.706629   0.028083 
66.946812  70.485723  42.005531 
17.454128  98.973487  -4.885105 
62.638487  92.095397  46.051047 
36.454504  78.992509  37.746182 
74.900850  80.210399  -9.561908 
67.732742  128.387230  -12.665601 
 9.968104  73.217924  -12.577304 
20.786842  55.880647  -0.017281 
37.046881  102.468619  16.547306 
 4.800015  74.491385  36.510823 
45.729255  121.996157  -21.475982 
13.949481  45.460348  25.021470 
15.273814  63.790446  36.584529 
22.832355  115.946989  44.932203 
19.743609  98.104334  -0.324377 
 2.396435  108.695421  24.223359 
16.062874  111.645675  -4.359888 
33.134437  104.184181   3.058429 
-3.124628  59.686273  16.252460 
38.436102  35.602976  -3.759075 
61.679141  51.346892  12.823550 
60.783403  135.068906  -20.100694 
58.442589  63.900731  34.530751 
69.584523  121.128255  -27.912842 
28.329823  48.817062  38.831835 
21.640692  128.226103  -11.770477 
24.231503  128.832546   7.956385 
-2.805920  62.299306  30.064602 
 8.124039  98.026025   1.828605 
 3.543182  95.203025  13.289985 
-7.441187  65.077080   9.494013 
72.536354  55.077647  20.271665 
66.510926  111.905295  -3.003425 
28.814843  91.661522  14.719903 
 8.081392  97.700813  40.536236 
35.771362  71.151612   7.963543 
42.872890  106.803816  22.315006 
76.638376  52.902022  -0.165586 
27.897866  114.210087  51.103893 
-7.730893  113.413977  23.245676 
54.623398  69.212482  26.394395 
-1.809534  51.071830  -11.750224 
78.296066  66.892603   0.833956 
40.513639  103.707612  29.279818 
 1.146113  104.176422  45.265351 
-8.509308  56.249276  29.195159 
70.166534  108.739797  31.811473 
55.773935  96.142105  45.395456 
43.021496  71.800215  -3.317038 
52.384940  110.086319  30.063505 
 2.512154  129.471701   3.482769 
35.081178  98.242393  54.148080 
-12.679423  98.851144  12.954302 
-4.271594  111.447075   4.279193 
33.056818  105.972161  50.387335 
32.505013  79.172902   4.749175 
15.640914  97.061073  19.348431 
58.184571  130.647958   5.471747 
70.454167  73.500704  12.557167 
 3.884958  55.257594  10.638668 
43.970787  98.689153  12.483999 
15.787082  51.559198  54.144759 
 0.035792  93.034934  49.677954 
-1.295526  124.705725  17.000896 
19.756614  107.083900  41.070355 
29.496308  125.997863   1.112451 
60.453951  88.324914  -23.295675 
44.597490  116.771673   2.687954 
29.030716  47.372289  24.270640 
24.673000  105.274077  -0.699412 
56.999455  72.521046  -8.765825 
 8.176734  69.497133  26.370807 
31.128964  56.625486  50.126772 
54.199961  55.830526  33.539546 
20.936213  118.474966  -8.266429 
51.208483  110.073824   2.907907 
-7.923249  99.689900  47.399917 
 3.243350  121.527523  10.126059 
30.192778  103.226126  19.019614 
 4.060812  91.912646   7.095120 
24.279982  111.563057  -4.540089 
28.992635  91.482259  -3.067937 
32.185179  95.835621  35.198850 
32.440534  91.053908  51.309433 
63.470741  77.595777  17.341969 
42.914727  99.762219   6.712059 
14.889752  123.216569  12.971663 
 1.221880  109.825280  13.376663 
43.350393  62.027625  -9.285902 
37.717178  94.809449   4.607826 
60.924280  104.945345  -7.578561 
 3.122167  127.190804  -13.806508 
49.542170  77.084570  17.532892 
50.318149  113.857576  12.009209 
-12.573553  111.849074  13.116038 
50.588638  68.136867  -3.629740 
42.057840  94.808609  50.970903 
44.162697  117.705014  17.012524 
-2.134160  133.502216  43.859690 
55.107567  81.863296  37.173990 
-7.734658  98.820411   3.890382 
67.105866  134.018684  11.885316 
53.931728  60.327282  28.297775 
61.795822  72.243367  -20.431975 
52.350483  81.820039  28.040414 
30.327583  91.046030  25.882902 
64.291330  66.710917  14.628115 
43.981293  110.209811   9.513143 
16.165245  51.848393  13.055234 
 8.726811  109.125082  21.763630 
-15.992050  63.587074   1.403129 
43.934966  114.796830  23.609516 
-6.226288  49.622965  11.074483 
12.856749  132.910654  29.599905 
47.007543  127.165225  -11.262078 
54.206871  48.660041   5.882031 
35.365879  94.871347  16.471642 
21.752309  97.525032  47.514352 
50.455187  133.024101  29.090914 
 3.998183  115.161370  -1.255676 
-13.782124  127.587937  28.122403 
 1.761098  57.243274  -7.405054 
-5.990606  56.879386  -1.988699 
46.366175  110.458508  46.229718 
35.097009  120.884271  17.652282 
41.202790  68.925110  39.042497 
38.964273  132.155587  21.323315 
-9.203649  88.032630  14.490485 
37.492653  51.885029  21.383799 
25.940095  102.949599  11.894482 
46.457288  123.223161  23.686815 
41.287703  78.154659   4.779862 
42.149589  112.001924  -13.099749 
39.977600  130.027114  -14.556096 
-6.605077  78.248130  10.372454 
57.968209  82.929765  46.980997 
19.975493  61.457400  -3.519931 
-3.471001  116.620786  -8.292204 
40.434013  110.686999  19.115150 
-2.162969  129.259997  26.808693 
-5.860194  96.554036  -6.582141 
28.955662  96.925401   5.942593 
52.381456  82.030813  -16.434719 
12.212201  108.678496  29.193431 
66.329407  59.474777  -1.829883 
28.792773  98.395636  -8.868095 
32.936948  57.409020  -10.983235 
10.561337  61.964479  -16.462829 
36.174363  100.421302  -4.583068 
-0.628388  107.322444  10.116111 
 6.539640  103.487637  36.377424 
14.950895  87.785252  -12.643561 
69.591166  43.254595   4.899107 
59.538527  65.989908  48.502944 
71.637103  93.867474  32.546112 
24.068171  62.070861  17.579913 
20.346235  79.637812  31.032681 
 0.694301  99.485323  -11.165584 
 0.208055  51.712228   3.113046 
61.007402  113.088739  -20.821609 
14.296685  121.604263  44.609384 
25.481791  104.244325  24.493901 
26.321175  119.079938   9.033698 
-16.280735  98.696261  37.711060 
13.403566  82.267756  53.578006 
 0.771092  92.130437  36.187319 
24.510161  62.571347  39.959564 
-2.599766  62.929962  -1.596264 
40.136305  75.700642  33.434928 
57.686830  123.959433  -11.164400 
76.963390  104.918131  -7.003222 
39.468397  50.984465  -8.264617 
67.833885  125.430014  20.569486 
67.569295  109.512796  12.837742 
22.813483  115.872970  39.262603 
-11.565642  36.655797  -3.402333 
-21.871384  126.571874  22.452488 
-1.318822  105.730747  32.359510 
11.237521  57.409374  -11.571415 
50.211584  128.044276  -5.000168 
52.802935  80.703676  -5.716981 
52.013425  59.001842  11.274395 
12.850601  52.605362  30.836603 
27.315049  133.322747  17.149478 
67.728518  125.844119   1.899034 
77.357221  72.718797  26.743784 
41.361275  110.472452   3.322828 
-5.208838  69.838996  18.976034 
10.662342  122.607911  32.215658 
42.165628  120.677677  28.890515 
74.267483  129.713944  -18.771088 
59.095530  113.751354  27.279173 
 9.997708  31.050181   2.040732 
34.163754  76.866863  16.357202 
78.118918  117.244840  24.396821 
48.868902  103.372496  49.733098 
70.274913  125.968029  39.677583 
60.708136  118.733356  35.440037 
63.945872  91.992355  19.918278 
-2.115883  70.043086  13.750908 
41.900780  82.092643  -8.731929 
51.181109  48.049499  27.110429 
12.823203  56.120608  47.758069 
51.636993  83.893077  33.157330 
15.080487  103.276780  24.759132 
25.384386  128.239660  31.971376 
70.721208  78.255011  47.293984 
-1.141099  47.894339  16.015967 
44.357700  100.794917   1.503432 
33.709665  118.088168   3.453817 
-14.285712  93.806272  -3.526983 
 4.527054  91.615477   0.779118 
52.701387  119.343999  22.483027 
68.186560  99.552271  -27.992971 
53.210280  93.537506  22.761239 
17.182517  80.512116  -2.153725 
 1.110469  92.227105  -4.669343 
 3.979500  128.062414  32.078466 
26.744763  131.502122  27.458750 
36.041751  97.412924  -8.676183 
30.828623  115.110207  -9.040354 
44.827346  74.331143  -15.335900 
76.004238  52.978858  35.793200 
69.860347  56.717487  -20.699829 
29.357506  46.955733  16.333801 
16.393805  123.512454  35.036184 
37.308767  124.155119  23.708107 
-0.324671  86.340951  14.125249 
 7.645880  134.395704  13.739578 
19.785939  53.990356  26.678646 
47.463701  89.915571  45.324411 
 2.010930  82.845904  -5.795959 
34.970533  85.804361  15.820199 
78.609850  102.328855  27.194734 
73.602254  123.199214  -5.553780 
14.221789  116.637672  30.651244 
61.505725  72.102411  27.572110 
15.849526  104.903791  -10.673479 
-5.756463  68.480252  35.441671 
47.757307  53.342550  -14.447411 
25.118665  84.039667  15.695105 
67.554820  114.568567  -9.005048 
73.341233  66.376228   6.954182 
-8.586911  70.485823  38.655783 
32.911972  79.919717  44.543139 
13.144851  74.168774  28.086253 
-3.685862  89.500301  19.814649 
84.629027  85.315621  -9.473779 
14.911020  75.892091  13.511527 
68.798723  71.310367   0.960918 
64.389731  73.737773  53.430775 
55.394764  46.351976  17.374709 
20.444716  87.974624   9.993419 
 9.657344  122.004604  23.939734 
51.162942  99.359711   2.414524 
38.292740  121.054199  44.942442 
 6.089395  129.586432  -21.289334 
38.110638  49.969242  39.718596 
26.585131  43.420148  43.756604 
47.715148  65.794178   1.182981 
90.889640  69.276170   1.933409 
-2.181368  41.275723  32.351128 
55.143429  114.332967  15.379387 
77.983672  97.983242  -16.658933 
18.555317  111.153840  35.217846 
37.960953  90.335370  -3.485492 
49.497309  60.623005  50.228734 
19.683927  49.481190  18.873263 
69.186578  82.906688  21.936924 
47.319160  73.611895  53.761852 
10.070774  62.070297  25.956298 
59.089192  87.875691  -6.146798 
26.787605  106.681772  39.185647 
46.496934  52.678866  17.121011 
54.449401  119.055143  33.539966 
78.334737  102.360613  36.515261 
38.452752  60.205253   5.634054 
58.112115  118.218927  43.067365 
 7.597393  113.197594  18.683406 
20.281776  106.659306   8.217087 
42.471884  142.483097  -0.494638 
20.106084  108.675048  47.430134 
45.132694  52.141516  30.333037 
66.821959  58.319555   3.939486 
 7.552160  100.393710  -4.443098 
32.838942  65.363963  34.211462 
14.096232  90.529709  -1.870967 
35.406692  84.637195  -9.867609 
67.643285  107.468458   0.737206 
-14.558822  77.223938  -10.309508 
-11.412500  94.922319  22.140708 
40.672969  74.006038  12.384695 
12.987779  134.957274  -5.966938 
65.320409  72.543001  22.697822 
11.938858  66.768366  -0.234309 
11.533861  77.565877   1.885285 
38.002102  42.648407  29.125009 
-0.924782  116.155972  29.693833 
-5.238602  85.556749  25.689967 
37.974704  119.467744   7.796495 
58.058600  96.369679   9.689066 
38.998581  100.118990  36.663354 
50.682886  69.193692   7.082421 
50.576804  65.476112  19.897434 
34.124133  113.068628  42.202126 
-4.254662  74.738562  -25.181421 
-8.579323  106.990247  -10.123666 
24.693407  112.398056  22.285944 
-10.605933  105.283992  -0.821180 
54.853950  110.180634  35.712421 
27.694039  111.837668  16.921981 
33.979604  81.557203  26.621671 
64.592571  65.990799  -6.892066 
19.821891  97.265267  30.436255 
44.051968  99.104806  27.003550 
-8.306209  87.602401  39.001354 
27.444843  57.241695   4.014293 
24.031144  57.943352   7.428603 
53.430968  100.689538  41.648596 
 5.962122  88.362901  23.814127 
17.204308  126.072009  -0.569113 
12.945129  118.514934  -15.938085 
14.205625  49.326192  -25.912919 
59.546191  71.862450  -2.378189 
28.585241  143.954745  32.578067 
23.815097  105.057183  -15.646291 
50.606733  125.043660  13.832778 
 2.221627  67.474451  -4.099908 
13.505765  122.832061  -5.755362 
66.147582  121.207789   7.722961 
16.021163  36.240076  16.193525 
14.267232  110.935044  13.649084 
36.041368  87.611864  45.401327 
-24.201818  69.982133  27.413401 
42.900573  76.164403  42.929333 
62.153811  122.066393  -4.001232 
13.901671  83.849992  22.555947 
60.824965  102.720131  31.435010 
39.473584  105.786467  -24.811054 
66.859808  120.642563  16.213950 
27.232527  111.483561   0.903962 
29.072469  136.178665  -6.776435 
 2.467864  75.102336  -16.243838 
40.872882  95.090471  33.681755 
38.571451  128.518954   1.909733 
39.077137  47.193729  -25.124392 
48.117450  77.327685  25.027265 
21.741680  70.467457  28.699298 
-11.333782  77.452786  29.267616 
64.100332  113.466679   6.057949 
42.689798  120.297015  -9.556482 
 0.976230  133.835734  39.438673 
49.965611  90.729161   5.592215 
-13.635581  76.859093  -1.672205 
59.404352  100.845130  -19.937144 
-2.862047  132.474754  34.047525 
-1.980026  108.686436  37.850662 
 7.890628  94.462806  29.411621 
32.629419  70.139975  -0.099909 
-13.178866  59.027623  15.640005 
51.161885  139.797852  -10.165260 
73.203315  65.284397  47.898355 
24.239263  72.642837  19.548280 
43.781683  124.606424  46.744706 
66.971273  130.901299  27.338543 
69.139719  117.368671  -16.790852 
56.492098  118.860055   0.176580 
51.509301  75.639346   3.718080 
 2.265744  96.107282  39.058798 
31.869385  54.616758  18.520020 
53.898702  94.362994  -14.470550 
53.678598  125.232104  -18.566275 
-12.137165  61.968047  -7.600076 
57.009515  77.467361  14.013901 
24.854209  70.928326  23.315036 
16.688726  101.072957  39.944532 
58.239596  106.052876  -0.294549 
13.392680  73.477961  -3.912072 
-8.999869  120.101619   7.631827 
39.716283  61.530342  34.840017 
82.556608  111.628475  15.875940 
61.210550  81.980588  25.614785 
41.815354  51.037330  48.646257 
41.844336  49.398079  13.114373 
23.564255  75.880409  -14.911068 
26.706867  69.455401  13.166500 
53.856358  121.084778   6.816615 
51.267160  89.324288  11.105094 
32.370135  134.318436  42.160225 
64.194110  85.346533  41.593552 
 4.937624  59.532361  41.883127 
32.575202  126.498449  -11.594046 
36.369126  126.498711  35.496474 
17.219992  87.173001  49.680092 
23.593425  91.068904  23.147545 
-9.328405  119.103205  35.058288 
63.363511  48.157079  36.731793 
-13.007315  109.163674   7.399503 
71.121052  85.821589  27.151764 
52.431792  130.095838  17.918762 
25.008682  45.170785   1.642242 
60.672454  72.059505  45.245010 
36.328445  87.989640   2.853989 
59.152863  56.524095   7.496074 
47.102772  76.477665  32.556362 
18.080813  127.357596  42.346348 
-6.084638  137.968344   7.315572 
59.677176  110.032496  11.703108 
72.867649  95.388155  -10.365967 
42.504735  90.202541  38.532027 
 9.418994  88.350479  -19.332630 
40.657769  65.024809  29.168026 
27.576749  70.088025  39.464079 
10.570867  114.153976  39.236219 
45.379524  51.319974   7.307281 
83.324759  93.951235   2.304123 
 3.422547  55.823797  37.429786 
 9.728126  88.404447  -5.991106 
36.549495  72.273862   2.321927 
-8.201128  59.051415  38.208032 
 4.029933  117.979305  43.080077 
50.457857  138.230935  11.862089 
-16.339134  64.868455  39.262803 
19.272585  130.753447  14.451255 
29.935923  88.340687  21.048750 
50.941450  66.779942  12.984816 
22.311301  82.710346  44.586142 
11.971491  108.329065  46.336622 
18.008929  108.832182  24.616272 
 4.189437  84.408208   7.410089 
52.051055  92.460465  37.820953 
51.635272  101.058492  13.385081 
45.464130  142.585037  22.144170 
-14.612132  94.918184  29.264620 
-15.837581  120.607805  42.174664 
28.683137  73.488818  -9.394302 
59.499760  128.717003  19.762917 
63.810280  89.823815  -14.683214 
20.924619  51.115228  -18.922973 
61.214688  75.028207  35.641172 
30.401654  74.917722  34.015657 
67.756688  47.690947  -6.333760 
63.385358  127.032033  33.470900 
34.683112  51.355403  -16.461806 
47.386007  84.722474  19.334706 
17.668458  84.315615  17.114799 
43.737697  60.757124  -5.746463 
48.368961  95.359897  -9.589594 
51.717537  84.246675  -3.450931 
50.467675  70.477361  -8.739985 
50.693273  95.389902  28.803640 
10.449825  98.690537  45.391452 
-1.618026  74.800568  27.120779 
 1.034412  73.610085   0.784318 
 2.651947  77.096691  17.002145 
17.751244  47.650193   6.903862 
45.642469  127.789845  33.300592 
63.578387  67.329825  37.628460 
58.413322  55.948251  17.698484 
78.514103  100.569469  11.826167 
40.075791  92.348814  -16.395689 
 6.185023  114.479082  28.103237 
-1.317296  112.968731  18.108245 
69.105531  84.287584  14.768717 
63.568215  75.308481  30.895140 
43.139269  70.332663   8.470018 
11.059979  123.029926  40.067157 
-9.955485  87.271022   1.685257 
29.991252  72.123758  49.682321 
68.621965  102.624525   7.327502 
25.042918  123.682883  -4.962486 
37.720881  52.412190  34.229689 
 8.299297  79.087591  43.277545 
-5.524376  107.048898  26.708835 
-15.037604  69.039397  30.922798 
 4.831824  66.589247  19.213387 
62.563289  116.679709  30.298938 
49.806269  100.608523   8.137458 
53.798656  33.754491  32.813170 
56.252753  115.196027  -4.971376 
17.506311  65.895171  22.884075 
 4.166784  69.569691  31.502270 
16.233951  61.261777   4.048339 
14.847740  62.272584  -8.055298 
36.031750  62.568788  -20.384109 
12.313968  51.567241  41.407250 
-1.066999  84.700712  30.483176 
24.702450  116.823698  30.445352 
32.877056  118.886062  29.180943 
48.884296  55.601482  -3.000958 
59.396902  88.998945  15.140903 
75.574136  92.249190  10.721601 
13.278504  121.180949  26.707324 
39.005152  103.203512  -17.896605 
22.026597  100.383227  44.474383 
-8.968081  96.385165  -20.802588 
28.682977  96.709138   0.460533 
25.609940  97.121974  -7.600988 
-16.181253  81.632545  23.970062 
83.386999  55.813498  10.768757 
18.129565  75.217702  -10.138337 
 9.179797  73.945042  18.243364 
75.947101  58.803181   2.502636 
43.502322  112.427135  43.879925 
27.431451  118.206507  -4.711024 
62.461504  104.390526  17.721350 
44.371813  64.517021  48.084913 
33.609159  93.429690  22.240715 
38.125827  77.717656  20.511435 
82.105733  79.483926  41.561668 
 5.243687  102.524579  32.665541 
 4.476740  129.524165  27.248312 
 9.248097  70.644793  -25.285080 
61.197014  112.913125   4.128284 
-7.934788  82.814840  -2.769749 
 5.619591  46.254594  21.237431 
15.402448  87.380487  41.788303 
60.583896  57.139927  -10.254387 
20.516278  106.410477  53.493654 
36.111670  93.025763  45.299152 
48.419806  103.770298  40.498876 
 8.399501  106.204381  -21.463172 
 0.246197  88.414320  42.539674 
-24.784436  129.939897  -8.957694 
74.158167  45.267178  -17.564908 
66.929214  131.181777  28.354051 
-18.395859  70.085108  11.776092 
49.531030  140.953893  26.333438 
50.419847  128.371603  38.820886 
48.274950  66.048179  26.433881 
 7.895877  127.432240   0.519656 
22.481675  142.378303  -0.763443 
 8.516071  114.905583   9.396177 
47.030144  50.195563  23.071577 
63.863916  78.615275   5.910316 
52.879958  125.198389  29.127274 
-3.947845  135.892467  16.319951 
36.153595  54.829827   0.527091 
-0.480736  65.871812   8.393310 
28.883553  47.315545  44.379400 
22.427923  72.529734   2.705389 
30.885284  112.786877  -15.515450 
-12.531933  129.017767  -19.144438 
48.345195  45.546463  38.340667 
64.009699  132.497167  -9.219273 
22.548179  127.589322   4.179481 
 2.302365  61.512154  -13.465234 
25.695006  83.709878   1.193689 
-15.673859  48.434612  20.707487 
-2.670509  71.021665  34.255676 
 2.735054  121.500488  36.593421 
38.233046  80.617267  32.016814 
35.100920  107.713528  24.156214 
49.691580  116.125508  -4.467470 
62.558856  87.968708  33.427249 
69.221266  51.527962  44.337706 
37.738872  140.256921  38.181378 
41.055991  89.001218  18.492829 
75.262026  89.856401  43.858640 
-8.229347  77.255658  -8.477902 
28.020531  85.740928  33.541684 
35.970643  126.274425  -8.088126 
 9.059531  90.596432   5.664940 
39.649526  83.265095  -22.448549 
36.310875  66.956195  15.387214 
-8.869590  103.132162  18.219552 
64.701394  64.019550   9.224756 
41.695108  114.849329  38.805773 
15.186920  73.075656  44.407188 
-30.777902  87.496191   1.580568 
-10.361556  128.161976   9.181445 
24.237017  78.928602  10.323781 
31.498950  75.205928  -15.804248 
 4.242927  63.515273  14.799262 
36.118521  58.705932  -3.856177 
65.751523  97.199545  41.079121 
 3.321640  54.985988  17.336140 
61.624426  66.470301   3.184339 
36.380672  87.030855   0.620599 
37.813572  46.360298   8.852523 
16.642363  89.148294  29.331796 
62.014490  107.522307  23.817600 
67.463548  95.809751   5.741040 
41.788608  79.773518  15.956643 
56.196189  116.904080  -11.009223 
68.527577  91.521296  -11.107467 
13.942041  93.665192  36.714371 
34.559460  90.914553  -16.063009 
20.866874  105.921604   8.758517 
44.995025  96.875529  45.237011 
43.002704  86.397017  34.780583 
78.544133  120.145449   6.997994 
66.802150  60.612158  31.446703 
33.172593  47.946661  -3.952948 
24.648409  115.626376  19.354672 
 9.079021  80.959207  -18.389366 
21.898768  101.462749  15.020093 
37.142380  96.662792  25.523332 
 7.208608  96.189796  26.023618 
66.175004  138.967150  -3.763767 
53.974179  61.208156  46.375517 
35.038845  127.452797  48.587150 
30.725260  127.627519  14.793176 
18.136566  41.157841  -9.674527 
35.972424  69.763247  -6.710798 
-10.540814  111.018682  -17.086450 
 5.464213  125.092633  16.778745 
15.114102  92.231395  23.241517 
73.869354  67.341290  -9.013997 
54.184691  65.413307  41.382874 
27.964486  49.806167  35.957029 
-17.491564  67.697736  19.862599 
11.924604  80.176632  -4.981989 
 9.767826  89.536411  13.704505 
14.220270  78.888579   4.721972 
30.686943  65.033704  31.245556 
 7.846930  50.807031   2.754973 
45.505965  121.344227  39.066196 
27.199421  61.596548  -15.537070 
79.031525  83.116876   4.839716 
16.055124  114.781779  -1.477641 
38.238819  132.443551  -4.723308 
59.684129  112.958362  49.263287 
44.801131  42.019039  -0.704357 
37.259269  76.596732  53.476224 
46.803035  59.408581   6.998705 
42.843303  71.280253  30.126714 
18.085929  124.587916  29.172780 
30.191926  118.319142  36.339371 
78.109163  83.561279  -4.668454 
 8.115238  73.955125   8.616046 
65.068529  124.118957  27.378322 
65.411422  57.782339  48.506022 
51.367734  114.673067   6.147918 
32.237078  114.233815  14.460311 
-9.504670  132.213599  -9.862473 
-8.285083  69.570983  22.987625 
-3.530395  83.988123  48.661249 
45.954815  79.756671  -5.267824 
-13.853500  57.181871  -20.803929 
12.952461  63.099238  -2.716519 
-17.144401  111.664412  29.808037 
19.948790  53.894146  -15.847246 
24.451051  79.253851  23.514938 
65.813410  47.902901  25.689493 
57.139920  125.310095   9.943307 
77.305493  70.671410  39.236513 
29.367162  105.368592  46.418498 
19.232143  60.735544  48.777293 
37.425286  126.154982  41.323357 
-13.046159  52.554792  26.129294 
37.411286  129.823119  33.033881 
66.979979  57.428551  40.445955 
76.736808  40.094409  18.182638 
 6.644648  85.769547  18.835770 
55.254794  101.265450  -9.020748 
-6.838794  104.704788  11.775855 
 8.877672  81.831902  12.096711 
66.836944  85.924747  38.378011 
69.879773  111.320301  -15.202670 
50.281031  75.934798  -1.758595 
 5.218601  94.215561  -13.835085 
40.670682  82.438792  24.436289 
71.882913  74.862163  -17.234641 
10.753537  72.530307  50.871995 
-5.097590  62.569345  -17.990811 
33.449930  117.247162   5.942472 
-0.899665  76.697285  12.009691 
23.832709  56.414233  22.614868 
 3.604181  59.317625  22.872373 
26.519413  39.866062   9.374300 
-2.415394  102.410850  -4.658434 
58.457741  93.838984  27.231495 
 5.316036  58.652612  36.679365 
33.284459  107.644849  29.837537 
33.166417  99.330175  42.121315 
23.122431  82.530193  38.970732 
52.541408  103.649482  22.935974 
32.573185  69.613208  24.715718 
66.552664  105.304255  35.667149 
55.767366  71.029512  23.335515 
22.789368  123.589644  42.027982 
25.910238  55.505081  32.400570 
 2.751054  72.661799   4.790271 
70.756066  115.151647  18.951428 
21.044091  96.120037  26.809252 
 2.213867  118.695322   3.624377 
-15.988626  125.016028  15.859887 
11.417206  66.835801  12.874190 
39.614266  142.726115  10.214139 
62.503276  98.915358  49.000391 
57.475916  110.961944  41.447537 
 9.230610  62.481620   4.350754 
30.212118  78.095980  -5.083668 
47.130462  79.854850   9.729405 
18.361658  59.108275  28.835996 
 3.997464  53.970436  30.231044 
31.866734  97.024368  10.808753 
 1.135500  111.013368  -8.073811 
-10.038323  81.082757  34.305736 
 4.843613  69.373219  48.243877 
26.925881  103.174653  33.399302 
62.797610  96.675037  23.257379 
26.904391  88.632266  42.690341 
-19.091841  87.601985  36.528876 
 4.722472  72.288606  -6.785775 
32.438728  116.499323  20.947552 
33.982566  96.161545  49.379912 
52.677456  82.111026  15.786743 
47.453527  125.321364  -3.221951 
24.552385  59.834143  -6.482545 
41.722668  57.876532  27.075304 
37.522841  106.752728  -2.307512 
15.467527  64.114251  41.239260 
16.219514  135.465555  24.789629 
19.074208  57.637403  12.392076 
47.177445  91.607946  -8.240268 
-11.437106  107.859014  35.774815 
80.601782  122.454435  15.447334 
37.338632  63.361627  10.838569 
16.056570  85.808452   2.673250 
31.353073  105.552895  -20.300982 
31.980663  63.247454   4.620871 
63.023125  80.510562  -10.599623 
-10.228125  40.292427  -19.960522 
66.477925  101.891842  12.633574 
70.420327  102.345101  27.270050 
58.247164  61.688676  -1.628157 
67.402799  101.591449  -18.206737 
10.488999  126.782567  48.120068 
26.185877  96.818941  -24.894585 
42.503047  90.374451  12.707536 
47.349177  119.687812  54.829881 
44.453062  85.616146  53.918221 
52.195876  105.750184  -2.742188 
62.505323  127.994849  15.017885 
59.120512  68.131731  17.110660 
20.167310  133.112512  48.780987 
22.778712  81.910645  28.644050 
28.836433  60.027626  26.261383 
 9.873096  87.583901  46.108396 
34.459209  51.727561  29.760516 
88.397023  84.890427  26.351486 
10.095871  86.909903  35.044178 
-11.998496  123.053394  -5.235545 
62.685958  96.245683   1.050716 
78.494727  94.498512  17.678005 
33.038412  57.461647  44.673715 
 9.128369  109.351123   4.476851 
44.284365  92.515697  -2.747253 
24.690524  97.295594  -14.157929 
42.894535  112.931270  28.075420 
47.388106  64.412436  36.619956 
-4.550662  58.956595  24.921729 
47.852294  119.758727  44.145041 
45.318221  117.284113  34.653394 
-1.484533  101.579007   6.099950 
25.850076  83.720471  -13.418491 
15.160158  120.559105   6.940760 
-2.222265  81.416412  39.926259 
38.961625  115.345044  -7.536806 
41.249281  136.236808  28.117939 
36.456151  95.614334  31.181248 
27.912622  91.467634  15.299070 
32.627920  133.087449   5.773597 
-16.790511  89.996930  -13.018864 
31.097589  74.857502  29.230446 
-13.224116  44.358332   2.458820 
22.101727  65.191551  35.603326 
-23.903920  123.163196  33.387808 
-0.187649  69.211714  42.947463 
22.664042  122.694905  15.969749 
28.842329  130.976037  21.771583 
51.632566  112.531538  19.438028 
56.976415  109.206128  46.589229 
41.290827  115.024769  -2.675366 
-13.196324  72.481706   3.918768 
18.425463  53.661276  43.429541 
11.267978  79.660609  39.826334 
18.388298  73.493222   9.612748 
25.731554  70.187418  15.913704 
-8.507594  45.280792  -7.811394 
52.857944  110.280575  26.677827 
46.939866  113.735039  -21.462724 
60.082684  116.645504  15.240256 
22.174920  68.242187  -2.489517 
-26.157407  90.149535  26.564643 
46.182288  128.231597   6.618793 
60.984048  96.908543  36.779682 
49.832901  110.939514  -9.260472 
34.509495  110.941876  40.346491 
42.171413  98.144416  22.671004 
40.289988  106.321346  13.086376 
30.334162  64.472159  -7.823990 
49.044562  85.010006   1.848162 
-7.577627  93.070043  45.390376 
72.411598  63.563574  -14.524239 
48.322277  78.434228  39.889811 
-14.749724  93.863989   8.438433 
17.153371  115.929750   3.047042 
46.676707  129.760119  19.176087 
 1.853257  135.724439  -4.304519 
-3.852473  72.596681  -13.776565 
17.340487  91.286479  -10.387069 
83.196918  76.799838  13.277195 
21.430744  69.476831  49.539887 
-1.123959  99.576509  22.534592 
61.175676  84.330730  19.240826 
31.193723  107.955723  10.201821 
62.695309  49.191214  -4.402690 
72.657225  102.825004  43.725662 
56.216150  55.883502  24.612448 
21.047360  109.795355  29.369302 
56.910881  118.431679  -17.233331 
48.957090  83.101827  -13.075836 
15.725229  67.748110  -17.228171 
19.326115  112.953039  -13.557735 
60.680380  83.858050   1.243869 
42.830237  55.859621  42.278737 
11.958280  102.798260  10.246018 
-6.921883  128.997814  -0.503251 
 2.308451  84.099891  34.171184 
-19.939336  49.254148  10.862813 
67.852263  46.989807  30.928277 
57.536961  87.589491  53.857772 
13.583547  131.935803  -15.511016 
-12.555534  53.839498   6.025837 
28.673184  100.410022  27.976602 
-22.325222  83.947262   8.681260 
17.269252  104.174121  20.165202 
35.771404  109.227608  -10.055249 
68.284311  83.745593  -3.200082 
22.058699  86.287421  -6.125825 
23.819285  124.514748  24.541658 
79.114831  114.084141  33.538759 
33.357782  66.748530  44.393597 
44.228275  56.968201  14.431285 
70.204620  131.747358   8.998294 
18.868950  134.854896  38.641697 
82.851708  73.342794  -25.448610 
45.776875  64.337412  18.675064 
73.080923  80.260175  33.018648 
-11.041106  94.098142  32.706329 
72.603459  101.899723  21.020174 
 4.464901  128.149961  -9.746123 
31.795429  130.851261  -24.905427 
16.064274  138.418148   5.569688 
-23.840224  103.763090  18.171388 
39.050813  118.921200  12.022944 
65.198534  61.963004  22.418939 
77.931564  114.662545  -0.653282 
36.349752  84.543255  -3.518917 
 0.935641  144.547024  24.193503 
11.316796  123.908769  55.038219 
20.960681  118.235123  11.308059 
-3.284884  93.788659   9.842780 
-3.417685  95.141261  27.331475 
-3.691229  53.385229  33.651818 
49.648451  104.201599  34.904655 
20.020319  74.356035  37.517462 
18.381278  85.235413  19.858965 
57.011820  82.932973  44.098216 
-2.626907  61.022152   4.791819 
47.208960  99.154973  -22.913960 
 8.621558  53.288168  -3.933699 
72.962236  97.786756  -5.707280 
 8.334692  59.546574   9.520403 
31.324835  55.943165  12.219643 
48.925920  76.276216  49.743329 
36.695679  87.827303  38.802861 
16.002436  117.900499  -24.069148 
 1.828883  43.647975  27.315270 
16.386546  66.189092   6.427172 
-13.430651  49.966185  39.538794 
55.654263  92.413391  -1.144938 
12.762994  91.223718   8.983023 
 9.753146  131.255345   6.069847 
19.735978  131.307930  33.034404 
-1.703679  118.890948  -20.607917 
44.532156  127.526422  11.591999 
-2.406822  125.524370  22.284766 
-12.892596  107.788717  43.112330 
38.178659  63.841063  -15.358562 
13.867050  116.064149  18.953297 
 9.273096  138.266040  35.751176 
81.912408  52.962732  -9.856441 
-11.924268  78.235760  15.099324 
20.697654  76.487021  46.090786 
26.458159  63.936980  -24.573138 
34.761856  59.234830  18.215011 
43.296885  78.891821  45.180707 
11.281627  61.584673  33.030370 
37.277967  133.147559  14.785446 
76.976040  89.489434  37.029229 
71.203041  83.288343   9.688897 
49.370003  39.628415  -8.735312 
 1.552466  75.248094  22.027558 
-12.226729  80.544990  43.565193 
16.373729  103.469479  34.368797 
-5.437601  51.102194  22.303481 
25.473675  132.969534  42.705878 
57.829798  84.268564  -14.896886 
49.558505  74.336411  13.679353 
11.703692  47.640089  14.595070 
17.495380  57.727084   3.415342 
45.002535  104.506589  -14.245481 
29.370157  91.707081  34.450973 
 2.413994  80.780871  27.393547 
14.664163  55.906437  17.736143 
43.212830  89.244661  28.797982 
29.661064  67.314568   7.951896 
 8.525306  134.909649  19.036931 
39.275733  112.410166  33.755513 
31.418397  78.652578  12.201645 
-18.502084  108.244629  23.581333 
59.488724  73.810883  11.492519 
47.403645  101.346231  -5.670173 
11.001447  106.254078  15.785411 
68.139224  119.392082  39.146866 
38.497441  106.383988  48.009195 
15.851707  38.109181  36.673705 
53.748480  73.142295  44.568883 
34.127515  118.963464  -20.766692 
-22.694196  83.297609  19.001981 
58.469222  96.670874  19.213694 
42.796719  131.548345  43.043996 
57.206695  52.957571  42.620290 
-27.665884  120.328432   1.562005 
74.651442  57.357961  27.349474 
24.532000  136.917964  -17.821103 
17.662419  62.478835  44.923033 
-6.585565  93.297747  -15.972496 
28.448410  80.663767   5.477363 
 3.874652  44.531686  -3.098932 
48.201507  95.300350  18.456893 
58.661874  102.684012   8.529376 
45.323206  58.862958   0.436335 
26.352767  88.657310   7.505278 
 0.825722  82.462075  -14.061264 
28.645225  117.864698  47.362472 
 4.823290  44.472442   8.675186 
50.863232  94.002539  35.163784 
35.488218  105.046374   5.833529 
71.059479  114.770442  24.313399 
 4.479076  107.680600  -14.758817 
 4.350935  81.676843   1.429126 
 7.137537  116.020275  -11.342239 
50.447919  87.286106  26.456861 
14.767634  74.201517  23.298163 
-8.411668  112.688784  48.932069 
85.196505  114.772052  -14.285978 
17.239276  127.473048  19.687738 
62.835347  82.125729  12.609637 
-6.419831  80.132817   3.964153 
74.628882  94.631219   0.659457 
36.585311  83.803967  10.850040 
-12.119505  82.856424  -19.213252 
22.342267  96.208598  38.717040 
70.399935  106.844631  39.219090 
 8.242030  98.836027  19.877828 
61.747580  59.381366  -15.721065 
24.128234  43.087516  31.929318 
 2.530006  51.522125  -23.442699 
-24.998784  109.306811  -11.309429 
 7.458914  69.317224  40.730909 
64.712516  53.405510   1.812055 
27.489842  107.974082  -2.556508 
16.291182  68.574186  16.700148 
55.533567  70.191209  34.447448 
 4.302082  120.717776  48.039654 
62.738723  97.679088  -4.801754 
78.899458  64.955187  19.076339 
36.998415  62.185783  21.939303 
72.106956  52.326065  13.248704 
58.104775  128.851598  23.841865 
33.471391  120.075043  26.343676 
10.272598  74.470778  34.167928 
-3.467246  106.633307  -24.723467 
51.607270  108.814179  13.852890 
56.448056  101.755251  30.828332 
59.734294  131.146500  44.640418 
77.054658  63.298957  33.509134 
-6.648992  100.906970  32.005085 
17.245232  92.971465  -18.770376 
69.387947  92.326117  28.388897 
 9.531026  41.444629  -16.725023 
57.353016  106.787466  -14.919887 
35.513990  84.017487  27.631066 
 9.593326  84.981040  29.001737 
-18.186532  113.377898  -4.070986 
50.198803  132.164280   0.868173 
30.430472  109.228546  34.839320 
-26.695312  61.814907  -4.278275 
58.005036  72.042564  -15.671065 
43.326592  70.318316  23.274438 
42.697901  70.027893  -10.494156 
 3.254559  102.639391  13.165630 
20.726249  128.088576  -19.990720 
15.734414  52.477936  37.693755 
59.836077  132.353476  -1.521782 
70.569418  69.265433  43.985226 
16.177351  101.719231  -7.331490 
62.380433  92.183988  46.565013 
35.678848  80.339871  39.599582 
78.422521  77.406170  -11.219809 
71.691722  132.026038  -14.857883 
 8.451605  71.652493  -13.118874 
18.836938  52.357260  -5.838154 
39.681579  102.731953  18.214562 
 2.548767  73.123531  37.179595 
48.133856  125.714937  -25.197939 
13.974669  42.128774  26.866104 
16.506609  62.768508  36.487197 
19.789778  119.168465  47.602370 
20.324246  94.625080  -0.749124 
-0.589566  110.792543  26.204410 
10.622969  113.624572  -6.363616 
48.528680  98.533360   1.298514 
-6.607891  59.845859  17.400373 
39.345514  32.329559   4.452462 
62.272956  48.094958   6.891746 
62.511017  138.372288  -23.128240 
60.861378  62.418831  35.885374 
71.270299  120.698032  -30.097446 
25.759755  45.214471  38.477424 
22.542278  131.334831  -12.192137 
26.838684  133.107526  10.060770 
-5.099792  61.047859  29.206845 
 6.177121  101.327536   1.273319 
 1.122380  94.436701  16.625119 
-10.734738  61.417562   8.942245 
76.363132  52.640673  21.277625 
70.332546  111.866694  -5.593470 
31.518017  97.357525   6.424708 
 8.114833  99.241716  42.178191 
36.794397  71.459035   6.277354 
43.579857  108.693578  21.901248 
80.835480  48.794345  -2.455596 
23.866606  120.478478  54.348010 
-10.710244  117.486016  22.047292 
57.279218  67.431297  28.417900 
-4.421432  48.060201  -14.360900 
81.187455  65.201368  -3.979957 
41.793062  104.590284  31.099400 
 0.224081  102.150260  46.479864 
-11.717254  53.624560  32.214051 
73.423438  108.547890  30.347181 
52.605640  93.712090  47.446654 
42.666787  69.791805  -3.530498 
53.124773  113.814722  31.489494 
-0.921876  132.473654   3.525499 
37.211320  97.439319  54.178120 
-16.080316  99.120842  12.968956 
-5.293629  112.545020  -0.285402 
34.233120  107.605209  53.358334 
40.664211  78.820860   6.078442 
15.470514  96.525945  16.453226 
61.163670  134.337913   4.979797 
74.661969  69.112150  12.198721 
-0.836535  53.384423  11.693025 
46.184125  98.218470  11.784311 
15.891366  44.116453  49.875682 
 4.120666  95.946336  48.799903 
-5.038676  123.444423  16.387986 
18.122439  112.831528  44.002423 
28.685079  129.018696  -1.031057 
64.733578  86.431038  -26.003677 
45.963103  119.390266   1.930518 
28.533036  44.340209  26.793673 
20.127960  106.738279  -3.656799 
60.656293  70.862779  -8.394432 
 7.560643  69.443027  25.416072 
29.970533  55.485353  49.485067 
57.029433  54.115347  34.705079 
17.710163  120.723261  -11.217765 
53.530011  109.622457   1.690414 
-8.271890  101.066575  48.614411 
 1.482701  125.592456   9.610019 
30.189755  103.929848  19.855551 
-1.155201  94.546465   1.999477 
23.242577  111.574956  -8.462122 
32.747506  95.830086  -4.360343 
32.800903  97.688130  37.502129 
28.644288  92.406740  54.372993 
66.091090  73.693397  16.906893 
46.958643  104.179875   7.891586 
11.565259  125.334569  12.508008 
-1.609812  108.884960  18.481765 
42.713219  59.175341  -10.502542 
44.057566  95.919154   6.187862 
64.202645  107.313579  -9.889968 
 1.806546  132.193606  -15.472598 
50.046020  75.813197  19.654739 
51.575332  117.091157  11.448849 
-16.543553  113.986378  14.510797 
52.747567  64.883926  -4.993548 
46.743118  94.816667  52.097241 
45.518176  119.802589  16.260648 
-4.657777  136.246687  43.532874 
57.256420  82.492063  39.177044 
-10.072007  98.534764  -2.754679 
65.276606  135.988893  15.332177 
54.741556  57.692569  30.367098 
67.573095  66.673984  -21.732662 
55.084363  81.014830  30.494479 
28.346564  89.176508  26.995158 
67.734981  62.143166  16.155854 
44.622737  111.388510   8.765722 
14.976428  49.003716   8.591510 
 6.335982  111.266406  21.430312 
-19.293141  63.402016   1.304316 
46.023635  116.772738  22.980790 
-8.322372  46.089189  11.539345 
10.984266  136.526198  30.197997 
48.505186  130.491755  -13.154582 
54.516086  45.722345   1.882472 
36.184505  96.886504  15.548496 
22.442390  96.708060  49.920226 
53.223722  135.910409  32.387665 
 2.777345  117.233282  -3.215165 
-16.851990  131.037044  28.594986 
-1.134741  54.259581  -8.703093 
-9.474215  55.985971  -3.427517 
44.724351  112.606800  49.141848 
36.212267  123.285305  18.763047 
42.040788  69.721901  42.251475 
37.453589  136.077378  20.914628 
-12.836294  88.200349  16.843719 
36.707761  48.834069  23.470172 
26.664166  108.036136  15.723082 
47.467280  125.947603  25.269218 
44.968174  76.226837   1.485819 
44.076877  116.084465  -15.274233 
40.666629  133.438085  -19.166382 
-8.290309  80.386572   8.827373 
58.958171  82.022442  49.851524 
21.175750  59.072892  -11.640077 
-6.124007  120.012154  -13.310682 
40.872249  111.912380  17.286203 
-6.464243  135.042682  26.546418 
-9.304382  97.436280  -9.696137 
24.722300  103.402485   2.826358 
55.590757  83.752720  -20.263660 
11.236763  109.482168  29.393629 
69.155369  56.905687  -5.742024 
30.633982  102.306026  -12.232237 
33.701521  55.265738  -12.398684 
10.188739  60.440919  -19.976705 
37.017409  102.798639  -6.001210 
-1.362186  110.337472   6.931308 
 4.968187  104.160792  37.060572 
13.798502  82.570771  -13.520119 
76.789276  39.921700   5.042172 
60.680593  65.588823  51.746224 
75.436172  91.755176  31.850036 
23.359294  60.373319  16.862974 
20.447548  78.969692  33.032597 
-3.800515  102.460439  -13.456790 
-2.471995  48.191313   2.840018 
64.076552  114.568044  -24.058194 
 3.529306  122.970435  43.633150 
26.345173  103.018160  23.315213 
27.126789  122.370535   9.854166 
-20.349459  106.189825  38.106824 
16.556407  82.369942  53.839484 
-0.691702  93.538703  36.488263 
28.161821  59.167132  41.473017 
-4.751800  61.316604  -0.486047 
41.007766  74.455310  36.083177 
61.217105  127.003715  -14.325363 
81.117718  106.330772  -7.222050 
36.404794  48.065564  -9.538028 
69.954364  125.458990  19.806384 
71.197294  107.717008  15.016603 
21.437347  118.309391  38.434896 
-11.494331  36.809109  -3.595952 
-24.591658  128.850408  22.690929 
-3.148167  111.309755  33.447619 
 8.528198  53.865898  -14.203690 
51.761309  131.112497  -7.217335 
54.666573  79.784312  -7.867438 
53.507118  56.204527  10.129762 
12.988598  50.336391  32.361392 
22.749556  137.409456  17.653000 
72.053755  130.443757   0.997275 
82.219461  72.752052  29.296916 
42.041457  109.599433   2.612930 
-6.902273  73.335065  19.556172 
 9.246602  125.029508  33.435751 
42.464691  122.758296  29.563126 
77.706289  131.536401  -22.057332 
61.348714  114.610328  26.961135 
 9.325971  28.380101   2.297518 
33.562170  72.621063  18.843706 
81.199363  118.188849  21.935874 
51.444044  103.953823  50.029445 
72.817364  128.671790  39.496703 
61.516533  119.063903  36.817536 
66.609615  91.640005  15.933921 
-5.387479  67.499584  12.857422 
44.676294  78.128087  -9.275842 
51.973109  44.525665  27.869993 
11.451395  57.298469  47.918751 
53.536982  82.402869  35.171867 
10.667555  102.737086  26.208976 
27.874948  131.395052  31.523823 
73.681034  79.654367  48.699485 
-3.190888  44.524350  17.087671 
38.424602  98.597473   1.384005 
35.902026  120.795702   0.379894 
-17.308543  91.485632  -5.202293 
 1.058144  86.270086  -2.328477 
54.836847  122.052833  22.103033 
73.428991  98.588597  -30.222882 
53.798665  91.592715  23.105898 
20.787932  79.885464  -2.216621 
-0.956158  91.850375  -7.519549 
 0.682425  131.785085  31.854212 
28.505330  135.147641  27.141019 
38.343923  98.461176  -11.254704 
30.858660  119.339624  -12.132279 
43.989008  76.353506  -15.411295 
79.275740  49.950385  36.587101 
72.460056  54.495149  -23.789248 
26.901264  43.998593  15.451103 
13.106117  125.839357  36.792734 
37.890651  126.759517  24.438923 
-2.307916  86.419450  14.265848 
 4.006987  137.825522  11.829948 
17.204210  51.252519  25.736594 
47.058069  85.984052  48.287140 
-0.308819  82.270195  -9.164198 
31.716957  87.369970  18.145703 
82.944907  101.509949  25.099763 
77.196223  125.908629  -6.052699 
11.316493  114.733942  32.653706 
64.322714  71.489895  28.476508 
13.224900  102.649540  -13.221081 
-8.453315  66.037821  34.394384 
48.304267  49.725118  -15.026353 
22.847705  90.611012  11.068281 
71.350951  119.024592  -11.065253 
76.847401  75.175154   1.678990 
-11.615458  74.056936  39.266106 
34.058097  85.699242  49.685368 
12.044435  74.218340  29.212757 
-5.560280  89.469422  20.191313 
88.110068  85.051065  -15.627113 
16.440354  78.124745  15.741082 
72.567768  68.975943   6.002002 
66.785506  73.224972  53.972550 
56.336168  42.465037  13.894899 
19.442691  96.911185   3.916037 
 6.889092  123.786012  22.057857 
53.898428  100.096309   4.819659 
39.440936  121.114353  46.475807 
 3.516518  131.696954  -20.809689 
38.213850  45.883732  41.101395 
24.721076  39.063368  43.400874 
48.879468  64.537532   2.005144 
94.672126  65.414793  -4.156880 
 5.888216  36.717935  32.673335 
60.097650  116.023992  19.860684 
80.607119  97.951726  -21.593040 
17.741156  112.166333  36.415056 
38.673578  88.931911  -8.293078 
54.207795  60.908677  52.618618 
19.604141  45.728286  20.775208 
72.793458  88.685165  22.690926 
49.613106  74.480822  54.627971 
 9.127973  59.374157  27.116714 
60.747882  90.304381  -7.799241 
25.634801  107.061019  40.478140 
50.052536  50.315006  18.684638 
55.078159  120.579687  34.398274 
78.809763  102.158518  36.558925 
40.490597  57.226386   5.256283 
59.174417  118.489843  42.981443 
 4.260484  114.770082  14.944775 
25.025258  114.442635   5.304333 
43.975639  144.723061   1.158144 
22.934758  109.653440  49.652684 
48.219035  49.821868  32.947159 
71.187964  53.916106   6.836083 
 9.065079  99.521112  -4.506462 
31.327943  63.273267  36.244488 
10.205032  89.818876  -2.055782 
35.605185  84.044020  -10.831337 
70.262514  108.007832   0.336032 
-18.485874  74.807501  -10.544673 
-14.864521  94.536628  22.732036 
39.882782  72.640586  13.109218 
12.117981  138.729818  -8.441050 
69.104373  71.135775  22.687262 
 4.063359  63.601092  -0.519880 
11.242930  72.417097   0.372283 
40.972957  38.948139  28.945893 
-4.600798  120.010541  30.271764 
-8.078055  85.955636  26.282791 
38.683000  121.969462   6.789797 
60.035665  93.732947  11.300797 
41.043188  101.848338  38.829649 
53.589478  65.380025   5.165999 
53.123677  63.552994  19.798154 
32.988177  115.511458  43.140302 
-8.188056  73.486119  -28.011580 
-10.536318  110.358781  -9.709327 
26.830750  114.363115  26.783039 
-13.189116  108.091164   2.137569 
55.599461  109.635078  37.655396 
19.332797  115.623932  23.209958 
27.291125  79.601950  16.610310 
67.615443  68.782578  -2.696355 
20.656976  97.219875  31.604207 
46.265676  101.398385  26.659982 
-12.185203  92.666218  38.536964 
29.791207  52.334089   3.699260 
24.732913  54.070752   8.103556 
55.041247  102.841908  43.646085 
 3.639598  86.322512  23.237860 
17.426445  129.315301  -0.952917 
10.835834  120.798132  -19.203093 
12.885727  45.379939  -29.851017 
60.363125  72.536937  -0.753387 
25.736970  147.487049  32.448750 
19.792664  108.384030  -18.394647 
52.693321  127.486342  15.336842 
-0.893066  64.224132  -6.793745 
13.757346  125.036028  -5.494553 
68.175806  122.031796   3.609814 
16.574768  33.937069  16.445869 
16.718431  112.294746  14.557609 
34.044883  78.916939  46.319791 
-24.551573  78.537166  33.185797 
31.108665  73.524232  41.404859 
65.217643  124.559283  -5.066790 
13.270135  83.052957  23.115800 
62.652923  103.873046  31.758210 
35.329048  106.438412  -27.882816 
70.915766  120.658610  12.551397 
28.743787  114.312461   0.974946 
30.309175  140.192469  -10.093010 
 0.227200  74.325003  -19.679952 
41.742176  96.195995  34.725868 
39.124622  132.289108   1.758207 
41.593056  43.844767  -28.243521 
48.726278  77.555909  26.913055 
20.802566  68.398543  30.472971 
-14.199546  74.775810  30.049129 
67.903389  116.657366   9.332840 
45.134455  122.660850  -11.305174 
 2.752153  138.126152  38.798190 
52.357979  84.555460   5.575967 
-17.011556  74.920162  -2.634075 
60.404177  101.463010  -24.079115 
-5.921681  135.983604  36.409090 
-4.368077  110.947450  39.596087 
 6.530730  94.726781  30.851418 
32.674537  69.084268  -0.803671 
-15.870046  57.459855  15.502681 
50.046095  143.820353  -9.831785 
75.506587  64.000001  48.503486 
24.041080  69.873739  21.246562 
48.324174  125.626673  49.172934 
67.832525  132.530895  23.343926 
71.731967  120.110515  -20.122253 
59.460570  120.550560  -0.851128 
54.672745  73.740036   6.348730 
-0.496692  96.922489  40.720955 
30.225815  51.286997  18.349804 
55.237211  97.858423  -17.364934 
56.474641  128.802156  -21.151787 
-13.228017  60.890040  -10.234481 
59.539767  79.559762  23.361962 
21.692188  71.680956  26.746842 
15.837454  105.232337  41.081621 
61.616288  107.497708  -2.029117 
15.161658  69.342895  -7.210705 
-11.249242  122.376825   3.954558 
40.285820  59.855258  37.337590 
85.760326  107.224128  16.713197 
64.212810  83.015821  28.260400 
39.778657  49.723290  47.628422 
40.999111  45.656523  16.023064 
22.370425  74.003572  -15.775129 
24.691401  66.617985  11.711160 
56.886935  123.735587   4.737437 
54.308734  90.257442  15.393017 
31.349774  134.042270  37.928559 
67.158150  84.113359  43.525997 
 3.764140  60.269805  44.179281 
35.213270  128.841119  -14.683879 
30.848357  126.226547  36.666271 
 8.318496  84.946728  50.813703 
23.545854  94.749862  20.576108 
-11.617948  122.858981  35.971286 
67.150753  48.938648  36.847723 
-15.708451  109.759513   7.480268 
74.175484  77.576087  24.465730 
55.295241  134.913111   9.580562 
28.188776  41.909336  -0.921896 
61.833944  71.330455  47.592211 
38.697752  89.504139   6.223827 
62.262944  53.447954  12.735570 
48.712773  75.970113  33.952394 
14.630286  128.963881  43.483916 
-8.821730  142.062609   7.724620 
61.234692  111.573777  10.237550 
77.074555  98.417467  -12.511349 
44.588857  89.433535  41.242173 
 7.917379  90.352840  -22.932375 
39.034582  62.511703  31.643444 
23.855293  69.261046  40.922160 
 8.904625  116.306693  40.459353 
46.946271  47.922951   9.732709 
88.126191  90.248279  -1.095666 
 1.529314  53.394699  39.214623 
 9.551850  89.078681  -8.749745 
38.115079  73.299873   1.463882 
-11.756668  63.147474  37.534404 
-0.372525  111.407085  44.097573 
48.992042  142.241861  15.937472 
-20.917599  63.497860  44.181368 
15.956200  134.650823  12.499345 
28.025507  84.565638  22.847771 
53.256246  63.575238  13.788429 
19.681782  84.361864  47.000746 
12.738131  109.214178  48.641880 
16.624269  107.831854  24.295248 
 2.820690  85.056151   7.219353 
54.134567  93.517118  40.523264 
52.818200  101.520482  15.975116 
38.514806  146.505168  21.263653 
-18.019984  96.871059  28.578877 
-14.351719  121.704239  43.011666 
28.261838  72.119067  -11.140546 
57.896100  132.211728  19.501590 
66.321707  88.563008  -18.020445 
20.251483  46.615215  -22.869235 
63.643275  74.252370  40.565874 
31.203894  74.074607  35.769714 
70.623262  44.487607  -10.256051 
63.883052  127.996979  33.814116 
33.217623  48.759145  -19.776587 
48.747912  84.900368  21.654315 
18.667789  86.338164  15.162337 
45.005973  59.193185  -6.517622 
50.964440  96.135749  -11.369617 
54.997985  84.551816  -4.092667 
52.852391  68.878783  -10.462981 
51.307103  93.918970  30.608758 
10.420562  98.913038  48.081581 
-3.610744  72.135435  27.686325 
-1.169225  73.328672  -1.799281 
-0.173592  77.006306  16.877145 
18.804296  45.526107   1.702775 
45.433070  130.834877  33.954746 
66.461179  65.738809  38.977383 
61.478656  52.633560  18.868921 
82.506652  101.904767   9.969093 
39.772747  92.440040  -18.908180 
 4.474844  118.352791  26.872042 
-4.921672  116.244245  12.213935 
73.450005  80.951457  17.943173 
66.176682  74.576718  33.987533 
45.203639  69.012827   9.839516 
 9.160334  125.597159  41.875832 
-12.721655  93.221087   2.090264 
30.746739  65.456234  50.331604 
72.013002  105.718983   6.454268 
24.334281  128.187529  -6.545756 
36.885842  49.689701  35.673197 
 7.116706  78.998075  45.200889 
-7.720781  107.846146  26.581833 
-18.371074  67.695274  27.047409 
 5.851688  64.687139  19.884140 
64.413427  117.540244  31.838258 
51.793042  88.944199  10.286059 
53.592686  31.077852  32.637313 
58.641381  117.327638  -6.440852 
16.710056  63.885903  22.907553 
 3.513498  68.140498  30.826338 
22.406231  59.549089   0.251138 
11.251277  60.142072  -9.189899 
42.176103  53.095007  -22.138573 
11.765075  47.496226  42.143672 
-3.411978  82.815775  31.439302 
22.917516  118.464841  32.703324 
32.151681  121.156363  30.985872 
51.652282  51.621683  -4.606127 
60.640253  90.154217   6.011694 
21.945539  107.372658  40.067779 
62.195550  48.701119  44.002165 
75.348446  75.674589  -24.355901 
 3.049229  117.218040  21.845868 
-18.142469  102.568095  -16.606969 
32.613319  90.420962  21.028699 
34.969367  70.538750  -14.961675 
46.067024  140.883504   5.037811 
60.643323  69.382420  -18.063260 
66.259655  71.876914  26.558438 
32.261752  119.745893  41.485188 
80.490277  67.636632  40.678724 
 8.979394  82.598325  19.631765 
67.488378  132.909179  34.291712 
11.513798  63.281982  38.799213 
 9.340109  114.979213  25.199754 
69.595664  138.578208  -19.392562 
75.652721  130.638352  -8.081637 
-4.124781  76.191405  17.758272 
44.689951  79.364665  -15.372899 
33.057047  88.534984   2.634890 
32.766679  102.242585  16.100216 
 6.967765  107.950762   9.017802 
-21.807440  129.469591  -6.776845 
10.269037  130.792274  44.131831 
-3.559300  43.042997  11.057145 
21.985419  107.061041  28.432798 
-3.694552  62.439440  -4.494337 
64.533151  65.144430  10.785749 
30.720030  105.169101  -16.254273 
63.923277  93.360407  -3.850580 
36.845444  62.871944  32.369973 
15.131473  88.417356  26.649847 
26.694532  110.530910   6.135011 
24.462107  70.222872  37.144748 
-11.734200  101.631400  35.834880 
37.226448  95.299004  -1.556242 
60.445339  41.466764  23.719175 
-5.292998  113.243304  -8.779108 
36.067368  68.900739  12.867339 
-18.268999  86.351329  -10.942480 
 6.558111  92.023617  -3.165616 
71.633023  115.799091  15.032785 
83.494977  113.270183  14.430178 
25.668997  56.571373  34.469719 
-10.136305  71.478704   4.070452 
19.744571  63.978508   8.367227 
22.115653  98.419863  25.622886 
67.546101  121.554518  23.178126 
59.193870  108.224852  11.690085 
-14.633402  128.716542  16.278126 
22.701835  79.300054  48.677122 
21.349879  92.672766  19.469173 
 6.245061  64.492183  -8.921373 
69.934076  135.664621  -2.581850 
14.670646  89.812040  -2.942968 
66.127879  82.743088   1.129473 
-24.087419  100.952099  31.818274 
78.416084  61.038045  13.260979 
-9.835015  78.853098  -24.197835 
32.023511  61.503854   8.713874 
17.431818  86.616467  45.461017 
58.028726  108.312545  17.892916 
28.292441  115.596635  31.390177 
 3.840153  103.322074   2.405616 
63.373731  64.466709   3.642859 
48.594331  52.699351  22.477915 
36.198060  62.278519  49.845199 
41.416226  56.410535  36.408569 
47.155273  113.774767  15.873384 
32.008246  80.622734  10.640791 
55.807154  107.349495   3.784832 
18.864297  48.457285  17.753386 
49.174921  98.470428  -28.771710 
47.910718  113.922866  36.911747 
42.931784  114.442077  -6.561168 
32.838760  115.455203  49.988879 
25.888705  101.403351  19.868103 
25.580095  87.784315  10.147239 
33.805990  45.052448   8.297534 
60.427177  104.153324  25.784917 
62.983704  112.280700   1.906748 
54.402524  101.163083  14.446536 
43.347950  85.174168   0.836929 
 7.703178  111.446934  -14.911651 
29.612406  62.298960  -8.100489 
88.225428  86.897154  23.750179 
11.752218  109.050462  17.315491 
38.921302  83.937100  17.852429 
12.791044  71.296411  48.925273 
19.106261  64.535065  24.626119 
-10.840408  122.413416  -1.081691 
63.327320  125.672054   7.572039 
-8.702097  101.480168  14.832433 
46.724721  45.168360   9.811366 
14.253310  42.368988   6.209979 
36.405981  77.195873  53.167636 
61.362697  124.520014  -8.020171 
-14.500894  49.557721  -0.030877 
18.988975  139.031245  -18.702323 
35.429390  126.358965  30.959774 
34.958671  139.901015  17.724299 
70.770233  87.820056  -11.303364 
58.977686  109.710139  36.258936 
-21.079163  102.879556  11.268369 
71.807702  110.373289   9.001343 
51.248197  123.756613  10.423605 
75.293814  70.036364  22.242819 
48.765658  75.997474  55.441169 
46.353084  75.961359  -6.470287 
 3.365642  88.222332  -17.177579 
-22.752631  80.609093   0.507046 
60.785054  84.808527  36.688928 
58.192500  40.975173  -0.114392 
59.259299  109.484812  -6.103063 
12.746402  146.391242  31.721458 
70.643827  74.292057  37.187497 
77.781576  114.706032  33.130863 
-26.977338  72.399447  16.057088 
17.079233  53.166296  43.927975 
 7.388273  88.042239   7.630928 
45.135454  128.541108  -26.110248 
-0.515881  126.959871  33.565378 
26.283431  132.009733  48.854532 
49.792469  71.517359   1.279501 
47.207935  114.540064   1.690458 
11.724958  75.386755  -5.243783 
71.810857  91.441359  47.415606 
 1.713779  84.081389  -8.753966 
67.270851  60.971232  28.011745 
38.794103  133.555347  32.114853 
-9.322962  87.435573  -1.572116 
51.551880  107.784511  21.973663 
33.172312  59.588560   1.039610 
70.032862  61.234140  48.664810 
51.346485  64.199760   3.919897 
 4.347410  106.033839  23.580416 
44.570178  49.154859   1.112253 
31.802454  87.791940  -21.388555 
63.053828  53.359675  31.975919 
16.457558  36.682548  35.807373 
-17.313642  115.485194  34.711939 
43.661608  60.984220   0.366936 
-0.499550  72.340006  -18.515838 
 7.717609  128.797011   5.251179 
 9.827101  67.672203   3.763021 
32.857551  48.558471  -0.937942 
28.069708  100.907120   9.614346 
24.190905  97.685710  -2.295828 
76.822854  102.627759  -16.819249 
-7.737548  67.033077  -11.012046 
33.492821  93.232009   7.783475 
39.481767  91.679986  -15.791614 
37.588716  43.546371  40.431534 
-3.542414  74.599642  25.576051 
42.677427  57.276156  -11.356343 
23.470563  74.649964  -7.567597 
 3.315167  127.011214  49.110210 
-11.982336  79.639944  44.040199 
46.778749  96.106371  19.258763 
 5.447579  141.192328  17.910887 
-2.718960  108.596492  26.373525 
53.851890  84.718729  23.699333 
10.429820  99.374566  -7.123330 
24.633807  96.601064  54.092365 
72.207258  126.877272  10.431427 
13.381536  49.397805  40.777754 
 7.710768  87.912721  50.284137 
58.370975  52.674361  18.227160 
75.383055  47.855670  11.748121 
17.310490  72.244743   7.054804 
36.588821  95.613641  36.602753 
31.070414  70.623655  46.224735 
28.440089  131.332398  -26.313253 
53.804708  37.629861  17.176829 
-4.049619  94.383476  41.544330 
24.804715  68.801968  52.243867 
39.096060  116.366872  11.416180 
49.978251  105.526321  -0.906393 
-9.755440  50.362266  20.230878 
72.452501  95.361044  -5.900782 
52.928101  64.803628  -3.267491 
12.486704  108.532438  48.847287 
12.788485  63.131656  -6.067445 
-10.099498  99.101391   8.040127 
59.059966  39.151587   9.821015 
40.205033  72.007091  34.850079 
66.089883  81.895337  20.329109 
 4.089729  71.699631  30.111740 
36.800668  103.687871  19.945199 
11.029788  84.285359  28.485855 
58.727107  97.356703  -0.577650 
70.247879  125.170925  -12.828608 
33.146537  100.349110  23.218368 
57.696314  64.986402  46.672442 
 3.715224  133.428279  -2.354082 
61.834786  139.778872  -9.182010 
31.284616  113.424180  37.921395 
38.485543  76.167939  28.067268 
 8.972373  86.269579  13.400279 
13.253742  48.803507  11.955765 
68.608954  88.557413  -19.592788 
-8.987180  43.355049  -17.033764 
72.981418  38.187204   6.711853 
35.970449  85.397185  -4.930537 
11.006950  43.667613  -8.498885 
-14.656603  91.655586  39.490676 
29.078755  105.450457  34.087232 
 9.298023  65.934551  11.068151 
 0.155123  67.052434  34.958425 
60.385671  108.533691  -11.183968 
45.842316  109.379870  -11.702630 
29.018578  90.321373  15.434004 
22.446962  110.432256  49.361819 
58.519056  124.413740  37.285242 
46.325620  126.412011  44.701009 
53.487437  57.610566  31.092739 
32.234907  84.497163  27.348121 
 9.367637  59.012319  35.435198 
-3.204825  70.112122  13.623720 
30.155516  109.385349  -0.150056 
 4.842802  98.900642   7.256676 
 7.534058  43.372569  44.759450 
21.900032  101.199073  49.066862 
22.046562  81.535890  29.083193 
61.210280  117.244229  15.589209 
20.878788  109.201404  -17.042791 
15.828553  74.717862  28.545945 
82.865445  123.503644  -21.722029 
-7.087734  32.170368   7.405940 
53.011542  76.067397  23.937002 
65.736183  92.717579  21.687799 
-7.726941  127.920298  -5.541815 
10.127077  31.190988  27.089155 
42.055713  61.460354  10.330999 
72.632533  38.563116  -8.104781 
-0.063238  100.316896  -10.052248 
38.818774  86.528975  48.008091 
32.845297  95.182816  43.699535 
15.602989  84.300037  34.762394 
 3.997552  91.292207  23.110129 
14.777218  87.826206  15.290819 
34.542174  94.000379  15.104091 
 1.784788  94.968320  10.851761 
 0.946318  122.444337  -6.004945 
37.818464  45.424591  47.350417 
27.576380  38.311599  -15.558697 
11.094158  78.966143   3.361755 
74.820906  85.321353   4.963746 
52.998181  83.857265  -15.708408 
41.147528  72.148008  48.472676 
51.515066  86.336315  29.733422 
-14.843511  62.789263   2.371753 
18.803771  59.704480  42.535640 
-10.933814  123.229686  -12.597785 
40.746525  104.066459  11.039933 
13.394980  58.180008   7.503724 
-9.199416  103.556571  45.107739 
67.057948  77.706818  -15.032052 
 3.390188  82.043703  32.447863 
 7.743792  54.542028  -13.822751 
49.542164  105.173303   9.647424 
-15.958896  62.649851  30.796970 
-0.668971  96.092279  48.951659 
50.744925  53.038839   5.092178 
-4.239798  83.615299  43.617503 
27.632258  56.594227   4.983548 
18.163865  67.299826  31.584178 
-1.985806  104.262988  38.915896 
64.460834  114.221260  21.093590 
24.128274  89.790150  23.788235 
 9.553011  74.565869  -11.205782 
44.238378  86.584041  27.660857 
 4.098648  55.934548  15.511581 
 1.486960  111.612311  33.343280 
13.701721  125.404372  39.217758 
41.142311  110.477831  26.835730 
30.323712  112.420958  17.515628 
 5.674190  79.239867  41.349326 
-27.573336  61.424640   4.437469 
12.132074  105.337649  39.054565 
53.380400  51.332300  -7.344865 
12.853211  69.514613  43.349044 
42.587198  53.981289  47.185331 
 7.697393  99.432129  43.481591 
11.641948  72.843433  22.458006 
43.898037  108.298368  46.647061 
39.238221  126.286471  -8.826976 
26.887412  67.159290  31.180455 
-0.093957  49.840103  -0.558214 
14.137261  86.035087  41.324574 
65.170586  138.195641  10.545433 
11.303109  49.005355  -3.373751 
76.849427  39.596280  17.560141 
 3.583782  60.911562   0.065402 
 6.703767  54.741096   4.607844 
68.713404  130.459010  22.735076 
22.084943  121.518151  25.521387 
 2.146562  106.835520  18.334995 
40.665040  87.875361  33.017347 
61.734321  127.913241  29.721752 
35.659910  60.309199  15.342925 
51.085563  84.613590  -9.451266 
22.839548  55.519860  -8.796256 
20.616694  128.416724  -11.448234 
 4.788759  116.362478   5.866987 
17.479876  90.469721  -15.661210 
17.679447  117.468752  -12.520188 
32.775263  128.481468  21.865368 
33.661855  57.929287  27.255549 
-22.504667  102.501906  -7.938459 
16.855110  121.004605   0.923222 
-12.983811  53.585204  23.976099 
77.092415  57.843796  21.350041 
57.187426  59.163248  39.629456 
-2.393771  86.657497  27.970199 
-9.865658  126.793008  23.361166 
23.701101  61.012703  14.488255 
 5.418634  71.642497  37.856872 
39.968051  64.658964   4.860306 
33.158324  142.873417  -21.810389 
-10.080410  63.717987  44.859810 
 7.376836  71.185747  -2.130879 
22.725940  99.709514  -25.250250 
89.291254  93.762007  31.833756 
39.402507  125.560634  38.775007 
 3.944274  93.808262  28.466076 
51.022739  114.722556  12.102134 
18.695156  127.301854  -20.228658 
24.805541  45.474739  48.577408 
 7.256860  71.576012  16.909155 
52.338915  84.307036  18.972264 
77.999986  50.613318  37.786593 
43.950095  48.833342  30.895959 
19.524180  121.106377  52.813828 
20.392997  105.787385   5.212636 
46.770730  98.410030  14.520119 
35.319631  49.080622  -9.518224 
45.488411  47.982772  38.652130 
 1.164591  50.572677  10.501254 
47.552871  92.903804   1.865433 
51.499513  49.103535  -15.641472 
65.215878  87.860000  16.191212 
33.506581  110.111373   6.239482 
35.602427  103.961284  27.310402 
47.414683  140.132484  19.038314 
 2.068617  113.222731  12.777065 
24.267405  107.701094  23.138605 
40.117460  88.134744  -10.590787 
39.740311  122.401231   7.110293 
30.280498  110.293915  53.863746 
43.941885  146.445014  -3.494773 
59.445284  137.195003  -16.356182 
16.285607  102.843858  32.800896 
62.318476  87.674514  11.370339 
48.243291  76.987178  15.296977 
60.034172  109.615102  -18.622850 
52.653267  99.619358  25.672212 
 3.023739  67.927639  49.388407 
64.990359  93.928026   6.035611 
10.764418  132.909261  34.907777 
28.810220  52.379840  13.792550 
57.527721  128.047369  22.775345 
-12.179260  106.255233  -24.887599 
 1.411477  75.920989   2.052993 
49.846833  97.086681  -4.837590 
-13.812946  76.590798  21.511961 
17.846604  51.928481  -19.637004 
16.366377  81.986260  20.665428 
16.802985  118.252719   6.293713 
70.714405  95.568179  42.641303 
10.378574  102.082135  -20.340307 
19.349165  108.326977  34.435585 
69.433693  58.296588  -20.485851 
21.104603  102.460286  15.215238 
26.201738  73.573322   1.008079 
84.124907  71.516315   7.624249 
48.398615  61.579216  16.722289 
38.100546  73.533074   0.087638 
57.954327  39.640692  -10.067094 
46.257856  91.226882  54.235811 
48.722951  83.327794  46.850776 
76.981139  79.107820  -0.681072 
55.700092  95.020333  10.040308 
67.550005  110.221266  36.188892 
32.865570  61.444254  43.051165 
17.720245  90.334853  34.358201 
58.986849  134.060200  -3.749477 
28.572940  112.721285  25.782074 
42.589191  133.042088  -3.613711 
71.203115  118.936617   3.915367 
29.908389  88.697069  49.410651 
47.252590  76.561609  37.213301 
23.189695  42.564850   0.547484 
56.399193  76.179414  30.530513 
 2.688080  139.456612  40.645203 
 8.511712  39.897987  16.113039 
70.883269  124.040160  27.348167 
-27.067982  129.584976  31.846808 
46.598575  99.647110  30.892476 
-1.811905  94.519345  31.127225 
 3.503735  102.125414  13.579574 
 5.268932  121.045102  37.947977 
41.021110  132.532432  11.761297 
42.555932  80.470460  -9.750700 
-6.802124  115.556706   5.687599 
10.402001  125.240346  18.319297 
 9.858564  65.242366  26.762146 
66.918154  66.670122  40.527398 
50.127043  120.389591  38.985352 
22.571019  134.405896  26.371992 
67.031356  59.992834  44.293308 
33.884902  80.582280  37.982945 
10.281910  100.969416  -14.305610 
45.900684  147.857237  -19.209989 
54.086229  93.232321  -22.733367 
15.058539  126.326633  47.752728 
-1.834653  130.103620  13.430350 
 0.705826  38.352491  -4.727038 
 1.116415  69.444729  43.574346 
75.177169  116.055112  44.625668 
60.537559  92.290142  30.862434 
29.247969  122.248340  -6.857055 
11.275403  87.173009  -24.573505 
25.967984  40.920215  42.441723 
61.371813  81.677463   8.296538 
-22.624149  73.050551  -9.073966 
23.164027  54.511380  -3.416784 
21.298090  98.027909  39.672956 
61.332901  94.146972  45.272277 
32.239789  68.766859  -2.847852 
21.094810  72.575168  43.413423 
49.652055  138.330160  32.385482 
19.723655  116.717523  38.777671 
42.709859  100.451312  -0.388906 
42.779599  107.246719  16.002525 
-18.183193  71.021338  -18.238799 
72.979806  109.111413  -3.195510 
32.764374  102.775368  51.419961 
73.207596  95.311659   0.800254 
65.061480  58.613643  -5.079258 
46.572962  122.190971  -0.259438 
23.818873  78.290156  34.688669 
22.723594  85.434701  -3.048898 
-5.902454  73.459926  38.744194 
73.259311  116.284554  -18.656359 
39.311376  43.076373  16.387617 
36.569838  35.902156  -4.599492 
36.681385  122.224662  -3.055373 
-16.257876  118.092936  -18.665716 
 0.427283  59.541130  39.456534 
-2.347004  97.782744   1.849020 
45.080724  127.448924  -17.420582 
67.153612  77.937841  45.786499 
48.934104  64.866140  35.800538 
60.247161  124.176233  44.582781 
17.325409  53.793848  33.910861 
37.653590  124.578229  14.554888 
-5.719930  109.100389  -15.120717 
59.284530  87.742662  -15.981506 
42.584290  127.288645  18.373496 
12.381746  130.418009  11.426264 
41.769720  110.145377   2.327828 
17.935027  138.479381   8.176775 
57.096908  124.495218   3.537286 
71.916427  69.184524   5.498429 
30.012250  100.213075  -9.483528 
66.036531  114.391788  -28.109565 
20.616576  65.529835   1.446556 
79.834724  85.522359  -17.628188 
 5.622460  79.915364  25.473788 
-12.349845  66.171781  13.852212 
30.542486  55.441082  49.478400 
40.606450  92.623475  20.087264 
13.939188  107.455363  12.196186 
75.893891  79.468491  47.779699 
-19.055946  94.144748  -1.576190 
44.333025  97.646968  36.207868 
32.371649  111.972935  -8.803053 
-13.640994  127.086025   7.305248 
26.865146  55.351008  21.757935 
17.809035  114.968094  16.386276 
65.895439  103.668121  22.344464 
44.864599  115.444399  44.432884 
50.272404  89.200336  49.335961 
66.800629  92.891448  -29.776117 
 4.775583  128.664779  26.403105 
 1.126387  90.129858  -34.823275 
60.796487  68.361839  -1.379583 
35.223266  112.971527  22.881836 
69.783419  75.375625  10.053603 
38.859103  118.934466  -34.345001 
-12.192833  50.631938  14.788691 
 2.990489  78.582421  -24.086208 
56.300903  96.193222  19.440399 
-9.467237  45.464678   4.120035 
12.551791  57.406605  48.427079 
-6.842591  40.051869  -25.978320 
21.672148  146.972868  17.969775 
26.213947  82.933540  19.190120 
20.310589  114.888321  10.661512 
-3.784738  81.943960  37.046390 
 4.604094  59.922106  43.330109 
23.240458  68.645718  -16.518798 
-15.664252  45.702164  -4.900580 
46.299774  94.432187  42.553705 
56.429796  117.728957  43.308066 
36.433684  108.146025  -14.084336 
-11.440344  80.210008  -4.960552 
18.711956  51.626198  -12.407710 
 4.505663  121.115462  44.029454 
86.163262  93.436642   0.271035 
24.281154  133.360333  15.866079 
33.477641  114.977115  -25.000810 
37.858720  126.198274  48.197245 
74.497985  58.946419  33.283933 
10.431969  121.087821  32.453444 
46.492651  102.169499  40.691390 
52.823593  105.074115  43.308691 
45.135199  77.567512  28.666890 
-18.556336  107.183752  38.981828 
31.288725  65.243786  22.815150 
55.148688  100.062361  48.916091 
68.997925  101.633369  32.732977 
 6.082098  112.418732  -0.123048 
 4.437128  53.597085  23.071102 
51.445138  136.677816  -10.218196 
24.432210  126.420939  32.360380 
 8.546775  58.749041  19.713750 
39.494324  43.272989  -17.984703 
13.803790  130.639573  29.087384 
52.856908  86.088019   5.800273 
-11.343317  99.401046  28.669175 
35.081457  118.745846  17.462385 
59.077676  114.571534  27.065490 
75.824338  128.845385   3.119901 
61.198750  99.077256  -14.119403 
30.111470  69.073808   5.452581 
61.614837  74.697904   4.312034 
77.429036  97.706473  35.823114 
29.820105  73.163435  40.467494 
 9.618523  49.288174  34.299229 
22.112999  73.275756  16.089057 
71.531454  123.569408  -4.538196 
38.414991  76.744041  43.106779 
29.713455  91.101727  39.322549 
65.002934  99.347133  15.904045 
14.295649  60.354207  -0.330916 
 3.180626  62.476681  10.833453 
-6.397067  65.236354  25.862115 
23.997873  113.176230  -9.623353 
-2.605997  64.805760   6.804881 
42.163706  80.588645   9.699964 
33.830890  78.543674   5.391116 
-1.064354  121.241392  -16.923315 
55.680358  75.423411  -4.578834 
68.272091  103.636577   4.729634 
60.139590  64.340973  35.283423 
65.228187  92.748470  36.723980 
53.949257  126.385806  28.422101 
50.026243  140.805875  26.121282 
23.455272  69.074563  19.707502 
39.626178  53.185756   8.299576 
80.388991  69.716972  -5.408814 
29.818093  55.151522  43.388623 
 2.102496  135.237555  -20.767841 
37.113957  37.857323  33.228340 
56.808976  65.161489  -9.579247 
-5.058217  55.521296   5.589921 
 4.879395  38.347869   3.255915 
-0.822505  69.660400  -30.268186 
16.502787  76.008420  -1.507237 
59.558527  54.705988  -0.250120 
-20.095493  64.660183  22.126282 
-3.161539  94.869206  -4.245724 
51.192267  99.015995  -15.727897 
34.966960  104.341807  42.410870 
66.936719  55.872617  17.809696 
-2.642400  80.919544  49.003511 
 0.071032  89.261320  17.166176 
29.908832  32.330895   6.371749 
-17.279554  52.900383   9.533130 
63.629592  69.918720  -7.010097 
44.486507  70.519030  11.498253 
50.053761  138.450117  11.648905 
10.019400  99.197899  26.605679 
44.247891  98.865569  24.486178 
48.424770  74.904673  43.343846 
36.708940  80.874234  14.340342 
55.034532  92.537480  23.954462 
71.855372  110.981185  -9.375761 
25.316344  120.943160  -17.215380 
26.121445  122.534501  20.504284 
71.753607  88.090984  25.837659 
-7.490392  82.853934  23.601144 
65.672297  125.021152  17.140618 
23.397743  80.125533  23.678370 
30.959305  32.750564  16.787333 
10.546861  120.007215  -2.735435 
33.852795  123.972338   2.258398 
68.327308  81.621954  31.784070 
30.764662  83.718369  -1.181587 
-14.888147  82.622184  32.040775 
70.459819  85.779960  41.543529 
30.796558  72.009146  27.322377 
45.277417  129.189297  24.724402 
30.646299  140.918268  37.923109 
-0.313035  122.894743   2.133808 
-5.990898  92.817984  21.251056 
75.750983  66.663083  -16.753173 
13.949421  83.786904  -8.482884 
 2.278692  87.438211  38.336442 
10.352339  69.965684  32.743050 
67.996349  101.501426  -22.192838 
80.552299  81.642769  38.493449 
29.058747  119.558180   5.755116 
25.537694  45.592496  29.589664 
-6.816467  91.197772  13.064286 
11.805580  114.976151  54.330881 
20.180894  93.581790  14.272966 
71.600807  48.667096   0.699918 
60.712462  81.216272  -10.149065 
38.949065  93.221173  -6.777785 
76.862455  111.738289  21.762165 
31.243021  84.905388  45.013948 
44.969494  106.786373  20.338753 
34.184942  136.751189  25.536976 
15.120836  102.277807  20.198740 
66.401753  66.843570  16.566288 
69.316615  101.164792  -11.898428 
38.702783  93.414566  11.307291 
54.761568  86.113727  -3.841344 
52.858837  92.707573  35.861199 
-9.626656  118.262439  31.160362 
53.883518  45.707539  36.085612 
 3.445803  76.528111  21.411679 
12.536234  114.811004  45.007305 
37.145049  102.694511   3.742168 
85.050656  97.785431  -9.184458 
22.867614  80.386653  14.069089 
41.765323  118.806514  22.088258 
20.297639  115.717287  43.747090 
52.718401  118.180584   6.119339 
-19.499371  99.092357  18.663636 
-16.011611  51.740730  39.129822 
39.481192  57.261625  -4.860986 
53.061426  116.509261  24.042489 
 2.391079  64.651161  23.291135 
25.385066  104.339660  44.582833 
14.441620  73.164633  15.341875 
-23.269676  85.183611  38.114562 
75.295233  98.382111  27.108553 
-10.775272  97.881263  23.800908 
51.057694  94.037943  -10.381795 
51.599438  67.049802  -16.941882 
44.932719  135.927035  38.102297 
 2.863894  44.894018  24.073950 
48.308785  115.444098  31.100712 
21.066982  67.161735  -24.778075 
60.244468  101.980744   8.363977 
16.333393  53.623559  24.007326 
47.969696  116.330923  -14.290227 
16.652388  97.323031   9.842390 
65.599436  127.597686  -22.326028 
43.372541  129.815026   4.676755 
 1.964626  86.957621   3.064876 
-7.230748  94.161915  47.319655 
30.298680  89.318801  -10.732218 
30.579845  138.754497   3.150225 
31.520023  98.130078   3.738245 
19.860660  123.857132  15.371602 
-7.859399  84.859431  17.041282 
-1.755440  141.634035  28.906925 
72.969664  41.132399  32.433179 
50.349300  73.618684  49.881717 
-19.039343  117.477445  12.233836 
-14.384720  122.679171  41.960060 
-4.101082  55.436461  16.413732 
34.364234  103.750026  37.488807 
22.499201  82.552514  40.865560 
-18.757071  105.517587   3.211734 
 7.965711  95.518571  17.408081 
 2.889907  95.320320  35.838178 
28.121752  66.096624  13.128330 
12.766670  49.960990  -27.216000 
11.777404  90.260729   2.476161 
72.608984  95.493006  12.015495 
80.138446  65.330320  31.134358 
-1.479588  74.839085  -7.256981 
17.004505  42.337249  28.975101 
47.175735  106.219230  -19.190965 
49.299027  60.486027  23.961483 
24.200078  98.376788  -9.527901 
21.770527  113.863531  20.287548 
33.814094  110.606076  45.192348 
62.761785  138.399262  -28.199875 
60.807827  75.328326  20.468899 
62.787724  135.285781  16.978966 
51.502517  59.939501  11.288111 
30.124268  79.839432  -14.699286 
41.926831  61.445691  28.477192 
 5.412601  111.565551  -8.078259 
25.058425  85.510226   3.682725 
20.011812  109.971372   0.441644 
68.772716  100.302762  49.244201 
41.278214  109.884361  34.918547 
50.919806  76.509502   5.516257 
14.298776  80.888070  53.798221 
50.390891  82.208950  10.996435 
62.976734  80.081480  41.651962 
 6.279292  90.335081  44.246676 
32.106792  129.786021  43.023725 
74.590935  109.753449  27.680382 
64.993870  117.315953  30.264132 
62.988308  98.347148  29.634280 
58.548513  89.894548   2.745335 
42.411291  73.186301   5.998484 
57.999238  73.322141  37.678863 
24.180752  61.632551  37.802544 
65.961934  71.983868  32.576932 
53.041810  126.917179  17.486186 
75.553249  87.195114  32.607991 
58.872009  55.178313   6.091846 
-12.014130  52.940982  30.056210 
42.700436  68.823885  -11.526192 
57.047013  75.801629  52.478719 
47.240096  115.500140  50.261652 
29.970740  74.748806  18.006470 
-15.834641  66.145410  -27.453371 
73.513223  46.834102  25.770951 
-9.836301  98.587692  -11.414797 
50.316523  84.328066  34.855228 
22.382735  126.305915   6.090561 
37.511083  62.426773  39.710393 
37.800398  101.312404  -6.590669 
56.265279  123.848317  -19.453139 
32.096039  57.832487  -20.180756 
36.966810  100.622018  -22.506493 
 1.652481  105.791768  -3.253776 
20.783346  131.855852  41.189805 
71.390874  68.819270  -10.752926 
33.976763  110.258532  11.183485 
-21.130054  77.443726  26.185262 
63.465928  82.503663  25.539374 
-7.897904  85.713191   9.102490 
-5.469877  68.974804  30.210714 
41.316105  88.621437   5.120930 
-21.031399  72.101200   8.925270 
-6.310614  106.806991  31.565594 
42.616446  100.336621   6.405962 
60.656015  79.898775  -21.427470 
16.540312  130.929098  21.474820 
63.853346  120.223159  -0.919704 
39.459379  139.235811  -13.219719 
22.876507  70.885963  24.557211 
57.809296  64.467490  28.745825 
 8.042434  113.938894  38.486181 
20.955751  97.241077  44.551189 
 8.540658  121.410618  11.252841 
25.457005  46.672637  37.293726 
-5.011687  56.938050  35.856773 
23.706302  45.188459  11.323462 
25.145421  96.562573  -17.545022 
36.745929  69.854558  -6.995487 
46.644410  89.077683  -3.896126 
70.676275  71.780014  48.628188 
35.139513  91.548056  54.375559 
23.228758  83.386415  -21.855818 
79.091390  131.088136  -14.600184 
 6.776936  116.297319  17.283797 
67.591392  54.908279   8.397617 
-7.097616  118.540615  13.028842 
 2.121811  82.769746  -2.882027 
80.584530  109.310210   2.092995 
17.683518  66.463800  -10.998248 
66.407537  51.634702  37.578064 
12.273781  56.555171  28.889402 
51.974258  132.114932   0.209052 
-20.629547  91.156186  26.149776 
17.815940  61.316674  -17.117018 
22.346203  94.120271   4.020429 
17.734615  115.009255  -21.572483 
 3.604660  55.840221  30.447570 
49.743546  72.335646  32.257169 
63.315548  117.850574  -14.495987 
48.416792  60.884146  44.381779 
41.554245  114.225238  40.004001 
15.303837  91.922715  50.057178 
30.001134  77.263811  -8.462330 
17.143457  98.245058   1.969833 
61.845485  114.557868   9.088052 
16.914895  36.902481  21.403426 
36.725952  97.326921  47.849434 
48.455013  64.437107  53.427831 
-9.463755  93.823494   4.117996 
55.381730  81.486765  -0.108776 
16.134132  106.452979  -9.614134 
24.534315  138.991180  33.084698 
20.864461  122.065441  -4.176088 
48.061174  141.885002  -27.851838 
35.860803  81.273446  22.973321 
51.719266  42.466512  -25.038956 
73.259662  85.595009  11.070535 
56.451293  73.868659  -11.671969 
-1.882959  52.525516  -23.716944 
49.675867  108.494525  27.729238 
11.679073  38.608081  -18.260042 
61.771783  101.849899  39.627665 
41.847961  102.710376  50.642657 
59.162314  127.750323  12.181388 
30.417353  102.095019  30.596455 
-5.871421  111.452008  43.579041 
-20.660151  85.833809  15.690801 
33.305021  85.105444  32.593695 
63.113253  64.308822  22.857058 
-6.123777  78.369105  31.182011 
42.858145  87.992630  24.404273 
78.114327  85.179780  17.937663 
50.112720  31.801239  37.183689 
17.238148  117.775898  28.669154 
 3.257949  48.209714  37.468528 
29.260964  62.616261  -13.196665 
56.765501  93.206645  41.307424 
41.777098  71.230326  22.745719 
14.380342  73.870177  37.473150 
 8.338264  90.475405  -12.010955 
30.051209  130.485295  10.028199 
24.208714  58.056452  28.455109 
46.904435  50.946704  15.176613 
 0.732931  106.877052  48.769556 
-4.110505  147.254973   1.714719 
19.906383  77.611508  -12.530361 
38.157572  117.622090  -18.136672 
17.223272  110.152272  -4.740191 
78.429924  97.424969   7.517844 
31.455828  132.469759  -16.938097 
27.005241  120.363603  12.920568 
28.403930  42.695051  22.649241 
41.932250  57.402214  -16.986796 
23.460055  40.241224  -6.719216 
-2.633977  81.999619  -13.818356 
78.693478  127.043499  17.240198 
18.065063  82.652983   8.880345 
-12.757561  83.378848  -17.413421 
-2.326995  118.029643  -23.920030 
82.847395  114.832723  -8.789029 
74.628808  56.598122  -12.896173 
21.010442  51.948120   4.640870 
-14.308986  110.089968  25.237500 
36.078998  70.992036  18.515521 
58.256170  109.498594  47.706842 
47.001202  70.791658  17.624195 
-0.614867  43.361847  30.902019 
50.692433  118.177768  19.271721 
 2.676418  79.612850  12.618161 
 0.774643  101.013315  -18.530895 
50.208991  117.073993  -4.464815 
63.098935  55.110395  -11.620343 
45.341134  88.148865  15.378334 
73.797089  104.118205  15.502083 
43.902988  121.071752  26.814225 
-20.446441  86.821679   8.852260 
46.279683  43.383220  24.306650 
44.856752  77.206787  -1.873850 
-1.513275  118.373450  28.349273 
57.946377  76.672832  15.924321 
27.527448  107.178774  12.824686 
-5.835377  56.958948  27.789962 
46.056207  42.229092  -5.767589 
-8.006788  94.175315  -20.287965 
-13.957015  131.358869  29.304720 
-14.312731  115.734306   1.395315 
59.551005  138.410521  43.872660 
41.564633  99.051324  -11.990865 
25.100131  93.392699  34.820982 
30.048439  51.593782  -26.192944 
76.165181  100.938803  42.337768 
60.625331  51.116432  12.846111 
55.570233  55.668149  48.881822 
37.694329  109.542791  31.975231 
-3.090953  48.121749  -12.907062 
47.146439  67.160290  40.282520 
-2.567140  132.721884  39.397420 
-6.782500  144.335635  -9.699184 
10.696372  140.798841  -7.179920 
-20.499637  73.050027  33.353582 
45.375015  35.511921   3.978139 
-22.307924  58.299451  -18.756055 
11.393250  76.008530  -18.361434 
30.239666  75.271603  33.011942 
45.934028  63.251319  -5.401680 
16.838746  62.014454  19.379322 
-8.061437  63.264043  20.691748 
28.358280  136.275558  -9.026222 
 8.863830  131.701883  -14.903606 
 0.718716  67.162122  -14.086142 
41.945521  88.198722  42.568862 
48.454669  123.552775  32.767941 
15.583565  61.229666  13.982976 
54.278230  119.331312  -11.502358 
-6.025549  116.961508  38.192349 
57.956947  119.851645  34.626131 
52.522794  103.255309  37.135549 
 5.787761  61.801771  -21.209860 
27.559963  124.014330  37.086027 
46.056445  91.854699   9.236512 
75.374117  98.501833  20.552324 
79.689689  77.015164  27.355303 
59.315014  87.062185  53.334681 
67.189141  119.339797  39.217273 
12.034734  94.157861  21.727714 
29.591720  97.628701  -0.655367 
77.313945  58.504499   3.144892 
52.749651  83.034478  40.870789 
-9.192081  109.114699  17.816773 
-7.216491  81.409633   4.058752 
19.924043  80.855271   3.251526 
-10.067347  66.115191  35.389039 
55.874456  103.295634  -8.471335 
53.846339  102.819177  32.272435 
32.774049  93.246647  26.151331 
 9.228498  125.550342  -9.720263 
62.785299  136.724584   3.425904 
-3.687485  54.686694  -8.251017 
25.707518  119.543831  45.580327 
37.362071  110.410892  -3.031486 
19.600169  95.592526  28.585179 
-4.150580  70.518626  -0.694275 
58.338916  73.035906  44.639486 
62.973952  104.012979  -1.745992 
 3.510914  74.636930   7.358358 
-5.901384  59.964383  -17.552741 
14.887648  133.852107   0.567816 
-11.179093  133.151995  -18.979037 
28.938771  118.300537   0.067155 
28.852647  93.375441  30.871936 
20.866860  62.639952  47.883714 
21.500891  89.859661  -8.718240 
66.317404  83.222338  -4.394081 
71.061597  68.780105  -1.660868 
35.185197  52.733447  20.223458 
42.690030  84.256209  37.547678 
-19.585815  123.305808  22.804927 
32.084668  122.161921  27.207151 
58.222675  86.112914  46.268772 
47.519988  105.713289  -6.398567 
25.965849  133.447762  -2.500140 
72.624693  75.249383  15.672102 
34.600159  148.943057  27.533965 
40.617810  60.048567  20.404220 
61.429736  54.148356  24.061984 
82.430398  81.613458  -9.460690 
54.807323  65.781562  20.920737 
33.934622  120.691532  -12.344334 
57.877983  74.448022  11.192312 
27.943455  106.535295  -4.706972 
61.086716  90.423669  -8.175417 
50.616296  68.195222  26.451378 
54.232462  87.951416  14.848494 
75.392626  57.177060  -6.454556 
53.890154  67.043840   8.954114 
22.448948  67.411275  -4.345727 
11.090125  110.869558  29.596363 
-7.279771  76.479382   9.519234 
-21.201435  115.938307  -9.690329 
41.233438  96.232213  29.939165 
10.964137  76.632064   9.842940 
58.512604  109.893592  31.351212 
56.656557  64.542474  15.111777 
-17.622384  65.391343  -3.794724 
-11.506384  106.691811  -3.510065 
57.439838  118.485645  -3.645157 
51.180946  113.460150  -23.968703 
 8.850455  79.016804  46.355681 
26.327042  73.238477   9.805476 
44.949263  112.549903   6.975974 
-1.818187  100.559982  21.844434 
 9.902294  82.273288  34.613441 
55.429685  36.793493  30.081038 
-0.316131  129.016456  19.978161 
14.418329  107.543002  23.654600 
-9.428832  90.580702  33.411153 
58.051222  86.547108  29.574822 
53.244013  98.704265   4.876573 
 5.425764  102.635340  30.917009 
48.669374  127.208814  -9.790743 
34.077711  52.851672  34.776870 
-3.958832  133.223326   7.443724 
 9.598343  97.017002  36.582357 
-7.702524  116.526934  20.533572 
-11.049375  90.055942  -8.477916 
-7.848953  108.296059   8.643587 
36.904246  119.173725  33.589365 
-1.599190  37.034250  19.820946 
13.451260  119.859668  23.245100 
35.743344  46.585427  26.894435 
61.905537  109.729912  41.439370 
46.392358  78.854851  21.155226 
19.692850  118.715379  34.142268 
-0.404173  66.098510  18.098865 
19.974440  60.633469  -9.590052 
63.230435  48.214767   5.534196 
88.675712  94.247547  27.799058 
-3.803017  109.574625  40.272832 
40.153317  83.806823  29.812683 
-13.975193  93.514124  21.346263 
39.639825  78.573172   3.544736 
10.820521  116.603232  34.964759 
58.741667  96.449698   5.138990 
40.573623  82.068404  -9.527998 
42.499082  131.823643  40.975377 
-6.259531  82.725150  -2.987427 
-4.531248  91.449177   2.994582 
15.519281  42.731659  -5.614130 
59.683528  132.597386  -4.521822 
11.912237  109.865411   9.925998 
35.875854  95.822078   1.166682 
 6.955802  76.908511  36.683571 
24.066757  42.831833   0.944885 
-0.942933  68.493691  -2.511567 
58.178910  110.132785  40.850630 
 3.189461  73.253658   7.109005 
38.868845  80.361583   9.852037 
34.768459  75.614558  -6.303902 
16.501355  105.218194  30.899534 
33.460418  136.044708  19.838897 
76.037284  71.952237  40.828926 
21.160417  49.339893   8.682348 
48.068772  94.791334  50.726604 
30.159005  115.756753  49.538813 
81.514465  100.581562   0.165095 
 2.968932  76.054063  -22.846051 
70.515807  59.176155  -20.093609 
52.422039  126.892094  14.947660 
 8.554553  64.542558   8.961676 
10.052408  94.293656   7.848086 
61.010492  122.916937  37.911460 
-9.010823  118.218854  37.395532 
50.936720  82.410423  32.498932 
-4.759982  115.417326  32.800475 
32.973891  52.143338  -1.638764 
66.720699  53.831643  18.194752 
21.094348  119.978214  19.147307 
22.660529  54.745746  36.776140 
10.190521  33.616812  24.668709 
60.209631  91.062028  -18.853031 
29.615975  83.246831   9.881645 
13.795538  133.691559  10.989030 
32.140387  48.059145  48.216117 
-12.338583  80.776542  43.066616 
69.735680  77.427695  18.583414 
70.881359  121.247067  -19.233710 
 4.721102  57.809146   8.730645 
17.355656  92.335579  -18.033985 
77.932804  77.838689  24.380939 
-9.401416  61.485395  29.055101 
45.812516  123.820979  45.626739 
10.754754  77.997917  47.088102 
 1.467773  90.893681  -12.564691 
-3.974624  80.834019  21.504654 
35.286823  55.112351  22.009354 
33.233154  43.475887   8.866457 
-10.456305  103.408405  36.467091 
49.782164  115.304710  -13.974096 
15.434310  54.715170  18.303253 
43.566031  136.625539  23.000846 
81.698649  67.515364  11.247664 
76.942222  96.629267  34.498929 
21.149864  48.557925  -23.565702 
25.948321  125.912941  16.507439 
78.116161  49.629796  34.604600 
-10.001107  102.351814  22.367133 
12.515433  123.331712   0.369492 
-4.583380  68.382167  35.047312 
62.085998  71.199995  10.058816 
44.018503  113.783489  17.392009 
66.974367  42.930642  32.851879 
72.274620  82.846737  48.589351 
33.983766  104.825434  -29.276697 
61.434189  111.214891  15.039344 
61.667618  53.881529  -6.227196 
33.270585  115.295841  34.012416 
25.322896  142.389819  -2.689240 
70.117457  111.367707  44.606929 
28.186536  68.275083  -13.736419 
33.356639  105.279838   4.441319 
-18.877913  85.383624  21.120589 
58.726580  75.022625   5.172332 
13.426998  119.015116  -17.309818 
-10.974649  114.201588  44.447334 
29.799407  76.331451  21.844415 
26.905117  63.641117  37.110793 
19.284110  115.554190  49.594232 
20.333108  78.251885  20.547911 
38.494832  76.011288  47.369047 
29.155629  77.746599  -15.235023 
39.065643  67.611952  -10.934957 
 4.919627  48.875296  -9.895243 
40.113007  75.760671  15.801511 
32.268604  48.657320  24.089530 
48.069119  102.844940  30.995359 
18.365957  69.586541  20.072016 
22.154249  126.552415  -21.016104 
64.455350  87.273241  -11.068887 
46.448633  75.505418  52.970849 
46.280234  49.311547  22.863897 
53.233731  89.577258  30.681090 
46.197109  109.129722  21.729685 
42.998633  143.688900  -3.755905 
37.704759  113.851819  -4.052038 
 0.332398  73.094495   2.198713 
21.811770  77.225790   3.253963 
39.515083  73.321793  23.464613 
19.765332  107.658342  -20.964916 
24.168560  100.642736  -4.705462 
38.760632  86.470600  -15.653582 
67.525053  112.583890  18.576911 
22.256141  96.485370  15.060181 
37.848082  105.145547   0.831800 
60.817823  111.958018   0.546277 
45.928691  140.110639   9.044692 
59.927647  140.503538  -9.229333 
72.907369  95.666602   5.992373 
 0.482480  90.906947  36.881171 
35.732216  116.548707   0.136400 
19.513603  123.132231   8.378758 
26.022402  142.235792  13.490673 
25.927356  124.381757  -13.527854 
80.255042  111.629170  23.338392 
25.624524  110.929269  18.750595 
 8.202682  128.313732  30.544626 
54.947130  75.403374  50.423111 
17.348085  118.652184  -6.690230 
 6.119795  102.778590  42.863497 
 2.631538  87.985354  45.995341 
59.565180  122.871680  -2.393127 
27.727010  80.579073  18.267213 
41.881628  123.929145  36.713187 
43.997293  135.903153  16.640446 
52.895518  75.080648  22.756405 
36.673733  122.973255   8.967741 
 7.198013  61.007482  31.519333 
28.088514  73.875750  16.009421 
50.002485  85.045371  38.816163 
36.879378  104.779094  16.978122 
30.033650  128.988949  -2.252897 
19.816354  69.687193  34.107167 
 1.115533  102.585412  -22.225207 
-9.828952  101.846956  42.498597 
50.909849  60.817877  47.844426 
68.797801  95.557476  -16.764372 
40.226636  125.719159  27.186924 
-2.240803  130.459253  26.522918 
61.942690  96.808272  -3.234584 
19.031659  106.487946  53.857385 
49.528100  100.825737   4.666498 
63.317086  57.986129  -1.503565 
20.683670  122.122983  39.674871 
80.376906  92.146067  -11.453777 
21.032262  70.263716  46.231762 
49.115596  105.975564  -1.495685 
49.505324  92.180328  15.268738 
30.912127  97.531493  -5.967050 
28.596578  102.680358  13.627808 
21.402846  99.184010  49.522035 
35.412370  81.824412  37.965337 
 8.373689  60.039301  -24.621544 
 5.005493  102.939635  47.859486 
52.839303  125.342903   0.473909 
 8.767494  96.345163  -10.717353 
66.791264  83.829404  -3.512451 
14.902529  53.225999  -1.281056 
55.362838  128.848250   8.553532 
19.347357  110.085783  -8.604007 
25.620410  84.524640  -12.752903 
40.861378  41.061069   0.266710 
31.689267  64.063639  -5.240161 
69.738898  62.315754  30.480500 
50.833350  108.633354  31.186893 
 3.693516  118.512445  28.784302 
27.867290  97.734949  -12.683228 
45.184038  102.023669  -0.290511 
33.134460  122.441025  30.068538 
 3.549026  132.499781   3.081947 
-13.964044  72.651515  11.321941 
59.730650  110.666914  32.773307 
48.421593  69.219738  49.320144 
44.292608  115.175987  35.587649 
 4.134428  116.397034  23.094961 
24.329001  54.283869  13.824417 
33.022628  72.297505   0.882686 
63.586698  92.167969  45.258918 
58.869373  110.946374  49.234834 
32.422955  86.770169  19.494570 
-14.474750  106.702742  16.345477 
24.992188  118.579563   2.516133 
20.494969  45.500904  23.931981 
16.665613  117.760272  24.228548 
-10.117865  72.477977  17.722813 
-19.720742  66.181814  26.350471 
28.419288  99.592114  45.839274 
23.755451  136.173473  49.736804 
27.170208  107.696776  41.310059 
18.872323  75.584286  40.399959 
24.723880  52.750968  -4.584209 
79.148954  126.878937   9.912949 
17.589360  36.471973  37.670518 
-17.218717  110.474274  -4.163992 
72.395501  89.010666  34.705804 
79.539013  95.683343  43.597947 
42.913298  115.206929  11.588976 
48.568714  75.205301  -7.727509 
 0.804950  67.329679  18.989001 
 0.509862  117.007697  16.232157 
46.757747  103.951705  47.084528 
85.688742  118.769681  -12.917609 
85.622654  82.713184  31.091841 
-10.842302  115.689628   6.630465 
43.292832  71.788934  19.013264 
 8.055068  109.230498  19.114049 
32.644251  33.807443  25.912047 
40.107305  41.745502  -13.740066 
65.240041  72.557990  45.313201 
-19.606065  96.481910  28.299101 
83.320210  88.380878  -18.754846 
57.326857  83.195165  14.152173 
69.648220  52.182190   1.581980 
44.239936  106.740626   7.940391 
56.287422  101.848143  -10.226815 
12.119127  86.635374   6.042071 
48.088899  86.237160  54.837320 
-19.545457  99.148140  -15.352766 
69.003072  81.817960  35.081197 
45.236036  75.163995  29.773907 
-2.527917  119.967702   9.786251 
-11.745643  134.133665  -18.985510 
71.736773  130.852367  19.174913 
17.370184  78.044649   7.096306 
-1.517398  104.955097  18.218726 
48.819225  125.366586  33.595777 
50.133920  52.522410  -0.187119 
62.198819  69.745347  53.454426 
 8.084776  121.937689  18.666497 
 3.705293  115.597516  44.087684 
62.186435  114.414353   9.548794 
 5.686466  55.045261  20.307675 
39.281220  89.454863   6.614824 
28.707614  75.524186  27.606545 
29.811715  110.818681  53.773834 
27.521147  65.894115  15.615264 
-13.294000  80.338579  -7.855470 
23.421240  79.385846  11.196813 
66.277530  114.337993  38.694427 
38.225605  53.497737   8.996053 
36.915366  102.666554  47.643198 
67.523396  110.792621  26.466798 
 3.894257  80.563636  42.069771 
14.822945  44.629956  13.067078 
37.650248  109.608979  29.594065 
58.409354  120.490997  -7.487340 
83.707868  57.245167  27.935206 
39.383991  83.934702  21.044706 
31.216126  101.367586  52.049318 
38.497950  100.912936  -15.253010 
61.749936  95.899131   9.933940 
44.096343  102.692575  -6.521818 
14.279140  69.839598  41.388359 
-2.016465  82.748862  26.160589 
50.856898  75.229401  44.005357 
52.912303  102.145051  -22.575726 
15.139561  63.951238  -4.599405 
57.054310  74.184995  -0.183173 
60.851227  112.192190  -18.617149 
18.674932  82.239054  49.440273 
28.557299  116.936996  42.995108 
-24.649795  62.305117   5.997318 
48.171986  64.164494  36.127893 
19.981807  80.031365  25.840905 
34.337157  88.248077  -3.800260 
23.317290  100.195266  20.614480 
57.699005  119.387944  43.845153 
17.620122  118.933372  45.257923 
 3.306653  60.451166  27.499185 
 6.631318  86.306949  20.355383 
42.888126  96.436651  -21.142372 
53.744902  46.195626  -9.036760 
25.039345  118.945450  -3.200528 
60.995305  65.074172   1.225856 
50.436934  108.256795  -7.816252 
74.388833  72.432241  -23.416598 
40.018442  83.624880  -0.547437 
 2.737263  82.749953   0.760757 
21.451490  95.754686  27.002964 
29.121802  85.591171  24.854979 
56.858526  85.053190  48.651461 
 0.889542  58.733148  -13.927711 
44.066353  116.202102   1.803947 
45.838533  117.365253  30.944290 
30.892917  122.358954  38.487146 
-9.205299  81.190742  37.910915 
17.314150  71.136168  -15.422991 
70.966978  56.428617  25.290125 
10.803749  132.067676  43.023775 
-11.816716  66.140077  -25.567056 
-0.587329  80.004338  32.691121 
21.297943  83.893461  34.393119 
45.679779  44.687169  16.945339 
37.621842  100.660792  26.784774 
-6.396156  49.248455  -4.747362 
45.821976  48.675234  35.264264 
 2.757366  103.204331   1.342477 
30.903958  132.289346  -19.736657 
62.540701  127.412963  32.425926 
-14.533572  43.621193   1.265967 
65.259975  96.737878  38.627085 
 1.432319  49.027261   8.913763 
28.990472  56.381730  -12.549075 
52.980946  94.271697  10.168519 
26.630666  125.828793   2.160141 
-6.754665  61.132775  14.797073 
 3.752978  127.440744  44.547604 
20.094497  89.985842  -0.877756 
45.779490  131.354749   3.265580 
45.012820  92.322400  33.125895 
47.946634  93.591904  42.977079 
57.137208  92.626373  54.241048 
91.673735  86.159857  19.821989 
 8.287705  119.430600  42.076409 
-25.434884  59.913251  -3.306040 
-15.271704  123.642400  41.672586 
55.766428  97.702578  15.037661 
-5.949538  49.604214  22.487383 
71.619046  73.429115  48.354573 
30.746113  75.805725  38.034910 
-0.200269  74.312917  37.476613 
50.088120  66.434134  15.242827 
 9.259309  34.450014  31.739141 
14.891132  111.527774  -2.093022 
53.478645  112.250899  37.986564 
11.359774  41.801090  19.158487 
 7.303171  59.962793  37.635771 
-12.714649  109.499608  10.816215 
-11.878772  68.981286   4.543084 
57.927729  69.410928  40.645351 
36.914428  140.029542  37.252493 
37.900291  60.786457  -0.144066 
60.327608  106.165812  27.792649 
36.664690  77.797969  53.656884 
11.648692  128.160388  37.984982 
25.131112  78.492418  -8.244659 
39.039027  88.180820  35.272278 
-23.965189  85.530472  30.017031 
-14.439807  116.147991  -11.676675 
60.389013  71.629692  -19.442341 
48.554508  84.116092   2.720627 
21.855104  82.660838  40.193134 
-14.419298  103.335996  -25.284178 
 1.268750  30.141015   9.910146 
42.360093  96.748786  13.509387 
75.612528  118.842918  16.640607 
46.578491  62.375502  23.421260 
16.097703  113.882761   4.196741 
16.283979  90.559480  29.348440 
 2.981590  55.518692  49.884961 
54.553699  102.484925  36.279364 
71.206356  126.236180   4.217932 
57.533314  81.170901  -4.657242 
-7.488537  126.414176  -9.607322 
28.128036  92.312748  53.956192 
52.018447  118.310248  11.435055 
27.871469  62.262592  -21.303992 
66.507035  62.756851  -13.163575 
 4.253346  36.131334  -4.697303 
70.691373  126.554989  28.422092 
 8.273956  72.386030  23.354097 
27.180152  109.704949  -12.932234 
-12.704452  110.436258  29.834968 
-24.552348  106.915973   3.388879 
38.735323  68.793453  -15.272302 
43.967740  85.973285  15.726308 
13.379347  86.294070   0.831641 
61.245686  65.650115  22.274351 
-23.189521  63.418436  13.971895 
 1.176946  73.857418  -6.461373 
38.760253  62.228482  32.416878 
25.320210  48.882962  18.473434 
21.466928  91.427643  10.150846 
41.839238  103.066102  53.429225 
 6.438764  85.533432  33.178494 
55.156606  84.736923   0.641947 
26.822128  71.448112  53.822497 
-4.688348  90.755410  40.910477 
72.033381  91.202112   0.464966 
80.914207  108.035586  -20.290160 
38.988646  113.340614   4.853483 
46.285004  72.635841  -2.040578 
 0.336299  110.582201  10.089751 
 4.824807  132.423803  -20.222022 
31.269271  88.811812  -8.866362 
43.487023  34.934051  33.077933 
 7.312098  143.677801  -0.107908 
 3.881568  73.804973  43.540077 
51.499790  126.009426  20.791255 
59.869228  65.315138  -5.601966 
 4.220381  69.082213  48.525821 
77.566730  106.600945  -8.058840 
30.144238  88.107358  33.153698 
25.074910  53.850834   2.337379 
58.881853  52.298598  43.269049 
23.991180  77.094680  44.782815 
33.475204  110.575343  38.782699 
 2.899135  119.384796  -0.230400 
 6.775189  65.348767  -10.495420 
-10.495338  80.772591  -20.335804 
45.202504  105.042217  14.454402 
51.765619  86.935621  24.985279 
33.827571  43.145028  41.901218 
-2.806822  80.538303  48.001813 
75.536545  98.038082  12.836107 
55.265399  57.126415  38.891499 
49.997091  50.047039  -13.587534 
69.436557  42.157899  13.189848 
32.336113  48.156444  -19.887894 
64.798675  60.576012  49.054366 
12.522895  109.945677  48.294706 
68.052974  106.074805  35.893088 
27.762880  71.399037  36.193733 
 2.076907  44.175535  28.817994 
16.415835  56.921989   5.427814 
-25.938326  82.209824  14.758846 
61.884495  64.426167  17.679072 
-9.925530  114.785123   1.242356 
53.915822  63.329814  30.194381 
41.429959  135.024729  30.737730 
12.621263  79.571577  54.090509 
-8.198533  89.031125  -9.557758 
51.009391  84.869479  -10.891427 
29.566353  68.618891   4.764793 
17.050593  66.905462  -21.830959 
17.655297  59.189912  33.642396 
17.499122  141.451177  21.931405 
28.219901  60.738921   5.209136 
10.443979  110.985717  26.949277 
55.420995  68.839177  36.494640 
69.148700  42.069467  -3.643200 
-19.429692  78.342261  25.527077 
 0.339948  89.023453  14.216971 
63.352892  76.698376  40.133286 
13.607776  68.258214   3.902967 
13.257842  56.876457  13.117447 
34.764765  54.261565  15.647457 
63.967587  70.429918  27.415152 
34.865224  124.529383  45.730419 
-5.937016  40.567168  20.785852 
41.757053  50.705557  47.824447 
42.295658  124.865101  22.641933 
28.165267  95.926484  -0.149574 
33.180995  88.972294   3.649587 
18.262248  81.650840  30.670821 
44.131010  99.000896  19.520767 
28.945800  118.191752  11.455582 
29.369318  107.493905  -2.341846 
42.791322  130.074450  -10.354098 
49.474068  96.934066  28.043592 
-7.510547  121.932040  -17.153956 
73.927620  102.149123  29.123621 
54.776454  99.235988  44.230088 
22.031684  49.233951  30.628253 
59.049289  117.063190  19.991762 
54.204050  107.354163   2.852374 
45.695171  83.807078  48.070064 
 0.486535  92.343938  24.143835 
66.001815  101.635926  42.947679 
89.949844  81.285922   5.163143 
32.419279  98.679680  34.994164 
10.830383  118.875937  11.929863 
17.277075  125.189525  24.229659 
41.028950  59.356530  28.085212 
60.717579  88.486663  40.950675 
17.436117  106.269082  14.433083 
59.802586  48.430874  11.816131 
58.999138  53.635576  28.522391 
-11.526871  99.760227   6.793527 
23.277956  104.346620  27.721821 
58.533142  91.867374  34.300154 
38.548227  111.493985  44.154077 
 8.755100  94.507879   1.744332 
41.175591  80.701668  24.345219 
75.225005  82.585312  -7.488957 
30.726364  102.678686  30.437042 
36.295084  62.522670  49.195478 
37.614658  103.375709  41.462090 
24.811103  129.722976  27.277044 
36.088462  72.215443  12.995239 
-1.428136  93.508320  18.961667 
59.268977  121.091925  25.751263 
43.098889  44.162245  27.511047 
43.384436  93.372452  -0.058324 
66.280926  95.253721  -24.844524 
 2.024486  51.417014  -1.718390 
-5.165989  134.194426  31.632513 
24.857730  63.639762  52.168111 
35.859880  87.161091  13.805143 
52.863061  83.088214  -18.384303 
-2.388335  105.683493  -13.133339 
21.084523  117.281719  35.294109 
62.442990  62.761795   6.485896 
50.996384  115.907390  23.562173 
25.268079  116.283019  -16.539555 
 0.070791  65.544664  43.991375 
29.661728  41.660682  36.462459 
65.258864  118.754745   6.407579 
68.369136  115.828157   1.117146 
29.602460  84.837015  15.188090 
49.113933  74.177503   5.112520 
 4.519149  70.045332  14.279382 
10.263548  102.294923  -15.429700 
12.872813  90.096259  -5.281804 
27.706320  130.855853  21.809451 
56.562274  90.879538  -4.954616 
-20.249564  49.121547   7.152685 
52.000743  74.616384  15.248438 
16.199543  111.911017  22.758886 
-1.784635  92.129318  31.136644 
19.075393  88.564225  14.606460 
-2.351131  45.710450   3.066689 
62.074934  75.352473  19.399428 
56.964872  76.884387  28.385714 
 6.213514  87.772742  27.446542 
48.290472  92.501829   4.791024 
-10.893554  53.297793  32.878040 
31.274157  53.187542  40.833547 
55.223980  114.893191  27.787828 
65.921303  78.657109  25.054482 
-9.603793  58.232787   7.437367 
11.607752  85.766209  -25.813832 
34.699087  126.577845  -27.857941 
63.224719  55.533505  33.353380 
24.335481  126.823376  44.069103 
36.964028  129.800189   1.167637 
50.829287  105.155446  -30.412630 
75.434695  42.280595  23.663995 
49.631263  38.363891   7.596405 
73.651724  132.182142  -10.483594 
57.589100  84.888560   7.975834 
55.349798  122.043188   4.511718 
22.133133  111.449236  -0.062317 
-10.093422  132.171567  -1.578321 
-8.025029  103.173326   1.710996 
35.029237  127.107199  33.524070 
67.032572  75.590349  12.703034 
40.473433  70.649475   8.338079 
-5.709546  119.125433  27.938411 
72.041156  126.536186  12.967578 
61.794535  85.651104  29.951380 
-11.356905  61.229933  -8.378427 
11.435825  48.595708  26.843423 
-24.065010  110.128085  36.110461 
14.149854  85.822069  24.326886 
-8.336693  47.480289  -12.187277 
17.033769  132.883876   0.449101 
 3.143503  128.527247  -15.595229 
43.970536  135.905123  -16.047431 
41.608676  106.150980  25.614346 
34.784764  104.907579  -4.916841 
-6.283652  69.623363  23.176804 
32.137724  129.053365  -6.336847 
52.582389  125.181162  28.262300 
45.717547  67.058680  -7.148832 
52.900456  52.915243  16.603051 
11.029702  52.346143  -16.455480 
61.676814  115.293446  -26.552701 
37.667928  68.223505  -3.342406 
-11.869790  59.227003  -0.055241 
 4.696499  102.689080  37.349026 
 7.257754  105.977348  15.269985 
44.495540  88.067288  -4.793882 
34.166287  117.145463  -23.055784 
63.613603  73.424729  33.421712 
73.616007  112.891660  13.545894 
49.034523  77.548814  18.922836 
28.595885  97.550847   7.707498 
69.427983  105.674509  -3.380088 
29.106983  82.418031  -1.835915 
 3.316978  69.629844  26.227280 
41.928455  110.165783  -11.085908 
31.890474  33.298318  -7.109780 
-5.455920  70.890500  -11.850930 
52.538787  75.127856   9.690869 
40.799792  92.905763  -9.483376 
60.106630  115.331834  -12.809994 
-3.904860  77.947584  10.380229 
44.889388  113.561799  26.244465 
-3.869048  101.074905  12.613553 
29.757163  58.548023  10.151855 
 9.313341  82.990125  12.493581 
39.408816  94.630461  22.146357 
 3.977300  117.448860  36.791075 
23.716221  132.478393   6.284574 
41.179861  91.615227  27.266726 
59.732662  111.173039  -7.397456 
80.128083  109.635966  -29.799739 
 2.618685  96.426867  42.952845 
 0.845363  64.503022  40.256815 
15.917002  85.604287  18.372193 
46.559832  76.207956  -14.187843 
 0.793034  93.020051  -2.457132 
-8.275477  127.128179  12.674412 
61.640426  127.561515  17.014579 
61.895215  89.757875  23.393224 
22.322938  127.623263  34.227423 
22.782180  131.640412  38.335918 
 3.099212  132.827085  -3.805405 
58.895025  98.895319  22.804667 
14.653684  141.665268  32.012009 
-3.510361  138.886925  42.120720 
-8.426023  68.624372  -18.057170 
26.558023  109.902861  46.758906 
51.548446  60.411348  18.967283 
 0.843693  111.953592  -17.546779 
53.933976  94.633746  39.221544 
47.029110  120.245033  41.409694 
55.641345  106.984043  13.393322 
-2.900259  137.903136  19.631871 
-12.131208  91.680714  35.009024 
17.177264  113.628316  40.710348 
68.560133  122.702195  -10.412705 
76.883438  65.233305  21.444040 
41.661498  98.574273   7.657928 
39.733588  56.225860  -10.675463 
-0.599896  55.251080  25.522293 
11.580569  87.271932  46.994624 
75.324222  63.576258  43.738509 
45.884733  120.895482   6.118639 
82.218699  73.350491  -2.225955 
64.950188  98.983342  16.728236 
47.626759  98.096390  23.962028 
 8.651170  94.863986  33.473512 
 5.153172  68.006361  -16.857904 
 5.148773  132.704371  -9.466345 
 5.375388  116.425501   5.579364 
46.654351  67.147998  11.055901 
16.783095  107.758436  18.372732 
18.496784  99.571271  -8.885223 
59.265730  54.675765  23.100327 
 0.348692  55.483965  -22.128279 
 0.909400  52.010822  37.748256 
-11.244816  36.550040  -4.369112 
-4.280233  113.412118  -5.950237 
-13.721572  46.182102  15.949634 
41.231248  61.210585  37.245045 
28.258496  115.785125  30.039457 
-20.497717  84.794724  37.442416 
54.765450  111.829004   6.328233 
-9.704245  83.107808  30.699307 
35.240886  54.552903  36.128662 
28.882841  82.976299   5.723648 
-13.465650  94.114088  14.188923 
42.404990  59.354634  43.835313 
-13.487710  64.110467  44.536058 
46.295102  77.711550  36.038914 
28.994854  114.797672  -8.075440 
 8.705479  78.062532  20.178239 
 5.835229  103.001754  -4.750225 
44.454342  75.002594  40.294883 
33.870471  50.548404  32.552354 
42.655907  85.752522  42.016767 
59.117775  137.914855  -15.822301 
34.398191  119.671967  25.052135 
36.593625  47.597242  -7.665197 
-10.268726  80.076534   4.828391 
41.443321  51.744372  41.747796 
18.046609  57.321952  26.644018 
57.847237  91.134426  -9.591553 
53.857184  60.478379   9.902837 
 0.773561  80.147228  -15.305246 
75.248326  73.542423  30.960786 
56.707027  41.872760  21.614823 
54.074530  71.188456  31.993037 
38.479382  51.677076   4.310708 
47.053537  123.824759  49.376688 
64.631440  52.404216  -11.017197 
48.606232  126.967035  -24.308625 
57.050009  99.241443  27.411966 
37.692211  128.597980  42.591647 
27.104402  67.152894  24.830774 
59.230861  88.127651  17.836951 
25.214132  95.663448  36.571959 
 8.717916  77.484601  -3.169005 
65.583725  103.865652   4.282895 
16.755398  91.076283  43.157715 
48.137461  95.600415  -5.276050 
29.077402  104.479579  23.814134 
32.219753  101.352115  19.432394 
76.275851  57.570404  14.923540 
47.221862  99.387735  36.911664 
41.411995  124.759995  -16.128249 
 9.325653  125.026289   6.460104 
56.302792  108.118767  20.391787 
60.556301  136.963039  10.203238 
-2.190187  65.698914  11.050841 
17.920613  139.680560  42.512408 
 9.498003  92.157599  52.416265 
82.391365  75.426901  16.593256 
-2.511894  89.109424   9.441180 
74.954230  81.670396  40.049143 
30.908468  93.630378  23.585875 
65.844739  139.259257  -1.689633 
77.664053  113.816081  31.002094 
-4.008368  102.157621  -4.248260 
68.756083  90.669830  28.216231 
12.585794  73.502669  10.123330 
-13.445211  84.173591  49.643404 
76.313138  60.689118   6.076808 
-14.835427  72.815364  32.711790 
-22.987260  96.601099  37.168380 
13.477293  74.346058   1.327774 
28.335569  111.481154  24.866321 
16.232304  102.759901  34.930671 
-11.437543  63.664129  38.011697 
46.315281  97.011039  -12.132810 
53.107807  64.183441  -11.123905 
74.441560  99.178106  49.344477 
32.103441  70.370823  44.132933 
31.133780  63.742112  40.965984 
31.428212  94.918185  16.820410 
39.426184  112.194279  -17.464891 
80.330413  100.751969  18.979712 
17.773446  107.524795  -14.996946 
-12.677909  105.158533  49.832063 
73.845774  59.714449  -6.590667 
25.126229  110.379509  13.284958 
67.975323  104.025740  21.505648 
-5.364104  112.208459  23.454381 
12.411618  65.427932  37.922364 
44.825683  120.065724  -3.408282 
 6.796244  102.592956  30.549919 
 8.075608  51.867008   3.496976 
 4.421548  41.559870  -15.874536 
73.063236  94.603665  24.005212 
12.541137  60.297667  44.737921 
59.046649  98.299706  49.330532 
-1.430535  100.863955  48.302824 
22.813057  80.009029  -0.906921 
30.748412  138.223753  27.334096 
56.451777  124.422260  -17.975710 
72.727322  88.189623  18.779005 
73.552842  89.008974  43.342321 
55.320895  141.071550  34.355435 
14.500767  133.934715  -16.528315 
63.060972  99.254366  32.741575 
17.207358  88.287536  -9.344962 
17.971276  59.243966  -15.980663 
39.490805  101.282381  32.821161 
33.750207  92.630609  28.880834 
38.220378  93.296361  51.983125 
41.130615  108.889697  35.419309 
65.261362  81.945334  -19.485737 
66.752652  54.601036  37.900503 
22.967767  104.189644   3.729587 
20.850279  107.753920  35.852358 
11.968200  55.153839  -8.076705 
60.052358  85.807298  -25.683524 
-14.997266  88.057099   1.220350 
58.458530  133.156698  21.277781 
14.950439  101.714351  23.121367 
15.035223  47.772811  43.062811 
27.122872  66.904119  -8.645593 
33.814075  81.623397  43.563019 
-8.991703  121.509994  -3.725268 
50.912355  49.952926   5.372625 
57.945348  133.873170  25.505782 
67.054179  53.770798  10.404092 
58.103330  118.813622  33.469558 
16.102859  127.168868  48.521068 
32.516548  105.849649  -20.460850 
13.854741  82.028402  -15.741604 
28.337024  137.332052  34.468658 
46.024278  67.685866  27.456677 
53.653470  67.802544  25.106257 
22.177049  66.956121  -1.018241 
76.531474  82.869488  10.182411 
50.605594  105.943234  -16.105738 
-12.192464  131.820972   6.370240 
-9.732703  47.030248  10.246423 
66.920959  88.197242  13.218045 
37.918059  56.917475  -18.513547 
-15.439816  112.908458  -18.996813 
18.665129  76.109005  -4.932183 
-4.632031  71.272081  28.918040 
54.765605  128.239662  -11.257932 
-9.214221  101.693471  -9.506982 
34.584540  104.406472  -10.190018 
-9.249693  43.587327  -21.746259 
 0.315062  44.162724  14.222421 
36.870111  110.363037  21.009214 
10.670592  96.366927  22.997815 
33.685723  115.593694  15.625574 
58.407302  103.946585  -3.237464 
66.198588  104.360673  -12.405204 
46.660504  88.383208   9.233589 
10.514111  135.091681  25.901595 
 4.016011  127.907972  22.316665 
72.851834  127.637086  -0.982780 
31.263839  132.675143  42.127844 
-1.430887  135.079158   9.914330 
20.854500  94.745305   3.952264 
-15.323570  73.261653  -2.963764 
-13.626555  131.646958  18.046937 
67.713935  75.009489  -14.111380 
22.143319  89.638216  22.980394 
69.950258  72.913381   5.673283 
34.009118  96.002191  11.026230 
16.139511  119.228841  -23.791863 
 6.615496  69.806235  32.366813 
50.074825  50.772788  30.777996 
-25.928549  79.837239   4.979835 
26.291333  96.723000  -18.743712 
36.502817  108.332862  11.099326 
59.633901  133.734400   3.207407 
47.684809  81.574146  11.779331 
29.473669  119.446428  21.596985 
16.236858  38.028349  -19.771669 
67.769220  96.768485  -7.986000 
20.100935  64.521859   9.052277 
37.906473  96.486051  38.291543 
18.958012  125.981985  30.494959 
19.770105  129.153315  -9.922163 
35.795934  134.219075   7.243677 
26.554776  108.345355  34.229886 
14.231903  53.012588  39.530628 
-3.304558  53.057177  18.995078 
38.039131  115.072157  48.969521 
37.252167  76.464611  33.084295 
41.392518  69.394503  41.800620 
17.390430  99.913187  10.204234 
39.389146  117.875404  41.039239 
48.408748  49.671105  11.200211 
20.411954  114.802855  28.952074 
-9.767412  46.454035  39.608367 
 0.862922  59.853435  -5.831607 
43.892914  59.976929   5.519763 
-5.267998  93.072166  47.838139 
34.103944  65.656855  23.123192 
41.359284  58.621114  17.811015 
-8.186533  54.282618  -17.149798 
19.362496  60.928214  42.745160 
19.552624  93.721020  18.393749 
52.253985  135.890544  29.204662 
68.101614  120.493999  22.411253 
78.928099  120.053412  44.341063 
52.030736  106.869510   9.745297 
 6.350742  135.225301  35.401107 
29.792339  107.526783   7.198608 
-6.511162  88.109828  -24.238828 
28.222615  89.082831  40.943883 
 7.274884  80.997546  -9.887652 
48.093601  82.536964  26.454596 
56.185035  109.167148  45.144623 
 6.919006  78.834095  27.916411 
55.183545  84.717100  44.515249 
 9.022378  146.849475   8.938348 
51.783166  101.953051  18.726222 
89.789776  97.970634  10.631795 
 1.167448  118.861531  -24.799983 
36.695675  66.562778  18.375239 
56.758120  94.017860   0.860942 
50.043268  44.778352  -2.835445 
72.526011  118.062715  -4.485011 
-9.686309  120.375995  21.129658 
-15.632052  82.648843  -13.643605 
55.240141  133.623781  44.710140 
65.809974  134.460329  -22.259353 
43.573157  68.302160   3.136158 
-10.949847  117.646452  15.805360 
 9.631513  87.449095  41.451842 
 3.488505  68.208266  55.919660 
23.942626  47.504962  -11.393714 
44.429903  93.460200  47.062732 
56.964091  138.120087  16.030745 
64.927490  104.785466   9.858190 
31.482749  118.429162   6.575008 
45.905766  88.215520  19.341168 
-9.278839  99.739799  27.849678 
46.831113  49.264665  -19.808259 
34.582011  40.621700  17.263597 
-7.951878  98.246543  -18.022653 
16.954311  71.600938  25.864351 
69.974300  64.831565  36.699954 
58.462170  74.165033  -11.718127 
67.768581  116.758689  31.703059 
 6.508666  102.526653  11.274780 
80.144713  126.029540  -24.665435 
26.365600  89.842090  46.599945 
24.121164  62.488990  18.676615 
 9.358273  67.540479  18.773084 
54.681270  87.343257  21.388128 
45.768042  57.829365  -5.760251 
-15.734551  127.239827  33.610067 
47.378928  119.705381  -8.147030 
12.776091  120.441073  -11.928224 
55.350584  96.600201  -14.947403 
-14.004162  61.935283  20.699731 
-22.489875  123.484488   8.704810 
39.851076  122.520348  18.457492 
67.223178  58.544865  43.924509 
 7.842105  93.782551  14.460005 
45.916195  130.175620  -4.177552 
 8.832037  96.236087  18.684716 
14.056435  131.388736  18.125900 
 3.240220  87.944577  -6.214860 
 1.879498  116.677961  -10.724887 
18.538794  64.711527  29.444784 
28.963941  62.837400  30.384760 
48.743168  131.815855  36.709967 
13.317626  46.893683  33.642062 
82.002851  61.216310  -10.257615 
 2.474226  79.733290  16.137579 
20.334557  61.390180  22.286896 
25.276662  97.870902  41.181437 
66.078594  81.370471   1.602345 
-11.917403  49.491998  27.141164 
 1.686282  55.229047  32.791804 
47.437319  114.538921  -21.251994 
13.710495  72.349711  -10.106970 
53.039557  41.068555  38.345734 
70.464389  70.016646  -1.605410 
16.592036  98.998404  -1.739526 
-1.383109  61.518749   3.051590 
62.142305  123.186230  11.794235 
13.000934  81.136589  36.575130 
72.262752  111.769090  -14.174751 
-9.600508  82.719036  15.507679 
15.531599  129.731501  -4.942608 
14.440446  92.768837  37.639484 
16.544419  56.229923  49.214468 
18.839827  103.930713  45.390830 
52.357153  114.287359  -2.275357 
47.178359  112.169660  48.599581 
27.096897  69.658614  10.487008 
20.115185  112.673540   8.807439 
52.865699  60.818064  53.656233 
16.263221  104.711326  40.696744 
40.657702  60.593831  12.642884 
 0.679554  99.825645   6.511380 
37.208188  119.605953  -7.612388 
 5.343764  83.147631   7.060949 
62.734441  72.755221  -7.381568 
36.966657  93.412338  43.518409 
29.972320  54.687282  27.845814 
-1.442725  104.395047  32.907377 
15.486522  40.961560   5.811221 
29.845394  72.685054  31.323244 
69.901395  105.597256  -22.340233 
48.359355  106.740442  41.632839 
34.825819  87.336640  48.707072 
 3.556850  127.278093  13.937965 
66.270153  86.452913   6.261734 
16.689241  76.441106  15.033452 
 2.253189  106.004999  25.023216 
 5.454801  97.961983  26.890545 
-22.271867  112.647820  21.947331 
10.921608  59.713970  23.700607 
 6.456090  108.758773   4.538735 
-16.066024  128.197349  25.292826 
57.299301  80.900042  36.684347 
 7.552469  122.836238  49.183815 
12.140727  70.616921  49.378341 
28.069176  57.945706  46.801547 
44.470060  129.060672  10.999622 
 6.667162  119.662999  -5.276633 
-17.390766  90.076650   8.709367 
50.043059  64.529804  -1.017489 
35.189091  119.346476  -13.075735 
 3.711090  50.970779  43.791909 
34.067601  69.657118   7.634402 
12.412028  118.328824  30.781716 
50.845918  117.333704  16.631254 
60.974381  64.851619  13.236477 
60.015401  83.365272  52.993349 
14.153017  73.967460  30.820806 
49.561578  79.609892  -3.861129 
16.962364  119.742149  14.749946 
15.571938  66.049227  14.300566 
 9.520964  63.689238  -0.070915 
25.778920  130.128931  12.174214 
56.222107  64.775570  44.146907 
 3.748750  54.535407  14.640621 
54.446968  62.002456   4.527606 
29.658513  135.945178  -12.000514 
78.274826  107.111930  37.732900 
80.499545  109.817051   6.729541 
 4.460443  90.157567  -17.938470 
-15.393702  96.138647  -3.904302 
24.292587  93.938499  31.156896 
 8.161716  108.213110  -9.686049 
-1.865378  127.770275  37.798469 
-3.707749  122.245254   2.612864 
37.284606  127.433088  14.228552 
33.150137  81.117009  28.426063 
 0.096345  38.717396  31.370232 
21.527540  64.093330  22.255744 
76.046519  126.033114  15.344555 
14.166871  78.237470  -13.335830 
50.475900  73.867063  47.256466 
55.808910  88.349146  37.049820 
55.780703  84.626705  -21.346764 
39.371807  64.512352  -6.624676 
-7.269004  121.658989  33.276304 
27.434097  109.860795  43.346818 
39.502657  50.556668  20.225398 
72.997501  115.074727  -16.788653 
29.067505  97.408859   8.754881 
72.556774  113.170294  14.999864 
-3.191543  47.501261  25.554935 
 8.156758  124.565160  15.546952 
62.626044  105.775243  -7.888327 
56.312944  98.399752  44.201414 
73.582800  42.153259  32.142083 
29.459493  57.702322  24.595284 
66.236013  79.433747  12.619213 
-1.418999  121.957155  -12.121433 
59.035305  128.284649  22.371236 
-20.197771  70.241715  -25.675242 
81.959360  104.662530  10.260982 
56.754436  83.079587  26.453990 
29.794386  70.144374  16.791588 
27.390013  98.755028  41.816401 
42.220812  98.944080  -6.465129 
-11.389529  105.076445  33.588858 
54.059440  43.649940  30.827071 
65.746679  136.889480  12.725312 
18.235118  104.791785  26.592266 
-4.969398  62.728861  -23.801377 
-13.893882  127.163122  -14.870976 
-12.083420  53.123110  30.233814 
-0.447235  61.538159  24.392428 
-25.485520  91.379157   5.642671 
55.672585  108.719790  28.319010 
32.880866  113.793081  -14.969565 
-16.471341  134.553150   1.306348 
-1.431432  96.562820  12.313889 
56.001511  73.704250   3.016430 
-7.321361  114.713188  10.313556 
48.753173  81.058700  30.212517 
36.181158  129.007069  -16.776815 
25.553705  87.975057   8.651837 
54.483493  104.159673  15.896927 
27.291029  78.618390   9.639071 
52.503142  42.706433  37.711158 
10.927022  93.463341  -2.365722 
 7.048323  64.226426  -12.604565 
-2.882715  48.323124   2.689110 
18.189150  134.796605  -3.999414 
10.188850  69.327873  28.259429 
 9.880032  96.158992  38.945268 
81.769066  57.220763  27.287320 
14.807571  107.055764  -8.930022 
34.243874  81.485227  20.003290 
84.452287  78.868222   4.257479 
-13.905310  105.428215  18.323488 
-26.356385  73.706348   3.120061 
57.995693  83.607887  -2.875522 
83.925447  53.921900  16.915890 
 0.543682  73.772327  36.559674 
49.002165  136.243956  22.801208 
74.090444  98.871754  -11.722531 
44.872873  93.957515  35.297211 
 9.088098  136.701535  14.806676 
37.494487  65.313174  15.570437 
19.608031  109.285139   4.616401 
 9.269196  60.236070  43.593870 
12.342459  93.619388  -10.444338 
49.037038  56.783562  19.144819 
67.100455  121.151849  11.766159 
 9.701266  135.968590  -10.628240 
42.041553  132.489777  43.079535 
-3.783822  81.661174  -3.668901 
51.001898  100.042904   0.592262 
33.468431  98.630927  54.349742 
47.025142  104.888274  -29.940730 
-10.616239  98.973409  -6.982090 
31.479832  124.556839  -1.677136 
26.626043  74.279659  43.958981 
50.151952  135.362571  -14.637217 
44.700026  101.509460  37.690279 
19.346253  62.260907  28.838852 
43.429455  64.583624  11.111568 
-3.980204  135.384651  41.617172 
-35.471825  121.852568  26.007483 
-1.668641  102.892418  -10.680259 
13.299474  78.325895  45.321811 
-7.424272  119.526313  20.889004 
49.926045  127.219064  10.306092 
46.711962  121.021475  12.339811 
39.029955  85.407649   4.357234 
44.722031  87.799349  -0.107711 
12.220700  58.483575  -7.545201 
-11.776354  77.757973  20.371574 
36.558370  79.968181  27.977313 
 5.398529  126.561713  32.018436 
22.213960  68.118956   1.363647 
24.446753  105.393008  23.359195 
78.831085  86.493583  19.509657 
14.529225  60.425205  34.008503 
29.278632  116.896467  12.044647 
55.387978  116.739462  -15.786922 
10.616003  47.130652  -1.408256 
11.796024  63.149359  23.414618 
18.138049  70.545834  14.693732 
83.949815  90.177261  -3.341588 
41.420780  103.715063   4.673803 
 4.989702  127.486175  25.548137 
29.377329  108.786612  -5.773310 
69.762524  129.907802   1.181480 
54.457038  109.978362  41.867165 
-4.104276  96.442583  43.445624 
50.129785  103.779613  -8.301325 
 2.571583  110.551083  20.680531 
48.148417  62.820924   5.138864 
46.270157  100.759360  28.162217 
79.088556  109.968131  26.581152 
57.796554  99.369352   9.015095 
65.383308  119.189666   5.362859 
12.548318  89.781502   2.968101 
68.556502  40.027613   5.841302 
-20.682884  65.109246  17.429860 
 3.173935  104.233117  -2.966287 
59.721045  122.719623  14.951491 
10.178070  59.248121  14.369798 
54.754083  101.081492  26.128418 
47.482611  107.412197  18.842860 
17.139652  125.265706   9.286477 
47.253322  112.497970  -10.956699 
21.626850  70.827269  -16.025094 
33.969726  63.308879  47.995240 
67.591063  82.559556   0.752842 
44.461467  82.699503  -12.166438 
59.200559  86.465538  53.976703 
30.756174  105.458241   3.930299 
-7.922427  61.805157  12.284556 
40.667852  115.560231  -18.341441 
66.591496  100.129772  36.077936 
15.352233  51.607138  42.139121 
67.485329  63.366777  48.371135 
30.054352  133.075851  15.580482 
 8.731460  101.868246  12.026140 
25.723346  116.246179  -10.490694 
 1.283875  84.560970  12.818487 
11.281828  76.038416  35.461413 
64.183864  52.450092  15.972265 
10.391461  89.540192   6.796786 
 7.279403  116.629323  34.840749 
-18.119072  48.405977  11.477116 
29.531011  79.024117  15.840997 
15.355554  119.466242  -8.936565 
12.450246  56.759786  48.322359 
65.751864  72.380136   4.691268 
33.436515  143.462897  37.608301 
36.886918  67.292510  -12.384124 
45.688128  71.471014  -8.009870 
49.129466  63.112691  43.079420 
64.556318  62.318034  -14.038741 
48.002084  127.744361  -8.022054 
56.101235  75.559087  -16.294299 
56.993407  78.410720  50.078043 
 0.560956  51.909894  17.108665 
49.438113  65.105994  53.460762 
23.095762  66.683347  43.477023 
38.714612  84.462117  24.732340 
 9.627419  124.262449  -12.386006 
73.221459  94.805052  48.867306 
69.449464  74.233667  23.703402 
23.889165  48.551423  -13.214510 
56.276319  82.318488  14.239145 
-10.160175  55.662920  39.019002 
41.621797  54.298249  25.400387 
 2.630408  93.780818  24.273827 
24.980816  128.840922  -8.336875 
61.013637  54.329634   0.761007 
66.814828  117.894403  20.081274 
20.564766  70.493697  48.677433 
21.541271  72.843933  32.717802 
20.794608  99.211388  45.913470 
59.016131  92.927333  49.343588 
36.766069  124.460083  -10.786721 
13.395648  69.885601  -8.816700 
 0.629164  39.152290  -1.017194 
53.793141  78.956721  -7.841718 
78.078779  74.877698  38.880058 
46.811643  122.924360  48.555830 
62.293083  113.198205  33.637482 
66.101364  49.864224  37.734937 
-25.869011  102.188962  30.061099 
76.246826  131.433895  -15.448518 
65.176956  50.472865  -10.903124 
45.842359  104.593008  10.197118 
19.115971  79.395314   9.512133 
-3.284464  58.493083  -1.106760 
50.402569  41.665685  -14.374056 
20.032540  48.820125  34.511095 
 2.531318  138.716530  20.101460 
59.999874  132.759799  44.578898 
61.665099  95.452905  28.231486 
43.669535  70.285546  -10.927828 
35.707467  66.006234  23.993051 
12.301209  108.759630  40.389214 
20.603445  81.087879  -0.329233 
-23.915684  94.463055  37.608073 
38.498451  100.513356  32.325582 
54.361721  85.773940  -13.043554 
-9.723736  95.924491  23.027962 
 8.244465  123.749235   5.325041 
-4.381616  131.012488  16.083500 
36.631254  135.116748  -6.306491 
-3.944681  112.952759  -9.075149 
38.814016  55.686446  -12.005472 
18.838968  94.247567  26.968009 
71.509861  102.407828  -3.874932 
25.735925  138.794688  -13.024532 
65.091011  131.728028  16.820102 
 8.966405  45.508210  -8.101591 
66.118476  120.358274  32.323119 
 8.608080  47.328160  14.252818 
23.958262  114.177977  -19.312897 
 8.801605  76.974253   5.078488 
-17.048042  90.776186  -8.471248 
57.705449  135.703869  -8.520262 
49.582519  110.639604  -1.221079 
83.417103  69.727845  14.104438 
22.762991  57.293610   8.515509 
-16.380135  106.435070  42.471341 
-17.565654  54.633792   3.294930 
 8.414903  78.658578  23.951181 
26.722448  139.318256  32.807547 
58.905982  63.130240  -9.995742 
38.077610  101.025182  49.697336 
57.052413  67.619254  20.772777 
28.538057  140.196963  -1.419145 
-19.624927  65.623830  25.766844 
 6.178559  75.048133  43.117451 
38.350731  110.998892  35.028541 
55.007166  73.354921  -12.162704 
71.035381  51.577300  44.214831 
35.709281  36.070755   7.111893 
 3.882840  52.370274   9.049291 
52.727773  138.870060  17.369862 
68.507402  62.977619  -3.751845 
58.409355  92.241340  -10.218864 
66.926150  80.362532  28.854887 
23.949731  98.639658  -8.097556 
 4.901509  90.401965  -22.961862 
16.495920  125.414550  28.265511 
47.937551  79.677004  -4.098342 
37.563558  61.198949  20.418101 
60.466687  142.469308  -19.362768 
62.501273  81.626989  42.421138 
-3.371798  105.367193  -24.991791 
20.206702  56.590202  40.135621 
79.247363  50.708198  37.683227 
-27.641281  118.013991  11.924358 
 6.180477  101.100119  25.471609 
13.664211  119.602720  -2.602375 
27.109965  62.325143  17.347203 
86.651450  114.712446  16.225491 
-12.701517  104.503300  10.224058 
61.443487  112.893926  -27.601582 
-7.636737  105.612710   2.348324 
18.869686  84.611252  27.211692 
 0.839017  115.281099   5.642654 
44.814646  104.848902  43.015249 
46.033790  67.904355  48.919970 
20.886107  40.989074  -20.640826 
82.332639  72.042171  -4.330449 
-14.117007  122.034535  43.018832 
 1.792034  86.705562  31.125661 
36.852438  48.252514  10.763731 
82.246449  82.987158  42.952971 
 9.116110  100.664289  16.561614 
81.923241  53.704604   7.812755 
56.274770  62.370279  17.073355 
67.633765  84.653182  -19.007156 
64.072033  79.560262  -11.850928 
14.968269  129.701919  22.883848 
34.409416  66.816566  -1.016416 
30.508188  71.807371  -14.929886 
18.332633  110.681159  -13.408025 
 8.243403  75.677178  18.641384 
33.523890  70.275160  32.267369 
31.941102  49.236430  -2.094886 
33.490205  130.703533  30.447709 
33.311092  125.974623  24.844731 
70.168150  95.297689  -20.671459 
34.595076  95.826625  -6.567285 
 0.104031  77.363789   2.853039 
63.484129  77.000988  33.772609 
17.166818  95.490207  -20.152977 
44.411969  39.005535   2.940636 
22.390926  70.888747  -10.315358 
46.454666  78.512002   5.476043 
24.099819  90.335467  18.559727 
 0.833818  106.463852   9.408642 
37.633287  90.392355  43.827711 
 4.501839  91.663326  48.790622 
52.044978  136.686624  29.399985 
-11.002190  110.464380  -4.778409 
24.805009  86.779778  13.861032 
61.869886  109.943923  18.095533 
48.215950  131.075890  -0.569688 
15.633718  120.759225  36.808302 
19.876637  86.391979  33.667276 
-10.038487  55.386388  -19.491267 
 6.850078  85.708049  -4.878792 
-8.815042  49.334942  -9.756346 
48.194735  66.068838  14.957108 
78.962142  92.345638  25.544248 
 3.421417  34.057177   9.667121 
13.568698  81.942475  48.443877 
25.952794  86.926063   3.822628 
-4.276754  59.209410  35.603220 
24.876111  66.240711  53.577901 
61.293790  113.569755  -2.883871 
56.918973  69.283736  13.039496 
46.509560  125.502119  32.423329 
65.350043  54.458044  27.203402 
-3.099570  107.168395  29.836888 
51.027207  121.689617   1.396623 
23.178037  125.128725   0.793041 
44.385356  94.934850  25.330228 
40.405541  76.422302  42.368642 
55.962683  79.578271  38.767822 
16.736639  108.013398  32.613314 
44.970681  87.267965  -7.707098 
26.834846  77.821162  40.262868 
30.286429  69.919716  -7.475540 
31.191340  72.350998  48.541039 
44.298418  93.801500  -10.687292 
12.178400  87.102691  37.017614 
 8.546726  67.994474  -25.263608 
44.543247  72.452253  -4.296543 
59.804794  61.076351   5.601428 
-11.464583  85.145403  26.885644 
36.637358  145.063524  16.725394 
34.634886  112.859167  47.443589 
 8.301654  99.515173  33.722407 
 0.594016  80.868535  47.889296 
35.731752  109.324864  -25.429889 
16.603491  41.032124  21.222296 
24.195595  134.153767  20.457981 
21.151476  81.471074  35.979689 
49.352515  86.651332  19.438899 
25.713006  106.920282  30.945091 
 5.511316  130.742944  -21.533710 
 9.912440  57.002276  30.450262 
66.267808  132.576031  -27.077155 
30.192065  95.242190  27.818592 
66.465238  70.924470  -8.314306 
12.265022  98.486974  -15.613220 
45.618770  92.130402   8.803098 
54.218673  98.823512  12.599394 
72.697371  77.107879  17.953310 
81.096752  122.883997   7.537361 
-1.885283  118.760678  15.325756 
22.922573  66.368124  -25.862542 
45.091321  145.105542   6.124030 
17.409553  74.790581   4.581979 
30.329484  128.610189  10.413890 
 6.484406  74.809716  -1.851552 
76.939830  83.906063  -12.887388 
11.282645  105.863724  28.838722 
16.083478  53.856624  25.839425 
57.560368  106.516388  48.625274 
23.142939  40.957253  -1.569640 
36.943035  97.691335  10.014723 
-4.239551  88.594406  48.688709 
41.203366  103.853820  -12.369619 
59.273831  81.481648  19.369938 
 5.203390  50.145838  23.403579 
13.076729  119.153851  10.417907 
16.194205  79.110801  -7.217827 
71.132754  54.546843   2.849313 
17.948106  113.696911  28.843911 
52.791671  109.878020  -5.504811 
44.343052  132.994374  -20.001996 
29.886901  96.170090  21.120115 
86.218414  38.473879  -0.948146 
-8.138453  55.371827  48.720099 
12.441436  120.491397  43.498493 
-24.211831  98.384810  14.095435 
55.560334  42.343254  17.284894 
-1.339215  73.677176  -9.444799 
 6.181511  91.532679  43.407271 
 8.744094  86.756648  10.976956 
28.720246  116.147754  33.317122 
-13.128933  66.114155  -14.436747 
-17.650792  61.308194  10.104752 
 2.719048  113.256293  -0.798334 
-6.100486  53.258120   7.823479 
54.471801  73.390586  34.583295 
71.056371  100.872500  22.620951 
26.407170  105.649501  12.958168 
29.768652  58.132801  41.593944 
24.798619  111.006507  -0.310649 
52.099238  116.912998  17.667302 
35.054936  44.352806  37.550512 
-2.105412  97.530703  28.525048 
-14.844442  48.485062  -15.964269 
-6.530845  100.884123  -18.950045 
-1.522220  82.222874  -25.910560 
34.700753  85.768673  10.067645 
37.870252  111.380792  42.143620 
 3.928892  47.930109  44.450016 
73.196338  101.229485  15.121498 
-10.288809  119.332568  -20.535310 
20.352644  139.733961  42.453691 
-2.250983  107.710649  47.820760 
-2.952666  70.094081  17.219188 
24.406237  114.164806  51.828095 
-4.113417  61.545246  -9.272199 
43.398962  96.130125  18.921055 
35.653729  105.152334  13.151667 
80.433428  74.165668  25.587313 
42.192065  42.391356  15.371549 
-14.490604  93.619765  -20.707608 
50.893150  95.567048  22.132239 
66.338951  126.247109  33.030007 
66.186351  134.428904  23.096133 
19.352043  93.925343   9.983791 
37.310970  93.255731  22.392545 
37.603602  63.310442  43.266654 
68.473264  88.870136  24.586265 
62.364510  121.757806   0.514894 
41.214625  48.493286  32.763859 
66.556976  138.398027  -3.793885 
42.273770  52.492402  43.767490 
57.878494  127.609079  -21.896487 
45.446168  145.286094  -3.305898 
49.848697  53.761266   0.244699 
33.252351  100.862128  25.511445 
69.265603  65.996086  34.037579 
 5.042992  59.464579  34.480784 
14.343572  91.134069  14.760877 
57.720101  119.074536  43.001291 
20.059380  135.688007  -19.903523 
-27.390969  106.036100  -18.973558 
-19.437111  90.561021  21.324024 
37.265254  57.067167  -4.697687 
51.576244  76.287283  17.389907 
11.320804  106.555873  23.129915 
-25.277449  120.670140  -7.815761 
26.062305  45.196197  49.272381 
45.666621  125.449543  19.785666 
 2.660915  98.759792  18.548815 
49.818892  75.221799  54.050108 
43.672586  104.716897  -3.344899 
78.251146  69.290560  -25.116167 
53.876581  66.004186   0.529168 
16.033432  49.684515   4.431277 
51.788880  137.545891  39.128016 
42.775474  53.701371   7.819035 
33.791793  114.590976  53.829881 
11.683488  80.859921  54.272264 
19.336790  73.298394  21.044934 
48.546320  54.420420  -7.006916 
-1.080681  79.583114  17.098429 
-17.004683  115.837229  31.611478 
-10.597621  49.631354  -3.266844 
39.207214  73.478982  17.023067 
56.059171  68.111505  43.174843 
28.636906  43.866917  25.404860 
15.739769  122.841612  20.084994 
51.280254  118.971941  24.255446 
 3.067648  126.474827  47.347298 
25.617280  119.466658  25.894176 
34.085538  37.947601  -6.503632 
15.529573  67.566243  -3.630049 
25.340077  137.042022   4.643869 
15.841434  108.139891  -20.571684 
45.157570  88.611055  27.644940 
 9.061814  104.554903  -8.277576 
16.605131  36.163971  35.621959 
40.835750  40.369058  43.508832 
50.282246  62.697967  31.669178 
38.068795  120.661291   9.198824 
43.567117  70.764158   6.440230 
39.497227  91.659729  -21.796043 
61.654900  56.435303  22.134026 
36.849338  84.410291  50.283806 
57.341842  72.387349  -3.109741 
17.500652  50.200751  16.150581 
15.767758  65.359096  -14.203389 
-2.337673  119.802915  28.383158 
61.824235  105.610464  -0.301517 
30.312244  85.101393  25.098710 
67.933285  110.501314  38.493692 
72.704515  78.971873   6.732765 
 4.313611  71.166852  21.817178 
30.955208  88.017437  -15.608379 
-4.571189  46.554258  -25.250644 
12.949622  77.031902  30.248198 
20.049552  87.430409  -4.093943 
36.621044  77.022152  37.216764 
56.276722  67.955824  26.000981 
62.658736  128.758764  27.253447 
24.840840  143.488334  11.823145 
24.660017  82.497066  21.970177 
14.273133  144.369654  23.146971 
19.248222  101.971618  14.818325 
12.916423  118.746978  -17.454232 
-15.752325  90.408549  -14.819858 
-2.295528  151.704886  26.769215 
35.042644  102.116948  41.237659 
40.500374  119.257584   0.579113 
67.467185  117.046526  26.041779 
-5.441835  70.290907   9.712015 
38.530213  121.642774  44.258922 
53.041972  56.427091  38.061462 
29.297327  54.475083  15.279599 
24.520622  103.067356  -2.124566 
12.469096  58.925272   7.712116 
72.518483  105.731116   5.031075 
 1.626438  81.681890  -8.697914 
62.790692  102.392082   5.540861 
21.153353  90.871329  -8.452641 
71.030683  92.964334   0.006781 
32.716739  89.657344  14.888010 
11.624173  50.441497  -13.420244 
10.100772  64.645375   3.232685 
 4.528735  39.301211  20.059509 
38.753988  125.154220  37.584761 
 2.416994  63.232278  38.879337 
71.270647  68.916071  10.201449 
17.931220  89.275053  42.154224 
65.788539  128.128617  -13.827593 
58.168231  72.478823  30.526783 
16.198439  106.512335  37.282351 
40.791245  110.833172   1.284753 
31.312436  132.830369  39.833555 
25.238373  59.402918  -17.239786 
-11.624978  50.046803  22.391969 
25.218138  60.852295  -6.594918 
66.587225  96.545903  17.451023 
-8.186089  111.982662  -15.167400 
49.938982  45.245925  -24.320816 
79.317671  64.024712   3.058503 
 4.024818  85.071101  36.648389 
38.477640  75.579518  10.874706 
23.456514  115.452797  16.041353 
43.723121  118.173264   5.538704 
52.900962  94.954008  31.826704 
36.454037  111.057007  23.758204 
 4.823924  110.811861  -15.241027 
35.008335  70.193681   9.510647 
-3.799743  93.681839  16.866958 
24.577733  71.308828  -3.396757 
 8.076434  61.020655  -1.564129 
77.425555  94.593883  -27.886285 
 2.314223  48.238322  38.048363 
77.245075  88.924112  36.780609 
 0.585153  61.141585  16.600324 
19.123006  43.110984  29.566442 
71.921590  106.302169  31.401756 
29.419322  103.784169  -9.830610 
-11.847273  64.892123   3.791582 
46.568431  120.616341  -4.665998 
20.691461  72.025808  26.688749 
69.005801  85.253716  45.385523 
43.185447  68.621474  38.821689 
-15.654996  116.637078   5.697466 
-5.247949  94.222638  -13.416693 
78.398284  113.174241  33.083514 
 9.553991  72.588746  10.816993 
29.047614  56.479392  36.694443 
81.630700  99.247105  -19.014181 
 0.773820  127.992466  10.101335 
-15.793552  98.821789  36.276929 
12.147601  108.567871  47.408379 
-16.241364  75.163751  24.922395 
 4.474723  52.293054  -20.231972 
44.433959  79.746601  35.147375 
 4.711065  70.583824  33.710118 
24.661785  131.510583  27.186679 
27.286184  81.947300  -4.387622 
66.797154  113.832269  -10.131497 
52.662794  50.502926   5.182637 
46.009162  99.218840  -19.557608 
67.699564  96.498112  42.353604 
45.902085  63.154440  -1.148545 
 4.210052  101.388555   3.170192 
32.253872  72.953764   4.842307 
65.813304  85.009405  36.774423 
37.097546  74.039464  -0.841974 
17.070098  54.742920  -21.542216 
32.224702  93.901512  36.328372 
40.817178  80.107690  -15.446410 
47.036538  110.951303  31.487673 
33.074970  90.484166  -10.181317 
-17.618427  74.741564   8.988839 
 5.576042  127.704760  38.059115 
25.960184  118.693305  38.702441 
26.858888  127.424253  35.185669 
22.034775  94.618126   0.945930 
41.256964  50.703875   1.080487 
66.895542  106.744215  26.186588 
55.229415  121.243746   7.173820 
 2.441954  62.536728  10.369698 
75.643550  110.388505  -1.072677 
28.934650  139.934138  -24.715416 
35.927000  85.115570  -3.051262 
-2.226041  86.300240  23.982975 
33.534032  110.982258  -2.685933 
43.424040  114.341902  26.348501 
43.031369  73.344288  30.942923 
54.513455  127.791360  33.031636 
31.736340  119.091581  21.933428 
66.329864  73.711254  -17.716505 
-11.904074  89.960065  -2.338671 
44.079327  42.331908  -7.055496 
35.009969  132.728334  49.304629 
-1.461545  95.470535   6.752949 
46.268996  86.391336  33.179865 
29.681941  116.381310  18.348970 
78.804109  64.026958  36.949128 
59.911614  59.883795  35.130988 
-16.573114  64.791844  -3.978656 
 1.333957  79.132100  27.726547 
-2.368545  84.732667  -19.138955 
65.979434  61.750456  41.019684 
39.643955  60.233469  35.548279 
79.911420  105.696438  20.055164 
17.002951  117.174837   2.948015 
40.537950  39.032002  27.520122 
57.306638  104.496829  -22.361247 
38.445266  94.610585   4.327805 
63.500411  87.798494  18.750440 
-26.023556  86.299196  26.447456 
-4.956017  66.244244  29.746182 
-15.020171  117.851756  15.928022 
 9.802955  45.763096  28.614202 
68.996697  125.597574  -5.997575 
19.265540  66.274999  34.311343 
 0.445607  84.897527  41.396653 
58.282596  115.023216  29.925292 
31.188820  95.692349  48.555094 
33.249644  119.987764  39.132378 
-19.169333  104.799922  -0.056355 
63.963952  112.087943   8.891554 
40.167588  102.798398  16.040033 
79.937749  67.956691  49.016421 
-5.571775  136.639285  26.686890 
41.051776  103.380379  22.478669 
10.974094  115.380546  21.777820 
32.576525  99.552063  17.192905 
-10.080130  54.409622  16.862698 
22.512588  83.198703  47.492056 
57.102360  81.815946   9.228387 
53.822576  44.797257  -3.086451 
-24.569051  65.390457  -9.701602 
-20.003655  71.292397  32.523294 
17.379852  68.471828   8.379900 
17.491922  60.046471  12.554997 
28.021143  64.787507   7.973282 
-0.630832  30.367354  -9.881357 
79.623747  84.433681  12.783151 
 1.137644  45.238448  -14.816055 
75.184263  50.331253  -17.486277 
 8.190291  137.243766  28.843143 
-10.282532  73.120269  38.421075 
19.467641  61.220591  46.868542 
21.415430  96.810985  37.216677 
39.269694  108.309013  29.400490 
70.938668  78.323166  49.923061 
26.389148  53.720692  30.651870 
47.863123  63.977433  -16.021446 
21.395491  113.716250  23.016271 
41.295499  118.339535  19.709744 
57.770864  84.068810   2.720222 
25.478871  70.618017  12.240289 
-16.193167  78.447980  -0.503835 
17.130427  102.562306  20.378446 
41.530737  55.345057  40.110861 
-2.526006  124.122777  -19.940522 
49.035119  109.172855  23.024555 
-8.732858  89.653152  38.062453 
14.570473  83.800065  22.877595 
24.848912  82.639531  -10.776212 
48.758292  86.778926  45.077923 
22.991726  121.425321  -4.522614 
37.813030  55.861912  -17.870593 
47.086932  80.603075  11.266756 
43.298946  123.250190  27.425526 
27.134645  89.361165  43.458487 
36.976324  61.891896  -21.440568 
60.916934  64.284318  52.918815 
68.178941  99.022649  30.767866 
-1.918728  106.999575  15.029684 
44.329551  85.246660  53.337667 
59.867087  75.123683  23.337985 
-30.162387  82.067507  15.443913 
58.646082  101.900180  -12.482445 
-11.697858  74.562119  -21.444403 
49.067677  92.863715  13.702369 
68.267717  40.185382  24.908222 
-9.715411  94.492243  29.634341 
-3.282275  137.702784  34.032981 
 1.087605  87.189234   2.140780 
23.243927  133.477822  49.014139 
 5.755362  115.502150  12.044750 
23.757435  107.510529  48.272847 
 5.041206  70.935365  14.121566 
14.581448  134.208810  35.508446 
48.337475  54.547453  -12.936976 
54.947315  54.955860  11.455517 
35.780026  150.083120  27.293275 
58.714625  122.373635  -11.328435 
 0.086768  95.574692  -6.504599 
76.281103  46.270746  22.027646 
72.509132  120.253368  39.528821 
-7.803155  77.962357  -14.987034 
 6.693242  90.023274  31.267353 
-17.290362  73.798918  16.042550 
69.351970  60.177814  14.322006 
35.103503  119.616532  30.847894 
17.373644  112.662497  15.678363 
49.260414  62.296464  25.925930 
-34.008638  95.227342  20.731527 
-3.175705  79.111499  31.493743 
 0.694629  72.260106  43.390724 
49.231789  109.312546  39.370113 
29.176326  77.525708  32.806634 
78.117880  117.618225   2.624821 
76.990053  111.711961  -7.843185 
32.719882  88.714136   1.232283 
 3.105388  57.004143   3.693060 
16.619510  126.880663  48.230322 
-11.856606  119.520609  -0.251068 
67.104621  129.178453   6.846108 
66.722607  67.711455  27.499512 
-10.803207  80.325725  13.530280 
15.771991  41.990693   9.497354 
-14.068327  78.410754  43.841545 
65.287261  106.027853  -16.065898 
11.057992  85.409742  27.556268 
58.285972  123.382926  38.179130 
51.497652  116.865542  -21.397272 
 1.026494  125.472443  21.327065 
46.865341  71.853227  21.200304 
50.558867  98.315401   6.039909 
47.489121  81.355340  22.970017 
16.168822  78.675574  15.883952 
29.576871  106.987517  19.288137 
63.471397  72.053998  39.708362 
32.698868  104.847102  35.492148 
36.202773  84.131159  -7.518212 
18.944855  127.759539  41.396361 
-9.813184  108.479194  39.751243 
 6.292317  142.355298  37.108781 
 1.389630  112.813367  26.871752 
40.816404  134.079099   7.931661 
38.811397  86.709230  18.304032 
68.125407  92.617624  -7.310011 
-0.704183  59.219239  -14.659353 
22.593724  50.352424  -7.841766 
74.470209  91.533269   6.188568 
14.353997  66.923467  42.890769 
-11.008412  110.897089  25.977365 
-20.078049  52.708273  17.801900 
27.918553  75.509141  26.714891 
 7.107442  143.715821   4.580992 
-10.667224  70.889271  31.286904 
53.328698  128.314409  17.971793 
47.028411  95.639538  53.991173 
27.416137  76.077368  -21.170101 
18.243411  137.056689  30.986429 
55.861493  111.186276   3.185015 
-6.712881  46.600166  12.530854 
-10.449750  80.624065   5.243590 
57.516275  97.041961  -3.486768 
43.957975  55.566268  15.218197 
10.387634  118.377428  49.231540 
 5.470861  88.601915  -11.536351 
45.943491  130.077762  38.402217 
57.219150  55.485094  44.716159 
-10.872045  90.458160  17.153990 
60.523320  60.071966  30.947676 
63.674279  141.071372  34.097553 
-24.347742  129.470778  31.946230 
23.119769  94.402226  24.015385 
69.801343  97.702286  10.363820 
47.475605  93.476608   1.238633 
47.780893  76.091779  26.845253 
58.319834  89.391145  23.980012 
12.863736  79.140748  -1.442051 
22.502065  97.414634  16.861857 
19.586021  55.991484  -2.290837 
18.548582  113.778908  40.811661 
20.187952  120.210765  32.199380 
-15.944100  85.785900  31.897177 
83.352002  122.526045  -4.827449 
73.799715  121.157393  21.427567 
38.232676  111.498877  -9.262496 
-27.945001  89.693492  -2.481714 
61.760608  66.752356   8.519231 
57.993654  94.289844  -16.502374 
41.845431  135.105539  27.931357 
82.358364  91.264681  31.338568 
12.414934  94.730031  29.630089 
-5.125309  69.466025  -0.488645 
59.914255  109.794302  12.834298 
 5.091554  117.875196  -5.516022 
63.707524  106.571962  43.792259 
25.519489  79.699431   2.234351 
68.216107  69.358399  -0.279805 
56.639287  60.854896  -5.393864 
19.189958  84.915558  19.777197 
10.745781  112.523313  17.072285 
 9.706543  117.709147  27.429683 
26.147476  115.894791   7.380144 
-4.937568  105.398662  21.452646 
 9.655656  66.701208  38.433390 
 0.823521  107.943088  34.404158 
12.925758  79.622466  40.855767 
42.086402  55.028263  49.208736 
12.993003  107.813061   9.844231 
-15.884211  132.200190  11.687671 
 7.471849  90.939442  -17.165238 
30.386136  110.185224  27.878983 
28.354290  63.200993  33.102490 
31.685684  43.796162  19.405027 
-16.517864  69.817570  38.441313 
 3.583859  118.898380  39.372054 
31.564198  40.241517  32.841150 
-13.197216  123.534978  -8.478396 
31.295943  78.888661  -11.993395 
44.935479  91.788655  -3.473255 
47.526885  120.622552  40.692685 
-6.863773  144.628039  -11.454572 
40.359530  133.286612  34.299072 
-0.056953  69.562671  -19.787875 
-15.787323  105.872590  -24.432728 
42.393367  89.530846  13.902891 
29.218447  127.214425  43.592089 
28.017648  97.907830   4.070535 
-2.394485  95.395926  -0.855997 
-24.228170  53.054491  -2.686036 
21.773325  126.770586  15.952699 
16.742307  99.384179  -1.841462 
-4.845418  127.048045  -4.519628 
38.582650  63.579357   4.769742 
40.823243  58.999520  30.605091 
-8.970709  62.070547  21.508075 
67.348866  62.629243  -21.297030 
32.596862  113.500986   4.006305 
67.741204  89.563077  32.015583 
79.813111  57.526886  -7.085013 
-19.428414  106.167681  25.248102 
29.794721  63.588085  28.074266 
41.591103  71.175740  23.621276 
18.996470  88.238453  -14.698426 
59.830773  113.709318  22.882116 
62.510800  92.210495  39.907747 
63.708922  115.834559  49.283435 
30.969747  57.237350  -11.933674 
29.317764  72.698808  21.800829 
25.740171  89.620031  30.932038 
 4.704274  86.876629  19.997820 
29.086611  56.338644  48.067716 
56.495760  100.994731  36.603116 
 0.700309  53.363673  -6.182537 
63.043357  90.179316  -26.634979 
51.680470  70.478579   9.151809 
38.003529  123.104891  -23.408099 
 8.887460  133.268143  43.463767 
18.382279  110.889805  -4.719428 
-19.318310  45.470187   3.803792 
75.509178  66.224844  -13.756915 
12.224613  48.116041  38.343098 
26.417631  46.839288   4.078354 
36.317597  121.748336  15.222114 
51.844453  40.350566   9.871720 
12.030402  95.260556  21.026106 
51.842063  111.304685   7.906530 
38.390526  109.262847   8.714987 
38.756463  111.222649  16.111589 
 7.539419  68.988839  48.706768 
20.261507  62.045482   2.577219 
34.456742  58.707403  12.372595 
60.459137  101.032044  21.636573 
35.285205  85.880493  32.592948 
53.990330  103.021618  32.800295 
-13.226950  120.822577  36.927230 
37.378135  37.288008  -23.612494 
58.074615  79.694335  47.024862 
29.007899  52.650187  -22.015050 
55.072066  89.818528  -5.984756 
32.299569  96.428259  -3.036230 
10.703227  76.474012  -20.052381 
-9.371615  82.988939  41.598413 
51.460501  67.352305  37.175090 
-27.201513  64.471919  10.668034 
 9.217162  132.309554   1.718025 
15.794982  135.850093   8.595352 
23.833074  99.322459  32.243704 
 7.473690  52.050918  -26.784292 
64.371683  90.167836  12.511328 
52.583768  115.461234  34.627760 
24.894622  107.780377   8.974340 
79.006831  77.282792  32.453130 
-6.565141  101.186438  48.896426 
36.238677  94.435251  30.935216 
55.740735  87.145015  31.524207 
-9.120110  80.521906  34.734453 
37.467858  43.339788  -14.444215 
51.944181  50.966193  25.351400 
37.049599  119.339863  -5.885201 
-3.660054  94.511110  35.480646 
-0.231317  125.257859   1.600497 
 6.015649  103.071436  44.871749 
53.085966  124.515761  27.143343 
 8.669699  58.246591  20.327924 
23.820446  100.984575  -16.081644 
76.127260  114.995380  -29.789373 
50.103566  87.611756   6.152581 
 3.108183  106.733287  -20.232397 
-0.025786  81.432622   7.969626 
56.458352  132.066646   3.580418 
46.741107  121.316857  -12.811614 
67.208422  52.911906   9.377684 
35.483669  103.073702  -19.257358 
22.517538  54.302300  21.468464 
59.150054  96.056817   2.281248 
 2.197732  64.962039  27.996524 
71.889690  70.351898  43.741173 
68.558570  50.173957  -4.508644 
-10.815495  93.417476   3.879711 
13.933366  103.860456   4.330450 
17.477795  128.015014  -16.604368 
79.288680  101.178517  36.791726 
35.544507  101.272297   0.067157 
 4.297728  134.689061  -4.320400 
12.015858  57.656328  -17.701356 
69.904340  81.646117  -4.648474 
47.228761  112.214733  13.039694 
55.759829  134.054241  10.198122 
26.991315  44.272289  42.234323 
72.104634  61.077075  21.239513 
32.711270  85.984669  38.951057 
14.553588  65.955394  18.014622 
47.084832  104.033230  49.232139 
23.378748  97.615552  53.295764 
 0.231945  68.780078   5.412440 
39.449149  76.106506   1.753629 
10.926415  94.435621  52.189672 
 4.269784  76.901800  -14.650001 
53.697267  96.088926  17.903663 
26.105209  107.780853  37.376868 
 2.562396  49.328952  31.966365 
-0.718223  100.890993  38.637471 
59.727990  109.995673  37.766106 
75.457691  102.935461  43.635987 
49.780371  105.915071  -15.171038 
 9.568164  85.824465  16.802658 
29.399394  69.155435  38.623506 
42.056714  134.383267  14.111950 
47.681224  79.054867  41.552319 
-1.067115  64.466477  44.153932 
24.184724  119.488923  45.903090 
19.027645  70.553273  39.090584 
64.316605  70.780761  16.866066 
45.612935  94.495861  46.351655 
73.471979  53.896634  31.386335 
-7.992976  59.530909  28.579928 
-10.489632  90.823387   9.946849 
37.800145  130.078655   2.940392 
28.975861  123.073231  -14.291098 
31.566164  59.234609   1.628939 
43.398308  78.919740  16.038740 
37.639441  77.932180  47.200252 
50.317493  39.051956  23.520023 
-5.171313  74.418655  23.975722 
58.242550  123.612411  -5.026568 
47.404692  114.332613  46.218402 
-4.119690  137.939621   5.702002 
-15.123459  124.325094  25.865383 
43.712763  116.196876  35.715405 
-16.960206  107.241237  -12.925390 
36.374765  133.342143  22.927531 
32.943789  100.860824  -14.102738 
46.550419  77.463093   0.372228 
26.320398  124.755749   6.057048 
25.752831  41.875872  12.531577 
 3.328268  66.453965  -5.220030 
25.838418  122.370532  -23.661061 
-10.826348  76.473968  -8.109163 
41.705679  89.312221  39.640756 
51.073441  93.985211  40.780349 
79.155309  39.537731  12.891607 
11.228491  32.362113  -4.347514 
62.395397  88.513722   6.835970 
32.766705  54.857479   6.427881 
19.257725  92.476621  -16.253845 
29.809729  117.148658   3.507326 
-15.134304  101.933448  32.158866 
49.225289  109.317487  -11.968868 
10.496596  62.384875  17.542720 
28.974794  58.775740  43.437159 
28.541664  96.211476  -5.829873 
78.492297  85.368721  41.699753 
-2.656965  94.173803  -14.214924 
-7.020815  81.310880  41.704928 
29.885118  49.082281  40.196973 
-6.954075  78.817618  -14.284352 
45.173858  76.813842  -1.761144 
-9.922136  109.705707  -12.382842 
-5.157129  46.867657  39.453508 
25.007484  126.819065  -24.785031 
47.639350  46.083759  15.067968 
32.389078  72.385956   5.983464 
20.549286  63.696112  28.835038 
-14.524117  126.246854  24.415627 
-3.652367  110.028195  19.962861 
22.916387  100.417334  33.578894 
48.492396  85.845132  47.037546 
38.777892  101.316686  17.084542 
80.776491  81.866607  34.694877 
22.658306  42.797147  14.077878 
42.836052  69.052810  37.567691 
36.347245  100.648874  -25.664183 
27.332086  118.018922  48.691506 
 7.201115  89.914282  28.301005 
 9.783571  112.945968  18.393293 
-1.831841  88.147404   5.681376 
46.791835  55.672488  -6.873425 
-10.733831  51.041487   6.530587 
 5.574947  136.902555  14.051007 
34.809625  97.225205  26.289015 
-7.375608  57.814234  22.675543 
18.202928  123.501680  31.485915 
70.064722  64.017846   9.807808 
68.066358  46.986994  25.851226 
29.061610  94.791458  39.980736 
13.945929  42.104074  -5.086511 
64.470702  68.004646  -13.995128 
26.844121  96.565619  15.771225 
55.428355  125.612223  17.849560 
43.532997  115.877755  35.476886 
11.440895  104.289890   4.161395 
-12.973025  80.993076  -8.986716 
80.809300  110.083148  -26.794644 
 7.456650  123.378447  -13.548658 
13.180585  82.249872  49.303029 
63.216205  66.842811   0.950912 
-2.614169  37.565177  -5.562328 
-20.941779  59.458983  10.565367 
28.558184  134.956189  -20.104240 
63.603534  138.551875  -3.739243 
16.621033  52.621698  31.590576 
41.258972  97.570609  36.769911 
-6.609602  110.231546  14.232809 
68.337821  111.575439  37.523683 
-0.336095  118.420492  18.394789 
59.471667  65.216624  45.921734 
33.521479  123.912633  39.363709 
-6.835241  75.611926  12.481762 
48.263081  103.752327  38.271825 
-20.543176  56.584463  17.982407 
31.914006  55.543220   2.984839 
17.425060  71.963145  29.042747 
-6.151812  62.259742  17.221428 
-1.433556  81.684606  17.565777 
51.881650  86.444828  16.961201 
34.269303  37.834195  -8.411169 
70.469380  83.793941  46.940964 
72.332596  101.985648  20.894109 
71.099606  77.201914  41.200915 
36.635458  68.982948  -8.297690 
57.388765  34.019789  -9.180997 
 6.341264  136.934509  29.003923 
28.261920  128.207011  -14.469515 
63.850723  76.806277  -12.223658 
20.904763  97.224948  41.584056 
 9.149258  68.592566   3.653272 
28.901830  104.568678  26.440559 
19.036233  71.002951  47.648274 
66.628322  122.014561  18.662725 
25.617065  68.753974  41.360935 
30.114607  78.314013  -6.022697 
37.841915  81.570231   9.546880 
-15.765448  52.227635  26.221150 
16.093088  136.098281   9.516065 
42.923562  117.626220  -25.691102 
62.534923  68.115119  -7.205353 
 6.978643  50.961911  35.372900 
45.479372  93.800904   1.437060 
49.258629  113.388265   4.310293 
-6.897276  120.496467   5.140712 
25.704811  121.743394  33.090473 
26.945430  82.307713  -0.930091 
10.038384  65.670094  44.037397 
63.401917  116.910820  28.754788 
77.945651  130.212716  -5.022163 
66.281148  139.420721  -12.182437 
 8.412018  100.772251  27.320090 
-5.150320  114.174219  -0.001700 
41.202604  110.264148  46.757601 
66.658421  126.520685  -3.298394 
16.187626  127.335150  -16.904566 
12.307262  100.284646  23.075424 
13.963670  106.728120  10.214298 
19.676576  112.672151  32.931360 
32.699323  118.693189  -30.587691 
42.500803  57.263873  35.956145 
-12.635711  94.416852  -19.097828 
59.295479  97.649594  10.973478 
61.467841  97.257538   1.223072 
27.126714  85.017538  20.473528 
60.799107  115.600484  21.343176 
20.473129  105.858602  -2.516475 
59.044580  61.979738  17.503666 
60.217932  128.612387  23.489008 
 3.122482  114.860643  -3.992120 
 5.238358  70.497708  41.691766 
38.163794  115.410181  16.465738 
 9.446946  99.742583  37.487573 
 8.359362  97.933502  49.364014 
54.947707  60.892610  52.940555 
24.011269  86.964558  -7.141397 
 7.205532  75.891986  30.445499 
68.774111  105.789887  -15.102933 
64.557250  88.759526  -17.581470 
34.960490  120.076237   9.474026 
-7.966726  110.360736   8.057915 
43.003734  38.546187  -13.755361 
41.047821  72.177979  12.390063 
30.896916  113.454235  -22.369286 
-5.240692  111.650392  -16.791506 
44.122367  86.010307  -15.592899 
62.364674  68.619411  -20.819225 
35.647225  118.040208  -10.278369 
34.009640  114.869511  53.808587 
14.958490  124.028387  -3.516827 
14.308053  56.068158  47.905525 
-12.890478  111.373648  -5.316226 
 5.338303  78.607179  -3.866313 
-4.655687  119.019718  12.848825 
46.262131  63.690870  -9.934361 
56.296567  80.198996  -20.088865 
66.558982  121.786909  33.057683 
 2.041946  100.731048  -22.734347 
53.854962  107.474381  43.420814 
51.939912  71.596850   8.680594 
36.642845  84.917352  -3.465136 
74.386315  43.630122  19.702896 
-17.053914  99.055122  16.154586 
35.746116  81.804371  53.501938 
34.907385  63.635498  37.949296 
 8.573437  93.225121  -14.587971 
13.018226  60.083297  -13.597834 
19.511425  59.300486  -17.846137 
76.097548  66.803365  -12.607269 
-6.049074  115.273834  25.663311 
33.611195  112.924628  34.606378 
-15.592683  123.103180  16.574757 
 4.587913  121.278873  13.751167 
10.375060  125.442852  18.913166 
76.983584  113.412507  21.489896 
-12.509277  99.753936  26.316567 
 6.845515  128.673905  36.425706 
57.913051  73.093048  16.006974 
 8.459650  114.931255  29.073607 
66.444938  95.032744  16.444848 
72.056757  62.296321  44.146131 
63.971418  106.344618  27.438762 
16.104710  117.230956  -21.887717 
36.861924  41.502655  12.329877 
-16.490030  69.452978  21.527300 
75.714279  76.466916  48.988938 
44.473156  49.528311  31.109830 
-13.223232  120.867538  -8.086608 
-9.299531  63.915164  37.528497 
21.756647  107.669399  16.273929 
 6.243590  103.958388  17.666363 
52.357944  123.725284  23.497940 
58.582972  128.160251   5.361078 
43.386365  126.199766  12.549706 
59.870942  133.146111  44.243274 
36.675033  75.674631  24.075645 
-11.464279  48.734555  13.206478 
-11.581584  94.801927   8.861773 
61.418682  99.271883  34.794248 
-21.349154  87.222826   9.049144 
51.506722  67.872824  13.045024 
30.192190  50.964083   8.781859 
68.922353  43.722640  -4.644559 
 2.387174  59.877591  24.401382 
32.379274  116.648773  -1.476736 
51.707804  132.586388  10.885375 
78.042639  68.247237  13.933338 
57.357529  51.645556  30.884707 
57.510551  109.811213  -12.974837 
23.323076  117.140922  -11.354845 
56.895952  115.815185  39.541126 
37.485632  123.146950   3.937637 
21.766913  110.895028  41.878547 
-19.498142  64.008016  39.165616 
-9.061095  63.856945  44.514778 
-9.133252  67.043331  32.680321 
35.517312  68.622810  -16.393977 
-7.451279  140.848022  26.644754 
69.573209  112.080717  15.400362 
49.452051  80.736035  38.367948 
70.696107  70.143621  -4.669456 
34.018291  69.234148  43.998751 
15.031044  106.931293  43.780176 
48.413429  98.320297  -11.630902 
45.252751  91.130117  41.583428 
67.446818  67.173721  29.415741 
32.182464  73.848519  17.239978 
27.729232  43.421288  21.292575 
59.285175  122.006976  -6.427344 
16.075705  81.458738  -0.284477 
 7.752325  56.535663   6.478338 
71.478799  75.277895  31.540334 
27.756904  40.338164  33.927238 
34.975864  54.992961  -4.522640 
73.566102  134.165900  -24.504353 
 7.210239  94.178515  15.521419 
12.609170  82.468176  34.986806 
65.959628  90.892803  43.699210 
28.347886  69.721702  25.599270 
24.049521  83.994454  12.302881 
56.705185  63.793169  28.214709 
20.537276  94.205007   3.141810 
49.685956  74.890889   3.860101 
52.072522  75.453452  43.337232 
58.580397  136.590503  14.652387 
 4.685028  107.375406  -18.489208 
47.888682  93.651422  13.302873 
-0.473577  100.063986   6.257026 
-1.616221  84.041546  -10.679896 
12.780375  141.115606  33.491835 
-0.625632  143.822946  -10.280487 
 9.237544  64.590516  49.262028 
36.566971  100.241409  11.908798 
20.797130  125.893971  26.667511 
18.113361  87.919938  27.129201 
18.268704  72.932965  34.583344 
27.040160  57.761921  18.474455 
62.133509  59.826297  -15.571346 
64.486377  105.033606  12.773231 
 5.483766  66.972895  -21.490272 
14.380296  119.844871  43.660879 
50.376759  47.829917  -13.090509 
18.941816  87.627612  16.669693 
40.031107  92.723956  15.707828 
 9.933235  148.411867   3.901055 
55.799387  95.106739  27.410394 
14.447534  39.429071   2.847329 
50.441558  86.005589  -10.330357 
10.082221  129.507778   1.885649 
11.017935  77.048361  44.833289 
69.140046  54.346873  -21.111925 
38.989854  135.719734  -14.114650 
-17.202528  66.471573  27.733810 
33.300734  93.463628   8.585825 
61.395808  54.876312  -9.965751 
54.734489  115.353918  36.890275 
-6.889278  98.507461  -9.239008 
-3.249852  57.381955  -8.721079 
11.752253  83.601082  25.312147 
 6.022298  88.909798   8.915911 
60.772190  98.014250  48.891318 
37.103447  56.241473  11.860329 
54.179775  72.310737  -9.463201 
38.684922  79.770462  19.566690 
-5.765945  144.818216   9.433577 
 1.287907  81.902441  44.487091 
-1.569150  130.165545  18.717134 
28.086631  125.292852  16.998326 
-11.741569  41.999095  -14.051658 
 9.678761  133.946534  42.359203 
35.341064  65.409225  -12.403205 
28.324472  78.950998  -10.802836 
48.781349  60.609245  15.899429 
45.746756  70.623001  48.123807 
16.874444  86.633096  -6.174686 
58.976966  77.717604   5.744124 
28.420116  52.570187  29.538890 
33.256919  80.437854  13.257814 
66.477383  123.950597  27.811401 
25.536170  42.851199   5.117184 
58.442375  105.598879  -0.984166 
60.963796  125.707139   0.336144 
 7.834112  84.226611  -18.610709 
42.615111  113.328434  10.427881 
-1.177751  79.224858  37.517934 
 6.441530  91.838875  -9.667125 
33.645237  92.849594  18.603915 
-7.312009  64.185339  -0.906085 
22.679054  77.984541  30.558382 
40.323849  107.012161  21.976979 
78.434812  117.365470  26.934804 
62.531663  58.336280  -5.236762 
60.182553  104.020989  -5.394390 
33.661702  114.853569  41.060856 
27.222904  104.128398   2.457259 
50.815512  54.593694  26.214154 
52.269366  96.000380  17.891309 
-9.580262  82.504502  -20.443447 
-3.932923  71.834645  -6.257448 
77.992012  96.232393  -10.767319 
57.893494  77.999306  26.479475 
11.406079  46.173796   9.253981 
-14.144315  123.864760  39.440642 
-15.433749  69.720584  11.259518 
21.820566  47.604265  -7.991235 
35.643068  97.217429  54.127366 
70.279522  84.993483  -10.394317 
57.735984  54.519277  11.901514 
22.970827  76.840275   3.590055 
70.722719  131.831333   2.473701 
13.921687  58.351715   2.894792 
23.209762  55.883537   0.749555 
35.992193  47.809646  45.434743 
41.653189  42.628053  35.777583 
 1.159387  90.877092  19.203239 
 0.813847  110.442333  42.735837 
36.330277  66.834599  20.679549 
-12.556373  62.487301   4.699539 
72.362403  88.469150  28.518234 
-3.420361  135.014835  34.214596 
42.000620  84.007793   1.974212 
22.398464  125.127539  11.121675 
-18.272567  52.986501  -20.267642 
42.160911  105.683141  33.813900 
-2.858781  81.144997   0.508906 
28.911629  45.850298  -2.106848 
-14.226567  109.666161  20.994837 
45.000773  122.813522  19.148591 
52.147366  79.942623  -1.275674 
-8.688978  99.135990   3.618207 
78.565834  104.862495   5.729804 
 7.939006  61.097733  33.218178 
-17.632011  116.581745   3.811839 
22.326859  55.646137  13.241201 
60.437096  62.497773  10.707626 
 3.253930  111.086716  23.619388 
27.535697  63.680296  -10.577013 
 3.155363  125.784969  -3.000869 
49.828451  123.984642   0.075809 
-1.458668  119.990616  -24.322240 
41.824569  67.239611   1.866729 
31.633879  89.944531  23.491760 
53.158135  135.997480  32.140249 
71.062352  110.519886  10.508867 
-12.513298  79.562983  44.397710 
80.793844  83.839317   6.353173 
45.187952  137.882240   3.171335 
 9.833071  76.189175  -7.377850 
-19.304648  109.707330  -19.686645 
48.719791  139.232364  25.009720 
 8.986767  72.096256  19.480445 
23.829846  146.868072  30.070222 
60.520733  77.429630  34.988923 
20.482871  101.995651  -10.650527 
12.505506  110.715799  48.918218 
42.222949  52.922704  40.620788 
19.898370  128.023579  49.047709 
-3.119353  60.102092  10.953583 
17.959751  128.581683  -9.933649 
 2.567792  57.573350  -16.567840 
68.117547  127.117218  -22.338722 
11.871149  72.816239   0.300884 
 7.662603  75.528855  36.279013 
15.248122  67.613577  14.147801 
-8.123043  55.565865  -16.710205 
14.769719  79.866991  -10.688832 
40.978175  98.299074  -2.247758 
76.672242  131.448425  39.390630 
69.559638  56.892081  28.279005 
28.897447  88.410845  30.014758 
50.600292  144.091066  -1.040493 
77.295992  125.796038  22.398480 
57.550154  114.645827  -26.481049 
49.901599  102.901982  -0.065011 
47.936353  47.367336  -25.714836 
42.122944  40.590642  41.555915 
64.383880  86.171294   8.125659 
55.863264  71.404056  37.205516 
15.078214  73.432895  40.268592 
70.692679  84.753286  18.923825 
22.499388  111.268950  48.029458 
-12.825647  57.429151  -10.492111 
42.185518  72.766810  52.611170 
38.470505  44.309381   3.976475 
11.830882  40.189039  25.577504 
 5.942491  96.516340  22.136187 
28.907896  63.257205   8.069107 
10.941822  41.524979  16.191685 
55.330499  56.042694   5.793520 
32.056007  60.623148  -26.756740 
50.809662  63.728200  39.733368 
59.934800  84.880176  48.842816 
44.135500  122.019056  -13.088659 
38.690411  105.565187  40.019601 
-17.429090  90.110247  -3.268311 
35.194764  45.333864  27.153562 
24.025192  100.252212  21.607043 
54.272004  70.439542  31.133197 
-5.441845  74.768173  32.591675 
25.673821  118.077808  -16.809586 
17.990422  137.229664  26.034811 
31.278692  109.189112  45.330963 
39.447580  88.980928  37.938757 
20.360221  115.199212  27.533372 
-2.748887  40.865420  -23.586374 
31.142665  129.439939  43.620667 
50.373512  66.276396  -2.730875 
10.887602  83.908699  14.111715 
12.135547  77.290975   6.608327 
14.074189  56.668257  25.953172 
33.099427  106.964537  -8.018485 
 8.553373  83.301382   3.359215 
56.123529  103.825957  21.881934 
-3.624708  93.740147  38.285749 
72.812280  123.944046  -10.148235 
37.420063  93.670088  44.132387 
57.705658  110.432855  48.097310 
24.868190  91.891553  34.537390 
63.476856  94.152328  31.340058 
22.798941  55.789616  36.081674 
77.855681  95.312085  14.285394 
25.754789  114.781341  11.206808 
 3.091467  127.424607  44.080042 
13.414617  77.970365  11.539791 
-25.057042  121.954625  31.064819 
 2.095808  85.515718  39.963477 
41.168027  113.351116   2.931440 
75.184173  55.926895   5.803140 
-12.578537  115.497337  34.828580 
35.909275  47.819713  17.948085 
62.852670  72.619159  10.801710 
21.111664  119.305541   5.167107 
 8.322591  67.145883  -5.374527 
40.235576  95.369432  22.706098 
56.958124  97.440170  42.273390 
-16.845863  96.705001  -10.888611 
20.214166  98.679601  29.796523 
27.468780  97.565290  -13.043280 
-5.318703  73.414448  26.622330 
47.535716  121.264831  28.913125 
-13.658178  75.660000  16.699762 
60.185180  97.699370   5.399741 
59.008726  82.573565  44.765454 
46.123874  127.913142  -5.542481 
62.137565  81.382893  12.609640 
28.343524  110.843356  53.717429 
 5.679633  36.040266  28.859120 
45.508199  101.664231  -6.076263 
40.806240  48.835478  -20.101938 
76.560971  53.139884  34.465526 
52.006959  110.552021  13.539527 
-4.409830  100.058013  17.215935 
20.136720  66.187038  52.231662 
25.913298  128.159837  -3.099019 
64.960659  90.862730  -5.928314 
33.397580  129.875412  -8.248314 
53.490311  83.044577  11.305506 
33.672624  137.591240  10.448702 
-12.701734  103.604954  48.769982 
23.437662  67.608892  -13.907403 
74.528915  80.798681  12.907300 
 3.222451  104.244804  -1.917188 
47.826709  115.686331  -0.154375 
62.916081  133.501292  -17.237476 
29.644168  121.814938  23.472026 
22.990029  82.744014  40.910292 
33.146143  122.903989  35.266869 
55.685250  59.680113  -0.653850 
56.596294  104.459370  27.579055 
 7.760680  64.206589  38.186961 
37.326883  70.168138  -2.678812 
44.288868  68.087087   7.282898 
26.198336  73.062974  36.884187 
14.261062  52.789973  42.312402 
55.141174  119.786740  44.088145 
19.901731  63.151957  -5.199017 
33.500937  64.161923   0.398741 
78.322582  100.896587  43.382632 
35.769538  63.618773  49.247870 
36.589398  126.460343  15.195159 
38.401180  60.340561   5.686183 
19.321632  64.848519   7.043708 
 0.896176  87.436131  12.907953 
85.674592  76.621390  20.989495 
64.521504  134.370006  20.130872 
 1.797537  58.693948   1.865120 
73.010841  113.907224  -20.629603 
62.545125  116.975962  42.481251 
42.231281  87.960943   7.044651 
67.226851  106.975846  32.907154 
19.973677  106.328665  53.397732 
13.759761  46.344068  22.000122 
39.382063  54.633269  -9.931492 
 1.415185  81.233707  -16.919566 
-0.092290  58.607687  33.464673 
88.557069  90.826977  27.194845 
53.182324  112.967407  17.702714 
56.485169  116.886360   4.679140 
44.812898  85.484981  53.546771 
19.002889  65.065920  21.138977 
-17.357992  69.231928  -5.403547 
48.942053  130.522668  -30.588464 
28.840811  107.164292  -14.567724 
10.206438  56.170566  -27.189495 
-11.423661  69.465126  -19.380213 
62.376338  106.986146   7.039994 
11.527675  94.269650  33.060654 
59.563028  97.101526  -11.933159 
16.323636  124.756471  37.283820 
63.626444  123.145021  11.106942 
23.548259  92.733164  25.539092 
52.809398  122.376195  14.386350 
23.591371  93.507997  -0.299792 
82.686194  68.652109  42.190449 
53.431082  86.585415  -5.745098 
 7.232551  64.593453  28.892523 
56.719659  116.324242  -19.106579 
-15.784448  106.212168  -0.088050 
75.512948  90.112641  22.054432 
45.821982  134.357579  19.923555 
47.821549  127.229525  32.441030 
 4.992570  70.082786  -10.442492 
-4.979425  66.228584  -11.354209 
-0.591083  113.583075  -9.128020 
11.248848  79.356116  18.539976 
 0.011909  73.117382   4.315874 
27.716312  78.481753  -15.038546 
73.704067  65.662759  38.633353 
64.681962  56.410356  48.698501 
 1.147139  101.403455  -6.840522 
44.415594  70.076996  17.714547 
-8.015169  128.152130  -1.201536 
-11.382479  77.381149   5.173747 
26.897501  132.197402  29.618972 
28.822146  93.450053  53.834750 
72.465488  40.469658   4.772956 
50.113556  109.457421  -5.442785 
80.325222  42.952896  -13.915340 
32.175516  86.255002  42.911356 
-23.077877  130.620512  -0.770467 
25.042862  45.235977  44.542611 
 5.716463  130.360044  -8.648945 
 4.733631  105.342421  13.905863 
 0.759098  40.283566   1.292621 
58.349769  85.102340  30.446282 
20.758931  104.830740   5.486096 
 2.665795  43.193029  -12.756473 
 2.934759  84.819560  22.948825 
43.999749  106.804788  15.978296 
50.559162  99.076916  48.047893 
29.443077  106.881423  32.023073 
58.720528  115.604027  11.019319 
 1.803029  120.957512   6.782568 
-4.854802  131.543860  12.330052 
56.482493  100.381479  16.453999 
45.623767  117.468330  -6.153657 
 0.863435  126.038493  24.138251 
25.094543  81.041483  24.437893 
 3.387498  69.928298  -15.308114 
28.277500  86.842064  47.809583 
17.291636  95.496901  14.455638 
36.923725  77.350127   3.842318 
32.814297  89.419956   2.732137 
42.365407  125.003817  37.789630 
-1.725939  136.871324  -17.294552 
46.093153  80.078183  11.462500 
10.640449  124.042730  25.341853 
11.973721  113.558903  22.673696 
77.792589  113.355417  32.918587 
46.472089  144.833490  -9.844368 
46.674655  121.326333  40.898177 
57.894593  116.482569  -2.801810 
 4.347043  104.706227  32.401173 
24.108025  139.057929  14.689918 
31.083486  113.175505  27.775483 
12.474996  120.274860  10.262230 
13.063864  141.831252  -14.218482 
69.086817  82.976709  34.855549 
41.058480  105.376422   7.138298 
47.357452  132.796382  36.881670 
33.482660  100.480103  50.163725 
30.851151  73.159960  28.999062 
36.638449  77.289199  40.876762 
45.230138  73.978392  34.389634 
21.853359  72.161356  -8.324310 
23.059104  119.511971  -6.311337 
46.195703  83.732887  33.275232 
-3.787514  84.607620  26.109160 
57.433989  52.445730  40.039097 
44.021967  56.096943  -1.781019 
66.155206  93.180141  38.697614 
26.851467  68.717652  53.749197 
48.600975  109.826288  -17.873904 
63.551375  67.202901   5.379152 
34.616601  96.540035  30.945938 
91.159640  63.992872  -3.788405 
22.894265  141.712771  -9.818883 
19.379142  63.254523  39.826886 
63.389892  110.716461   1.259215 
52.886271  94.470996  -15.997131 
49.575565  102.839336   4.133336 
75.676454  129.977396  11.398169 
 0.391616  69.509259  -1.674623 
41.142741  84.105388  15.440473 
49.740436  62.760828  45.009142 
20.752740  58.427590  -9.465003 
35.422174  133.869599  33.617303 
61.509352  81.767479  -7.802501 
54.716112  82.404406  -14.447675 
-3.513575  56.087910  -24.190009 
51.436573  86.012049  21.860954 
 0.257575  49.936341  -4.244375 
29.342030  129.534804   7.229348 
45.973709  59.260021  10.210003 
-3.388435  99.266484  23.416514 
78.950601  61.161249  24.530890 
-6.207511  127.312224  -10.882129 
41.084669  114.918835  30.297013 
10.797123  60.129144  10.875225 
22.635572  72.548464   9.860633 
56.869892  115.690313  31.715698 
58.025635  130.818119  -9.177840 
68.080289  66.238673  17.007831 
51.655690  73.293129  53.994594 
38.804531  118.870062  44.312670 
 0.632283  89.020783  -0.841371 
64.019246  128.189532  39.185397 
-0.854146  52.694264   5.708000 
61.224149  49.187238  17.700567 
17.487654  98.122896  19.268335 
11.866714  109.690902  28.299028 
73.742951  74.226958  -19.263717 
24.379022  65.131465  14.536335 
 7.875971  47.800067  40.218361 
21.529717  108.891231  -8.478093 
41.206250  57.384575  44.991847 
15.989504  114.654508   0.556902 
71.422963  98.370563  -3.509170 
 0.769677  78.120941   8.169688 
21.893620  95.205594   9.981128 
54.919653  40.116052  33.492691 
43.543197  136.376775  44.293915 
-3.988652  106.837775  39.487597 
-2.343134  65.514977   7.167889 
52.567693  75.488184  48.978221 
-3.919039  115.948794  33.404994 
46.265394  49.182555   8.371953 
74.937611  84.671605  -23.051690 
63.019866  72.682681  42.745023 
44.996999  77.998243  27.464349 
-9.511880  88.675473  17.791769 
16.778481  99.842464  -20.544743 
16.712326  63.232025  -2.363458 
13.388565  121.483797  48.849741 
15.688296  138.010462  -4.064452 
-19.821652  49.505855  -4.440679 
 7.753770  111.521154  -15.088790 
52.263344  47.251606  21.054868 
65.268780  71.537792  24.475377 
80.451458  94.855210  -18.636656 
-0.463709  80.182663  31.386280 
-7.806780  48.398854  20.670515 
40.172788  128.237594  24.171749 
 1.155482  140.478349  -1.537059 
16.683479  75.471267  -16.230319 
41.046170  93.374613  -8.315490 
15.379526  41.064831  35.393243 
62.286140  104.202987  38.900689 
44.871598  114.871371  25.638071 
76.094456  105.707646  27.995469 
32.391980  111.766525  14.142009 
50.466238  64.572803  20.255877 
32.899501  51.829636  -13.616877 
85.593197  100.152374  18.015246 
51.810188  92.927522  42.601687 
16.058885  119.440409  15.275459 
53.532845  65.522433   3.872963 
31.263313  102.869564   6.696612 
43.164833  80.630164  -7.988436 
59.317220  73.532633  -2.803023 
48.338717  104.389725  -23.786369 
 9.897440  52.357062  -0.820235 
17.809707  68.170344  -25.093384 
53.693427  126.807806  -22.455680 
50.345162  77.444196  16.779869 
56.492813  93.479667  -22.616295 
77.120320  67.939586   1.811727 
74.186188  99.956371  38.172477 
 1.724092  64.349713  14.165971 
56.391226  74.981790  21.099296 
28.286390  74.986356  49.203812 
63.052890  81.467433  38.679414 
63.052131  81.263704  18.243369 
63.969828  109.408859  -8.264690 
45.694514  111.603182  41.630631 
14.188972  88.811829  21.159476 
70.150955  127.312793  15.235037 
53.037162  95.320983   6.968697 
52.785347  96.981720  33.966487 
32.302039  94.472912  -1.406655 
32.910381  51.658679  34.088608 
-22.184989  84.900419  36.952721 
21.925306  44.457948  26.970390 
 7.007539  131.087816  -20.230212 
-2.720277  107.923835  48.279740 
 6.963753  101.892218  10.323222 
43.448851  150.410995  16.670806 
47.221823  111.534711  20.829184 
71.493603  89.047161   2.271150 
-11.058996  90.049033  23.832451 
-28.897133  102.581311   2.454328 
41.971444  52.896878  48.975298 
38.633978  105.915225  -17.364325 
36.464599  76.528643  31.285258 
 2.778814  58.983636  51.962136 
-21.207157  87.467060  21.193721 
-13.520800  56.844951  33.126855 
35.439875  43.444932  49.742644 
68.620410  79.937842  -1.047063 
21.289954  48.249726  -21.763376 
-20.405317  113.097956  11.941023 
 7.108431  138.232263  22.117858 
27.659890  140.129139   2.190418 
 4.738143  95.239082  38.638246 
29.913738  66.026789  -5.447430 
37.867340  119.341890  21.448842 
54.925818  96.373259  -6.287825 
 8.399113  73.713334  25.530028 
51.320416  130.529065  -16.354970 
80.695908  121.895083  17.106050 
30.221751  86.859068  15.443251 
 8.983488  124.783960  31.409064 
 4.294861  94.617066  44.819009 
49.139129  75.213147  22.583247 
 9.363766  99.852270  43.188506 
35.742093  140.077481  -3.953648 
-1.524715  71.787010  48.980399 
24.941077  113.064403  -0.570400 
37.451442  97.885637  -12.176272 
 3.508345  80.150621  49.593894 
68.397165  96.920752  -9.675859 
47.060436  75.659843  -21.346341 
54.237725  46.666796  -5.255128 
 3.790007  53.688463  20.458121 
-4.964873  86.513786  -5.124462 
33.461292  141.188035  18.489155 
73.551163  53.125856  13.728949 
 7.007101  115.945665  35.170476 
60.756976  99.480005  -27.914399 
37.864743  126.271453  30.399050 
59.228312  78.432985  53.698772 
51.269691  34.267002   9.706316 
62.702989  62.448521  40.569526 
21.703873  139.459640  41.722352 
22.949103  122.254401  40.591854 
47.944835  111.659750  51.153158 
12.576226  73.002040  -13.032189 
53.242139  89.208033   0.497294 
17.190297  131.814394  16.744937 
53.823493  106.364646   8.916785 
36.720306  128.293184  -0.873379 
64.830553  101.761536  43.516741 
-0.675448  94.922811  49.161601 
15.160249  86.721924  38.688440 
45.755369  55.935553   2.706726 
65.649742  50.852903   7.430076 
44.080536  73.558572  -12.058922 
39.635112  108.082336  -3.142381 
-7.906043  84.079347  11.261599 
19.676217  121.980154  21.667043 
-16.272415  76.285498  -0.482745 
18.465521  88.726406  -11.215860 
42.172538  126.777595  44.073949 
58.052046  90.557661  13.959186 
37.474545  96.859615   3.308415 
58.230709  125.038556  35.847939 
12.685112  84.873044  42.337513 
29.386247  59.469457  -20.110999 
-10.604998  126.242450  -17.478820 
16.025544  99.436607  -6.037970 
-0.827050  66.161644  38.169633 
-14.762395  94.551783  38.047450 
-0.410045  42.981682  33.552936 
68.027178  111.505293  44.218930 
17.019066  111.901589  -15.974203 
21.057890  75.610349  -3.506677 
 9.113556  54.783907  -10.012915 
28.800991  133.755390  22.199335 
 7.853043  64.020896  22.439780 
44.292977  89.283853  -4.081603 
25.175611  74.421991  14.252242 
11.729232  92.426138  -2.304723 
42.545061  96.614022  30.835477 
71.288544  99.632781   3.737584 
33.732620  62.379527  30.915203 
23.263300  68.179289   1.896578 
51.467138  85.141219   5.893349 
17.515502  74.271983  23.956315 
37.852384  78.455437  47.779560 
11.116628  53.719225  15.030476 
26.500952  117.664945  16.926717 
62.904381  136.018246   8.405456 
-7.964401  99.857257  42.208500 
77.051524  55.257297  -8.298918 
71.760139  76.292007   7.265216 
 0.619226  124.826069  38.591670 
31.633050  122.112840  27.684568 
38.670105  86.014441  31.445035 
29.455967  77.616842  35.313678 
15.749943  64.715524  33.949728 
42.296665  96.656097  -19.970357 
42.368982  98.999371  45.563651 
61.683389  118.519109  -12.373817 
27.120598  63.064785  34.125768 
13.012898  109.390527  14.225017 
20.266309  99.129313  48.514385 
74.402644  106.789188  -0.500583 
14.537234  90.994100   8.542115 
-18.057278  128.850488   9.028135 
53.581972  45.268108   2.552669 
25.603762  72.710514  20.658433 
 8.152151  86.677020  -5.680093 
 2.576154  111.531839   6.660408 
-6.422411  99.121753  11.398934 
60.742245  89.241946  -1.678196 
53.653616  108.838865  34.947908 
 3.480971  87.612536  33.594636 
25.575643  112.470316  37.264964 
80.495234  109.771917  -10.764670 
-4.369534  87.830983  46.501579 
51.918755  119.977231  -10.280925 
-16.248718  112.955061  27.863611 
75.550263  94.724338  33.192072 
34.512908  61.094984  16.359556 
10.852556  92.041565   3.482428 
-24.035464  77.319066  30.890656 
20.305731  60.511151  44.874632 
42.931369  85.886049  22.309268 
36.476506  105.119655   1.663769 
69.885710  74.081592  20.358259 
74.722489  56.276885  -0.813747 
38.477837  88.856739  49.446130 
-0.441228  41.811068  10.805130 
-18.747831  130.971853  32.186501 
12.564902  86.428084  -23.792877 
-18.919202  108.121881  38.147315 
39.939658  56.964107  22.932325 
-0.598290  85.645016  -25.598979 
-4.866229  53.791682  28.267691 
 7.653287  116.698416   2.503207 
46.406648  64.535832  29.858822 
19.608660  76.404491  18.148926 
40.843258  58.761401  27.748206 
67.093197  65.007124  34.205353 
63.819726  86.746543  26.458637 
52.817224  78.376986  29.889808 
46.242542  55.946323  -16.695056 
 3.601052  60.285940  43.633342 
-12.083428  54.579220  -1.235705 
-3.219922  100.520358  34.065663 
58.861558  87.530425  22.387817 
21.496152  111.618608  21.580892 
55.095567  89.826485  38.064532 
71.134488  114.728020  -5.625072 
14.739432  45.080069  -14.898036 
-14.865894  44.572258   2.460227 
25.140486  74.817965  45.111835 
58.774576  55.748516  22.723737 
-0.826086  125.759833  29.964939 
57.320496  59.340769  34.123170 
45.961678  68.347557  24.683611 
28.460477  99.056178  46.303818 
 8.114938  104.262751  -9.345776 
32.201696  110.655545  22.366822 
37.854644  138.370818  27.800379 
 9.359889  127.778076   6.773869 
-5.040857  63.845896  27.370629 
41.798505  103.059957  52.189847 
 7.859286  57.325881  -5.323467 
47.778317  71.153468  -6.054416 
77.379273  84.279035  -3.809356 
33.863759  111.360506   7.734876 
52.935616  133.667575  -3.450277 
22.192397  127.683786   2.751395 
-1.146882  93.999120  29.240812 
-7.768769  99.012654  -3.469841 
17.554328  105.598489  36.898674 
-2.504984  70.031907  19.188984 
58.602618  91.455457  53.843900 
63.487116  83.320092   3.458318 
33.603657  84.588164  36.558774 
59.411830  47.854815  44.706692 
17.322774  51.512775  38.339177 
68.978195  113.576387  23.518213 
12.336823  116.529945  39.008032 
22.555646  132.928985  36.925016 
50.819084  106.125029  30.821013 
31.954195  99.684454  35.585480 
20.014806  111.949877   8.347050 
75.990492  62.102697  -24.798991 
-15.167789  114.209574  43.017975 
-2.964430  132.123976   5.381108 
19.775086  54.448251   7.418789 
 3.582390  127.941717  49.056773 
28.327979  59.227747  49.034738 
47.654800  88.728475  27.023056 
72.790415  77.953858  26.022574 
49.296265  97.322208  21.682208 
69.978235  98.449291  26.885912 
65.837012  52.767731   0.843882 
44.402122  128.318100   5.711149 
-1.507178  75.368596  22.949823 
63.447269  41.483188  11.408395 
-8.711399  88.654016  32.370209 
46.582210  92.777783  52.129786 
33.869795  139.974915  37.979460 
18.514465  86.699780  47.115312 
-0.126994  52.467397  15.108002 
63.735630  95.566865  22.286801 
12.194353  82.489026  53.526025 
 5.901913  51.784803  29.083571 
36.471436  84.260745  26.890972 
48.104149  74.816148  -15.525016 
46.951577  99.532861  26.387377 
66.491673  117.663193   4.600884 
62.910025  84.081578  -25.437471 
 7.560697  69.445457   9.568012 
 3.535648  73.265796  14.679251 
32.993465  89.035383  -9.190193 
27.955203  85.039086   5.450583 
70.714007  93.911006  10.283288 
47.853834  102.864087  11.948991 
34.687665  68.642193  11.874886 
40.737276  106.365585  27.586341 
-15.174760  82.001307  27.608929 
43.864769  79.733988  42.634551 
68.021036  45.254995  32.353125 
76.975720  119.993413   5.883669 
67.329061  102.766852  -22.354424 
12.968231  100.870335  -13.568376 
66.862364  115.963050  49.612929 
54.997002  112.480931  24.890508 
31.628841  59.765528  24.053789 
-0.371272  96.187606  -18.879448 
78.624207  118.653239  -1.408747 
74.255032  94.873275  48.142181 
35.313476  84.820036  -15.641603 
23.749182  58.512731  24.424210 
17.413429  150.413644  20.680157 
18.311493  86.200073  32.090827 
62.540422  107.795181  18.195401 
27.210485  102.800326  11.657509 
-11.776442  89.366806   2.350161 
19.745254  104.917062  25.914559 
68.775189  50.539470  38.137064 
19.253668  52.844564  19.583073 
 4.183134  98.228367   1.121789 
49.327904  120.347213   8.610118 
-12.758555  80.554791  36.521608 
30.226388  105.386073  19.239781 
11.513834  114.276609  -7.853506 
66.322389  71.480656  50.393783 
44.076255  122.956161  48.371249 
59.607467  65.660040  24.406125 
24.847786  85.372746   8.756988 
43.240214  42.984655  -2.911294 
43.380642  57.048695  18.787553 
49.882571  89.464996  34.102260 
36.167880  117.924949  -16.375303 
28.750636  100.165875  -19.606231 
30.509927  103.585258  40.541810 
43.301858  143.950415  10.065189 
78.752059  129.541333  -16.418668 
54.193437  127.082680  28.603533 
-4.540512  106.220343  28.480325 
22.235682  127.765460  43.780701 
70.180563  118.419454  -15.374400 
45.585437  94.372938   8.451249 
41.209884  123.454654  -20.197380 
68.937494  58.014389  21.371057 
36.108971  117.993316  -5.622374 
 0.972765  39.472092  21.478907 
66.907360  130.802504  26.622532 
-7.455196  72.072063  -26.425353 
79.174825  114.288673  14.070115 
39.282450  107.632793  -11.584188 
60.978421  103.221227  -17.841611 
30.294985  105.200733  -4.166528 
44.323996  42.259173  24.365911 
27.108472  117.628965   9.794508 
62.196902  113.721220  43.438147 
75.610306  99.306156   7.281385 
14.070701  93.238318  38.930000 
-0.049518  102.344863  -16.651091 
-0.207247  102.172152  32.942253 
-8.556405  112.128113  31.668449 
56.679891  89.675429   9.037645 
42.262446  83.790320  21.213575 
16.628257  126.936256  21.791438 
36.834743  59.178229  24.449400 
61.825088  62.456591  -15.878381 
-7.620601  110.102925  -24.594668 
72.980327  46.627443  10.741703 
71.443193  54.127726  22.587052 
58.098627  92.880873  47.494241 
-0.460252  39.316089  39.350810 
69.183263  110.843716  26.063719 
-28.532280  72.663591   2.564883 
54.759154  74.106918  49.351331 
 8.104016  141.388869  36.325835 
34.764610  120.891169  41.464292 
34.438736  68.374157  43.344507 
 0.694130  128.420674  35.672428 
10.817586  55.079000  18.670305 
25.204703  48.742057  45.579059 
22.232024  85.710258  21.059339 
33.168314  80.252391  29.904163 
18.916353  55.022540  -19.193098 
14.469239  96.000657  14.670923 
-19.517500  94.608281  33.393034 
50.658185  67.057828  -6.871083 
-19.473646  65.486053  -4.813781 
38.713888  92.193147  26.213633 
 7.689407  130.114132   2.626688 
-3.438796  115.486289   1.147772 
 4.868983  31.660805  16.286171 
39.569486  101.881256   1.686772 
14.867435  52.762967  40.876769 
 6.100180  103.686958  36.639806 
41.699581  76.317648  28.070955 
24.724521  138.689223  -2.871164 
74.027958  62.745852  24.541339 
66.264993  55.805749  28.169713 
63.591963  47.089645   4.861841 
62.553322  89.255291  -20.452976 
24.598640  122.951247  -22.529792 
55.105065  124.968530  27.219599 
27.993782  94.023841  19.436756 
75.187667  97.804510  23.665539 
47.593373  67.708687  -10.518245 
47.704017  128.319481  18.305707 
12.767264  111.732925  -5.825339 
 4.292121  47.815304  26.953101 
84.499691  64.009078   0.643554 
13.787404  93.669641  29.648154 
27.636043  62.006862  16.527981 
-6.059513  97.585894   9.525263 
13.512230  122.105421  39.223900 
 8.587554  127.519259  16.084817 
37.226534  69.541936  -3.685262 
13.356079  107.649562  46.632201 
10.443363  103.177546  -16.357748 
55.598856  80.705948  -3.559778 
36.523597  89.835549   6.393492 
56.043046  60.576375  13.620709 
33.920772  117.920822  16.517895 
57.749096  70.102565  14.668513 
65.986092  134.210288  22.376001 
16.850850  121.536431  29.044304 
58.386689  52.806395  38.917067 
15.384449  55.875938  53.976847 
-11.059179  93.493143  29.584930 
50.886681  91.675080  -6.875808 
43.759753  73.262269   6.703287 
76.212989  94.993212  -4.401175 
26.009719  142.094846  24.326144 
75.941689  46.425209  -3.808313 
47.764353  56.243656  -4.141668 
-4.442312  95.340468  45.297458 
48.412750  80.293341  15.340574 
-8.426339  120.829832  27.241579 
-4.168340  85.974299  10.069798 
52.917507  123.711084   4.637838 
32.709830  77.458440  40.466876 
26.695010  105.824490  -6.108852 
 8.585195  129.084536  -4.702249 
63.936921  127.230489  12.653651 
21.159963  106.243220   4.461874 
26.300706  49.060175  23.744668 
 5.241673  43.976517  -3.641519 
-16.205281  61.394077  31.431491 
33.803839  85.784483  10.756933 
53.991608  136.143677  32.784005 
 7.487387  53.849975   5.985412 
67.055631  78.765818   7.440583 
-5.420227  74.200331  -8.043086 
27.277630  26.179336  -8.900858 
36.867133  96.891152  -10.423336 
14.096452  82.904505  -11.446792 
-5.274933  110.430549  23.446146 
31.545221  87.797809  -16.589566 
14.580808  139.244307   1.367297 
 1.977433  78.653944  15.399331 
 0.754616  51.109514  38.817672 
28.498914  44.143921  32.829176 
29.277771  58.547801  48.713457 
25.819304  68.786758  41.273356 
12.416212  81.299503  30.175054 
29.260104  130.685445  19.323376 
60.823916  75.229534  24.343243 
29.015835  62.484269  33.385824 
-1.958123  122.886585  12.529127 
-7.990263  97.111453  -2.366134 
-13.993555  45.895921  -13.243695 
47.759060  119.165598  -3.986537 
25.333974  49.462345  18.563224 
65.493653  108.574078  -16.552785 
13.946990  84.276314  14.106395 
15.699712  115.948296  -21.326856 
42.552226  130.648930  12.251931 
 4.131233  130.714879   8.428849 
53.333408  79.343824  53.103773 
43.638934  111.738197  -10.816074 
 1.986317  121.701613   6.028921 
50.165027  48.980677  33.000947 
44.451100  109.630349  49.367743 
 4.810530  82.441146  -0.940676 
20.648544  97.343727  35.917354 
55.605604  49.507962  24.267680 
67.624371  64.858158  10.879129 
-9.091775  89.595746   4.881316 
13.902715  86.320873   5.514745 
-15.466109  111.356838  19.904270 
35.688144  128.390637  36.314557 
72.111291  60.507247  -25.606303 
62.965645  77.228968  38.257476 
15.703753  102.948790  26.096305 
 5.036317  79.129929  -15.039081 
82.599882  90.828607  16.639774 
42.159289  93.825385   3.298410 
61.218298  86.595169  14.691700 
34.524101  129.715281  -1.520124 
 9.698660  95.218415   8.198022 
-10.116710  105.349143  -9.312369 
71.092732  125.698770  24.077132 
62.116998  122.301439  31.344927 
49.187711  109.357755  -15.857249 
54.298228  128.482249  20.646461 
59.005154  95.639776  37.936826 
-5.557566  113.450631  -8.769577 
79.967270  45.985221   4.636865 
23.303981  129.069801  30.588186 
-24.547113  78.082132  21.890514 
58.288939  87.707256  54.027890 
75.527440  47.716069  34.552091 
 9.781350  68.598108  -23.241394 
26.247038  55.738205   9.320304 
14.137750  82.327837  37.736518 
17.964448  61.341313  42.062773 
37.495318  58.708752   7.755925 
68.339179  97.026216  28.208672 
10.559854  122.976610  23.659460 
35.044720  63.227671  46.361488 
73.594300  82.537815  48.062396 
-5.279088  119.224542  20.279210 
-1.023332  61.367639  35.729622 
55.339712  122.069203  38.695214 
-7.696064  81.979359  -16.776831 
71.869008  120.366322  -4.626601 
80.557709  118.593551  21.784071 
45.553376  102.641400  44.911039 
65.470384  94.785975  17.166456 
78.236417  130.677700  -3.876453 
-15.098085  86.315609   9.683295 
17.852987  64.061227   7.195200 
 4.580053  127.614854  45.570486 
63.888590  113.751887  15.287595 
-4.693705  102.247966  15.554137 
36.349190  95.729362  15.679568 
52.362969  85.628345   0.367601 
 4.903891  86.893107  10.761881 
 3.945175  93.811586  29.747152 
49.716894  127.684356  -7.613059 
51.043451  89.161371  14.059323 
68.200592  77.492051  20.962207 
21.922715  59.031937  -1.618973 
76.633735  47.991223  -12.023985 
 9.038543  73.922760   9.740524 
-11.196321  51.697763  -0.370779 
25.089239  85.177398   7.894083 
61.142269  124.539414   7.799590 
-9.463026  76.070577  35.493122 
-1.273924  92.517278  -7.043496 
76.169541  100.753889  -29.075474 
70.797051  82.803572  35.706498 
18.347707  113.015459  26.625696 
21.834902  37.142394  17.376193 
20.270289  131.112151  24.872750 
-8.267470  41.158678  -4.813970 
33.729836  82.130262  20.204178 
-3.456156  116.236932  33.821436 
57.663259  60.081961   2.896798 
87.166878  110.666241  16.516728 
46.742262  131.043054  -16.929519 
44.727816  71.151463  40.436948 
19.378600  103.069731  31.135435 
24.782093  114.717090  14.458048 
-15.412624  88.561470  -3.960583 
 0.092522  57.053056  10.155239 
 9.714943  55.582569  -1.578905 
19.058870  104.646888  16.413893 
-6.841728  80.280167  -1.081031 
60.646291  93.941265  26.504893 
29.700955  130.927573  14.274400 
62.744509  93.304920  42.149477 
40.819510  85.300780  30.463180 
-1.962594  74.444615   4.561135 
27.242920  60.609076  22.338542 
 9.188070  109.431648  -9.834606 
70.233973  100.839669  12.810312 
-15.055694  123.789897  -13.005007 
67.559101  43.304582  18.082341 
 5.047755  120.533600  48.411491 
32.971169  104.350040  15.005770 
-10.815817  51.728795  13.528891 
-12.533720  91.547065  39.011249 
51.866401  40.914381  37.746254 
27.955322  89.555311  33.136485 
-6.778649  66.614222  25.299861 
17.077459  54.979399  10.728849 
-0.760362  128.810366  -0.331827 
63.159353  120.602132  36.968241 
-1.562895  55.572533  23.440919 
42.562669  71.540149  23.012021 
57.425045  52.320806  43.777950 
 2.089469  78.760378  21.900704 
30.103342  76.250134  25.678628 
 4.281292  90.698251  49.055123 
12.635335  77.014221  43.740451 
42.203210  104.551613  -3.551150 
-3.911587  138.187284  42.776020 
30.333845  78.889169  -5.941288 
27.813502  63.749378  11.591741 
56.613955  79.962650  -21.566306 
-0.392992  52.350704  31.668763 
42.307104  69.078337  35.443066 
75.963434  84.291020  24.126319 
-7.186277  81.828431  -10.000698 
38.055613  49.613498  -1.307357 
-11.659238  51.783463  28.242695 
 0.676689  87.358155  27.123041 
60.095052  108.719449  36.340452 
29.484015  105.345726   2.870209 
-17.732891  94.461603  -20.098364 
39.741797  72.775422  48.536704 
78.011938  95.847501  35.344220 
-10.972873  119.686656  -3.591333 
-23.545853  79.777389  30.016891 
43.379305  101.083804  29.099470 
47.820364  51.222334  23.297908 
 9.270608  98.895721  47.930578 
45.298088  75.806030  -2.907392 
-3.687410  92.751768  36.317736 
19.864554  121.336633  -16.229188 
53.762561  85.335645  -16.128901 
52.346956  116.310407  36.509884 
 5.651172  55.059465  -15.233763 
41.676804  88.374064  -1.508753 
 8.281351  109.717991  15.698791 
17.014228  106.343703  49.578981 
26.844600  98.274644  15.025310 
 2.848639  120.419293  28.265098 
42.489548  54.578358  48.900301 
31.378777  52.621730  37.025317 
11.658518  116.607501  20.760625 
32.874471  103.149098  -25.605208 
-8.400016  114.491804  16.524014 
54.684928  67.749806   9.688911 
 6.230072  60.561916  13.798704 
 0.395308  58.923188  18.238855 
74.049713  65.716621  -6.537523 
-3.101338  83.170452  48.636415 
30.160994  44.142463  -5.070523 
50.920354  91.406318  31.304874 
 2.943792  105.231589  -7.184297 
70.836645  61.246727  48.081410 
47.123206  95.254838  26.497496 
-9.979958  67.274859  -0.113012 
55.318411  96.449186   2.812162 
43.595585  121.424058  22.300846 
10.038271  74.698680  -4.454500 
-1.927566  78.497598  38.078172 
53.730876  123.397529  32.431855 
19.046558  87.237911  44.007803 
-3.852216  40.769005  25.094983 
 5.669233  64.213453  39.070401 
25.428443  85.260173  16.944215 
-2.400919  86.577227  32.688609 
33.097959  53.532117  42.941158 
43.330554  71.779858  -16.232263 
33.917964  97.117783  40.535346 
70.513923  60.238245  32.012892 
40.592976  129.003348   6.013181 
-2.399793  87.024376  44.605958 
55.412807  102.466874   7.132694 
32.703346  112.022084  -5.936684 
36.317217  59.714347  -2.634316 
 7.861442  138.990309  19.553659 
63.717021  102.366342   3.365975 
48.057152  113.543566  10.003002 
-18.887736  63.638149  -20.710258 
70.218554  61.866652   3.971874 
58.380080  65.248862  42.781364 
-0.278858  118.229405  -15.241256 
35.470871  53.161759  15.427401 
11.724087  63.308072  35.392479 
-15.680768  62.566227  24.207232 
23.993031  75.038788  23.921885 
-13.090121  124.208158  43.369766 
-5.080359  79.572220  25.677918 
49.603437  60.821301  46.977407 
40.957005  102.161198  53.894300 
35.960533  112.077418  12.787124 
-5.593846  130.956075  -8.194363 
25.488423  68.073582  -3.280678 
-15.768687  60.082189   7.900997 
-12.502853  121.995037  37.458797 
78.541473  121.913275   9.848419 
41.126713  117.523027   0.981106 
-9.593126  40.276497  18.558513 
55.875487  51.759916  29.528392 
-17.520815  78.642275   1.964007 
54.212149  78.207809  29.885525 
40.310729  54.356899  33.075808 
28.997316  46.371231  12.756167 
-25.396512  131.272932  -1.865777 
29.798009  112.533789  -0.401561 
18.332591  52.391316  36.003769 
72.280835  111.777898  10.344164 
52.556729  71.297319  27.936115 
11.460386  80.380113  52.956496 
41.114974  62.109699  10.443461 
76.378150  74.889049  -21.460021 
59.507335  67.889614   6.090640 
15.823260  113.747671  -14.487734 
70.046213  71.867165  33.067884 
26.126555  86.422562  25.067105 
29.530178  63.116909   4.881371 
39.494798  77.540919  14.016386 
13.182458  122.446286   9.896242 
48.534690  71.926025  54.883567 
51.323079  81.496851  41.505980 
-12.381997  102.450360  -17.159586 
70.314287  138.385572  -18.446078 
51.144669  88.112600  -10.880923 
29.731888  107.541062  30.689568 
19.439844  67.264302  19.761792 
52.007458  56.786770   8.135134 
13.783439  120.681273  -2.018722 
60.262208  52.878424  -4.485898 
28.708351  97.761216  29.671156 
-8.822289  44.029339  34.047409 
-5.320010  54.398608  -17.617489 
-11.711764  101.780480  32.760883 
68.005361  85.333066  40.103623 
51.381977  98.168597  22.397289 
18.257101  57.784222  15.980925 
-17.291964  90.178268  24.093998 
35.108698  106.595107  -16.031075 
16.520376  99.427038   4.049549 
17.205637  66.102585  -6.145205 
-0.085759  140.994204  -4.793627 
46.583646  137.656456   6.200100 
75.028724  77.486656  43.322413 
-4.192717  139.797181  -14.817790 
78.787409  88.371308  29.625377 
24.738936  32.540429   0.658339 
52.567190  61.169337  33.252573 
80.593630  68.139912  41.521416 
62.403893  89.311832  -14.114777 
61.977414  114.545123  22.185779 
20.047291  99.257485  42.844861 
64.379143  74.089515  -18.500601 
10.731255  63.355827  45.209298 
52.159326  104.676976  19.527293 
45.116634  39.029448  19.127862 
46.502480  80.343183  10.128280 
37.661797  78.063105  53.342633 
30.359394  66.167352  27.337012 
 5.223012  130.814597  39.225938 
62.339805  103.450717  23.603803 
59.418362  114.197317   2.307689 
 9.237131  83.063194  16.683936 
40.113829  91.875122  -16.609081 
47.550039  119.840686   6.394445 
10.831879  83.709470  47.002230 
23.373497  74.187561   9.937185 
50.530006  55.202326   1.021174 
29.753696  94.678666   2.244080 
-6.137163  82.639140  16.172176 
63.961380  98.445650  -1.289620 
31.981993  125.872906   4.022260 
-1.845687  89.497855   0.868236 
60.034199  88.188000  19.748313 
40.473852  72.635482  17.684123 
67.354760  52.955462  43.775709 
30.061339  129.051314  -28.729559 
34.272141  65.172367  37.432408 
-15.794469  44.734467  11.331028 
68.221214  40.227350  27.355748 
-16.633561  104.852447  42.745514 
40.810794  136.116125  31.086825 
36.155752  75.966959   9.643283 
64.992502  135.573798  15.441232 
65.474757  109.750930  -1.730445 
45.529214  47.457967   3.021787 
71.033497  69.588542  -1.298866 
40.660731  83.776723   2.950896 
21.601162  75.404876  30.727735 
-0.324343  67.507888  -13.655083 
65.761368  63.765452  -4.329093 
18.744409  56.911805  25.489466 
16.444366  119.732095  34.063735 
45.739844  94.256074  -4.210948 
51.744722  108.153585   4.111215 
70.533440  59.358221  39.620349 
 4.596203  67.332453  -3.754305 
12.938013  108.173605  22.525713 
53.875764  79.934421  19.086405 
24.461297  127.160961  43.887387 
10.244651  132.185961  48.628357 
36.497090  48.076336  22.237209 
 8.970754  114.836508  28.861922 
14.207677  110.184485  33.919725 
16.245298  81.212531  19.940019 
12.485076  67.739246  28.042056 
44.749875  142.564395  -31.150800 
15.585877  52.576149  -13.332749 
34.143687  68.997900  21.752832 
12.665446  92.892954  19.510306 
-5.409980  106.154150  -3.199556 
-6.994825  141.724382  35.236082 
 8.205122  35.839566  32.192873 
32.753684  143.491061   3.467090 
11.332236  63.957229  22.457409 
29.567766  90.078292  -8.778443 
24.611842  97.263736  22.832445 
43.357524  110.081005  17.432099 
47.578870  113.671152  41.836012 
42.380308  52.640661  43.196336 
37.457404  63.226998   1.783380 
 6.289500  94.058489  -3.609710 
15.783164  115.404679   2.860558 
71.598397  123.508430  17.238459 
62.297674  50.547650  34.242388 
49.290149  95.243630  49.916840 
-5.057107  135.321202  20.261416 
12.407353  93.926067  -6.998682 
44.173299  63.880671   5.383659 
22.624474  75.542914  -0.314397 
35.024309  124.142583  11.195314 
-8.096390  139.868502   8.131340 
50.759456  107.674281  24.801514 
 1.377979  68.317731  21.632897 
 9.784441  129.945526  32.649438 
17.520636  121.271479  45.977149 
 1.391833  75.860034  42.435573 
 2.764829  71.285964  31.105454 
59.796601  139.304842  10.048565 
63.397907  54.801005  10.073147 
 5.277659  121.087009  -11.655299 
36.558156  79.893239  44.869587 
83.784571  82.567848   2.850351 
28.315154  108.062317  -19.935329 
19.953246  131.638982  16.999441 
77.369340  110.289576  15.806970 
 7.047146  93.522059  24.098039 
57.664305  38.596623  -0.635383 
47.015542  125.202137  -24.830218 
-9.304283  69.557799  39.464360 
74.886838  105.539396  29.752778 
20.607925  128.872984  36.855386 
53.017729  102.757341  28.566841 
18.975487  124.869763   3.061209 
58.255875  29.612902  16.092683 
46.027516  104.126606  34.133873 
36.040399  80.707243  35.842034 
52.048357  105.578493  38.933649 
20.658974  86.852587  31.886669 
26.068860  66.254296  53.823041 
 0.799033  58.549012  43.839287 
35.704019  123.959548  -12.036163 
29.760381  123.518715  34.834965 
55.300861  98.309706  -17.002189 
-5.941867  92.746753  24.993587 
28.762074  66.376493  -8.157373 
75.513427  130.120113  13.309956 
23.271073  82.081465  38.018701 
66.508490  135.527260  -3.342348 
51.360890  117.659228  26.653037 
28.251456  141.172566  32.112782 
33.090854  47.471654  -19.299569 
59.255498  124.368256  44.753146 
 0.982442  82.608549  -21.170939 
14.806847  69.070168  -18.161845 
32.161542  88.781847  -3.282630 
47.417429  52.500417  16.355740 
25.355534  89.886767  14.302244 
53.766298  72.673954  -0.053753 
21.084576  64.072762  29.931553 
63.388593  98.891512  48.747605 
-11.417100  81.195626  42.424163 
56.242281  98.118162  -26.555515 
56.816350  125.406419  -12.848844 
 8.491142  65.436421  -8.686448 
46.521639  107.251037  -8.657234 
19.407449  101.203575  -7.153206 
 8.826996  134.925417  -11.326438 
 0.886157  61.901122  28.338836 
73.361909  91.450243  -22.099864 
45.523775  68.036213   1.183387 
-1.246178  136.065038  13.683819 
25.885477  36.517883  38.076977 
56.469787  126.814207  -1.887875 
17.699938  93.238461  25.155944 
37.752543  81.774117  23.719626 
73.333815  90.945244   2.643532 
25.144090  98.030048  -18.893775 
39.869951  102.148921  18.701561 
24.371371  100.998236   8.798979 
35.593061  103.652250   9.207799 
45.073588  91.300473   8.448846 
56.273258  86.865351  37.357526 
58.981418  111.132518   9.106385 
40.159193  113.657720   9.192732 
78.902446  124.306157  -11.176737 
50.145346  71.209183  17.776830 
-3.459225  47.811714   4.877831 
-19.717970  74.489636  14.849490 
11.425670  105.195530  10.315059 
29.634396  98.759696  -12.487589 
65.464028  116.609768  -23.757282 
43.943357  83.969914  48.915720 
11.803136  44.471423  44.443836 
 8.387428  81.316073  33.094203 
-5.002916  92.938124  15.028701 
36.976756  102.756995  26.162566 
66.823689  77.594080  26.747553 
17.310617  98.766955  19.885449 
-13.228781  103.749348  49.644778 
61.678826  141.553909  -12.166816 
21.095581  117.119532  49.493065 
44.176706  101.525022  11.170986 
-19.849824  129.354338  32.025295 
15.417609  115.670531  15.467177 
34.254638  32.164960  10.030869 
-12.501843  71.732457  -16.558362 
-5.811295  36.228607   2.852916 
12.997278  113.486352  43.496409 
16.288031  57.139483   3.429965 
-10.188539  95.412862  20.096667 
47.894845  79.365982  -6.547675 
50.487189  95.634973  17.020990 
-0.538678  82.044132  -5.003576 
44.864880  124.479026  39.258518 
77.453085  106.030576  -20.579977 
29.007522  114.579206   5.369214 
53.099433  139.326067  17.268230 
-7.964530  107.858325   5.625786 
-10.145822  63.028169  -10.868744 
51.586227  119.285266  44.541297 
46.694967  132.412164  36.414307 
76.349487  84.828876  -15.081821 
39.414157  94.937288  43.520329 
 5.719372  103.094616  -1.348365 
12.923292  131.022950  42.662404 
 5.164857  57.506292  -8.066446 
27.969254  93.319289  38.740888 
30.891694  113.269800  53.733790 
-13.479208  51.889787  44.331817 
64.009175  72.232193  43.475946 
45.558960  122.817943  -13.513165 
46.562209  125.214848  31.696520 
-15.929302  115.379217  43.139567 
74.980265  55.515666  15.579230 
27.642875  92.122760  54.322422 
63.074183  70.070794  53.600448 
21.976614  118.061071  41.190648 
 2.407218  118.695551  -4.075071 
24.122523  95.653240  48.214965 
28.264183  53.212285   2.140885 
45.840574  73.052720  33.478111 
12.844953  107.231068  38.979803 
75.783503  71.880522  27.867678 
33.865839  128.961278  23.221448 
63.613031  122.898212  19.005307 
28.098221  103.434182  35.341822 
45.729110  66.421755  28.331573 
-13.143765  124.149891  -20.102334 
19.314303  62.473065  33.858328 
59.573551  129.976028   2.214464 
37.633706  114.443894   5.204716 
34.531762  63.100664  -11.742109 
-4.331614  48.437787  -24.307314 
33.309166  143.541326  14.655335 
36.838088  45.810339  48.010652 
33.929208  96.272069  22.033547 
44.041868  107.040243   2.217329 
34.247742  96.669977  48.122100 
63.261320  80.315250  49.248424 
68.557431  98.143570  38.435873 
19.508914  66.221848  50.038218 
 6.689647  69.925177  16.657188 
21.153142  43.321668  27.470048 
19.199232  71.217722  15.008875 
21.630405  104.419345  53.568024 
-0.218776  56.494741   0.303445 
68.023047  93.299585  -7.999376 
58.074558  44.164902  11.878836 
16.159157  51.146316  -7.856087 
65.053563  63.477840  -11.364761 
59.639813  134.749082  39.256860 
48.448269  115.760930  14.248850 
 3.837057  102.281244  10.731328 
29.334493  117.473892  -9.078518 
-8.954933  129.718906   4.071715 
62.705375  67.310606  29.690071 
30.023865  52.995243  28.808359 
62.270847  72.719387   2.342284 
65.742429  57.349174  17.305349 
 9.190327  73.699368  39.161513 
-1.866086  108.548858  46.541201 
23.305564  136.799418  39.303344 
52.675193  111.450669  49.772280 
72.154876  121.012807   5.389774 
13.504449  31.771621  25.525789 
13.910144  48.380370  30.806780 
65.131933  91.007635  22.646176 
63.242563  121.548553  24.751584 
59.786450  61.055431  49.680984 
38.366480  143.289261  -22.352725 
32.316454  106.526607  21.137596 
-1.094910  114.992289   8.640013 
-13.535998  76.252598  -24.605243 
-19.029581  47.561419   5.766009 
32.190775  101.424463  52.880527 
46.198355  137.033873  24.653505 
75.890107  112.278037  22.443668 
-26.494005  91.307041   7.100630 
 2.683289  84.783359  40.080135 
24.284159  108.234632  11.615647 
 0.664252  94.396602   5.563341 
10.600513  113.040516  11.322369 
 1.241081  64.408493  -19.827419 
38.913270  61.212784  19.472148 
56.985306  69.795677  38.415046 
43.268648  117.192762  45.292794 
62.314973  104.483763  -21.235982 
34.969683  75.646212   4.500004 
-23.351913  90.690529  -13.307336 
20.666285  109.857334  -1.631332 
20.946476  121.983632  -4.846874 
38.314517  124.327832  48.999539 
24.549769  105.358990  44.709733 
-3.894948  90.754571  -13.808036 
37.580891  120.573879  -20.403291 
-27.598425  69.122305  -12.731877 
50.625752  118.439972  -9.192651 
76.499954  83.457061   9.141629 
 9.678956  89.554184  -17.623386 
25.514842  119.803824  18.734985 
49.000743  64.766496  51.702778 
42.692086  111.954042  27.168886 
11.209715  42.129323   4.946864 
 7.785192  75.099132  33.715891 
 9.388810  102.423490  30.211183 
57.982983  109.069202  40.922999 
-4.090800  63.389765   5.978302 
21.488672  126.952271   7.924465 
-8.794339  112.251589  -15.576033 
 9.446900  91.511088  34.972892 
12.031883  78.916662  25.291051 
55.610899  122.971105  11.337542 
33.996002  69.767023  30.189545 
42.911871  55.251077  -18.639807 
45.227590  99.816298  -14.150858 
78.714061  105.977893  37.951831 
36.189861  48.443153   7.018797 
22.244969  108.337979  38.428062 
42.726812  60.279201  15.013309 
-24.042056  135.885934  21.723686 
-2.268911  111.177879  40.688174 
61.029169  74.634270  -8.048573 
-14.965682  126.129590  12.345477 
32.293796  52.422252  -13.398525 
82.501549  83.423739  38.932397 
11.125062  50.895013  23.747075 
15.383868  120.060693  54.308121 
 1.863277  98.715531  -23.598388 
28.923916  122.256139  24.983278 
36.006952  137.419591  -9.954357 
25.777193  124.372646   0.550210 
20.503422  133.504614  -16.252577 
48.311930  73.808547  46.197311 
-23.174630  51.858595  -1.999030 
44.415666  103.385118  40.919350 
23.288181  63.228865  39.231440 
 1.051924  127.467282  23.105586 
25.503739  78.859026  12.801304 
61.732157  85.425396  -2.673034 
97.717590  97.905236   5.323280 
 4.818308  118.793636  41.610606 
61.316653  99.055175  33.261550 
43.879591  116.284315  35.596416 
52.021133  96.392663  -1.045602 
-12.674696  78.563891  27.866256 
55.547396  97.865493  -10.447257 
50.042009  142.696459   0.069694 
-13.111742  107.400786  26.648236 
72.424490  113.800589  -12.430604 
 6.185207  112.466696   4.045723 
48.455877  62.974963  41.899347 
13.589789  69.717164   0.314821 
48.277827  128.043240  49.345248 
35.640906  131.018516  43.964368 
59.975331  114.485080  -12.254308 
-13.837076  120.373755   4.959892 
32.278011  98.814578   8.689001 
37.788435  97.568413  32.103483 
-1.773469  126.183913  -24.803303 
20.299437  65.532367  45.984414 
20.315422  91.793296  10.360250 
57.526082  125.810253  -20.092180 
64.572404  129.715424  -13.536845 
21.201285  133.587179  49.205908 
-3.181116  100.885286  48.888476 
-9.942804  68.268100  19.601444 
25.409842  107.381062  19.206803 
41.293756  123.746389  16.577841 
71.159475  98.993966  -12.751856 
20.344908  77.684876  -6.103734 
46.947190  99.111970   6.532647 
72.279098  107.246337  -7.318086 
76.384650  115.262195  31.694949 
53.560962  65.253251  -3.129356 
 8.177242  133.921704  26.753331 
58.863951  104.438111  -10.835652 
21.460161  88.192243  -10.852638 
45.618694  55.320695  -12.994724 
-10.184823  105.606876  37.989091 
20.567646  149.561714  -8.985741 
 9.558022  84.060600  -6.987688 
17.544392  93.404101  -20.083892 
46.955774  93.176594  38.288151 
 5.466366  77.295582  -9.797172 
16.885690  86.131757  -0.676840 
69.638405  74.363923  -13.176654 
57.951418  110.359899  28.861158 
33.774462  32.259948  23.199516 
51.004802  85.410877   5.425423 
 6.376872  95.915281  43.612552 
89.768235  87.829351  24.685182 
79.186818  101.912123   0.782380 
26.989722  88.166249   5.224438 
 3.668769  67.914850   1.230041 
25.270302  113.692470  28.298526 
30.025287  76.761426  -11.326312 
-0.468602  103.876415  27.617828 
 3.205189  120.555484  17.229032 
 5.169289  93.150504  15.023042 
22.836610  51.527331  -25.841914 
60.657007  84.842542  -8.274511 
-1.872091  51.905932  -9.399404 
42.611549  91.378348  18.688258 
66.793448  127.404346  28.612159 
40.364595  82.372424  -12.179273 
77.143342  59.797975   7.269213 
62.630959  76.188447  16.860163 
26.909740  103.399435  25.821004 
45.136590  92.511726  47.262758 
22.432635  68.239739   3.180695 
30.874831  117.224110  45.154806 
65.335929  75.869090  11.327986 
23.305081  57.432565  -9.214103 
47.165328  67.851074  12.538517 
39.034312  85.956975  41.194876 
73.318063  125.773460  -25.352992 
42.260163  58.984036  38.759122 
 9.314137  138.243477  -19.009571 
34.389860  69.805014  13.805629 
28.378614  70.221016  17.720892 
18.715396  124.795869  13.991684 
-7.161435  138.094169  26.701984 
18.652148  73.225756  37.076313 
52.041610  116.106677  -19.555710 
 9.164159  65.184715  -13.915953 
 8.674042  63.169877   6.659853 
-2.406499  98.973893  22.101951 
43.687641  88.890505  53.841741 
49.656094  76.614951   4.744708 
31.787512  112.948098  37.564728 
33.371902  64.999452  -18.010014 
-28.354846  101.198445  -0.283118 
30.489049  108.776848  41.871230 
66.196591  49.305253  -19.882478 
22.991310  43.530406   6.029749 
38.945741  100.882919  -8.590270 
67.270653  85.793813  31.150168 
47.851797  64.470972  21.087987 
22.402457  77.637463  45.180957 
78.861399  58.393975  -18.561721 
11.218164  48.002155  -23.469903 
40.879309  113.579062  -4.197069 
14.184623  68.525892  13.125391 
53.569969  139.028665  26.143867 
55.589125  96.578288  32.653977 
20.699490  69.280462  25.200598 
36.764487  51.317818  -7.687924 
32.031948  107.007281  47.429632 
59.157413  60.693395  22.436487 
 2.001984  95.557499  39.289923 
42.819755  43.152853  28.530641 
64.971015  102.508262  43.496429 
10.829664  60.144900  29.239190 
58.954585  84.618665  31.182151 
41.326069  106.030035  22.485793 
29.278730  74.729382  34.599150 
43.244195  110.804801  -29.966153 
13.841284  122.156108  -9.006566 
29.172739  115.346204  23.353331 
83.800563  94.664515  -15.036979 
-6.974782  62.196616  13.806451 
28.409016  75.409510  -15.307963 
64.946841  125.745522  -7.324176 
30.432928  70.397523   7.007923 
59.557328  96.225737  -5.083004 
28.404224  88.229655  45.014770 
 5.074294  74.095608  26.293138 
77.917446  79.166511  -8.634138 
-24.745726  106.905207  27.387726 
41.654507  60.644504  -7.643023 
-7.306947  78.992868  31.810670 
23.040066  131.201543  -7.154582 
39.085101  121.549676  30.581569 
71.157514  103.443663  18.498446 
55.579231  141.926339  -19.911274 
40.628763  41.470177  37.366210 
-10.631337  62.103676  35.844346 
28.320010  76.764177  18.418113 
23.900154  126.428066  -12.100394 
16.403846  139.720429  32.360424 
-3.363586  131.532858  30.997221 
56.962022  97.307382  12.059810 
56.361137  86.391316  24.874208 
 5.063552  45.902515  18.358357 
45.643594  44.305578  11.385961 
18.495813  48.366369  -1.894372 
74.263138  67.759173  17.469958 
17.649960  77.973408  -15.437097 
77.641593  79.763714  17.167747 
47.216868  86.025901  34.687931 
55.060394  55.954360  18.286126 
-22.489694  110.449723  11.837585 
69.624033  125.046222  -18.601907 
-2.213068  65.267489  -27.531259 
37.760799  124.968720  -7.080597 
-16.371656  104.772684   2.893814 
-4.730943  61.284993  -5.683893 
59.719298  85.419355   4.047856 
49.365122  89.571958  21.202438 
 0.698764  71.608557  10.697803 
28.659943  116.888324  49.620283 
 5.657672  40.299806  -13.353875 
-9.413468  54.050708  20.240678 
46.203194  36.936249  -8.009441 
76.689989  95.328221  43.077920 
55.659583  74.454323  33.948648 
73.600302  68.176325  37.772225 
31.558485  121.270442  -3.947827 
34.045176  100.632136  -2.446816 
55.925102  79.190736  10.246974 
65.267958  93.951386   7.430428 
-4.527946  109.607606  11.206163 
 0.576337  45.346810  12.002099 
37.461976  57.045245  -25.372288 
 5.259834  100.713483  19.434314 
76.322602  123.698497  39.179887 
26.565499  114.555080  33.826667 
58.887982  103.969798  17.795449 
36.547300  137.502786  38.060894 
-6.934553  73.252698  13.861393 
69.650940  80.389492   2.233595 
73.920119  81.655068  -3.352224 
69.231478  87.928159  12.512221 
61.260509  69.127947  20.251968 
43.063045  97.752837  -20.130302 
52.148742  106.202545  -2.103855 
33.510862  84.639045  49.662849 
50.607784  110.931191  31.933664 
53.966827  113.517602  21.238541 
14.797645  86.323978  25.162615 
20.263461  96.000284   0.116277 
-18.372487  94.628961  15.588131 
47.268967  84.189041  26.756455 
-9.706350  68.139114  49.647353 
34.625481  91.617147  34.439269 
27.803369  73.732914  48.722088 
60.307908  84.555192  45.002857 
52.570465  115.957406  -0.309033 
43.252597  128.524306  25.147602 
39.042746  115.637231  21.689625 
67.703977  109.650002  36.796473 
 2.504346  87.995180  20.505363 
64.745063  56.654539  -0.189115 
67.719494  134.332943   2.911864 
 0.514354  67.554834  44.447709 
73.358882  115.267550   0.733053 
60.944100  116.458981  -6.199821 
 5.361719  107.656933  23.745206 
42.632007  58.737327  27.708253 
70.035628  98.334811  33.588443 
44.450461  108.886189  -22.625964 
54.435187  104.118774  46.594278 
56.167940  73.312748  -13.458338 
 1.469495  103.004131   2.995651 
-26.527190  62.183127  13.680023 
65.596118  112.012536   6.215102 
 9.216340  69.836783  49.278017 
-21.027201  81.923540  37.019156 
39.455593  99.198044  36.162887 
24.438708  111.230348  -10.644912 
25.847364  136.814712   8.412248 
18.854214  82.406113  50.230127 
12.900613  138.078984  10.093136 
18.495579  89.730446  -4.689868 
-11.256513  68.043236  30.321542 
21.351200  102.425536  -13.419758 
14.357104  98.342758  -12.303475 
11.750015  73.796770  20.474155 
18.884360  69.607703  -10.505103 
-18.667491  53.455417  19.733187 
53.113059  90.973429  42.765383 
10.645567  47.656625  36.511034 
40.734798  140.126736  -4.046855 
38.254644  111.812165  33.047811 
32.942118  115.539851  -15.311077 
58.921336  106.609842  13.030377 
 3.003650  80.313012   5.430773 
18.031494  112.942473   7.467922 
52.941092  79.706322  45.859006 
56.323116  62.474704  26.493740 
45.017225  128.848005   0.075847 
 3.016964  108.156234  17.236032 
56.009789  44.820323  -9.872391 
24.157759  63.004483  -15.595541 
12.742229  47.649212  12.559662 
10.036408  79.696995   3.111570 
36.254239  85.713252  15.856177 
32.950542  129.370533  28.720684 
62.682433  112.871348  31.410874 
39.155569  70.919609  -7.752488 
-13.594955  96.695377  -9.581469 
-21.056735  113.379331  -4.879120 
80.828023  62.193223  -10.500340 
56.816475  107.721647  -5.940902 
45.794749  132.501758  43.793559 
44.659320  80.284430  37.910695 
-9.868558  78.659925  21.021146 
54.931164  136.111622  -7.270322 
 2.585607  64.733331  34.470702 
51.167384  76.757327  22.910127 
63.201519  62.165233  36.188623 
-5.817433  34.083861  -19.300901 
15.935394  77.832089   8.136345 
49.171431  103.154525  13.362478 
54.846581  118.308568  16.316919 
81.223959  118.224650  -17.993071 
34.318583  115.029099  28.398197 
46.256706  82.678963  -9.602447 
 9.148228  92.138368   1.893308 
27.127601  97.508467  -2.595009 
48.994221  137.902098  12.121358 
37.877654  88.082162  -6.349911 
20.863945  112.983308  21.984338 
80.706592  68.726430  10.876164 
 3.111963  129.538581  -19.106969 
85.942535  121.512438   1.864814 
25.375335  81.052676   1.600035 
25.369253  39.303593  -14.540430 
 4.057645  95.177109  -11.612353 
29.446740  89.526222  27.437847 
42.029514  91.612236  12.372890 
36.779348  78.833479   0.233921 
38.773400  112.434252  39.847520 
-12.220497  73.033979   7.929208 
62.295500  54.648100  -10.005661 
38.368222  141.849835  20.321849 
 7.444530  116.024683  35.858790 
33.030961  130.000810  -17.142829 
49.400624  96.310618  -13.418344 
73.448578  121.150612   3.975939 
85.288949  97.511599  16.324878 
17.539537  127.594115  -13.205230 
50.040565  105.787814  32.859932 
20.344543  73.757016  15.208592 
18.655248  59.705497  32.392865 
78.502206  102.118444  22.144982 
35.739969  102.818153  -24.381796 
25.317749  137.955317  -20.788570 
 3.603749  128.022888  47.471122 
24.963549  97.899878  53.692430 
63.512639  113.719486  30.319342 
60.199401  86.470871  39.660254 
78.930936  97.957304  -13.701282 
32.020083  54.222731  23.994903 
11.054257  84.142293   8.710132 
 0.796369  117.722183  -16.305782 
59.283535  89.564091  49.623811 
 0.442850  85.412382  36.276037 
-9.129049  81.581930  42.289247 
51.259190  104.488800  -8.074764 
11.869231  104.310460   4.251734 
37.498267  84.725100  -4.073171 
35.578487  59.958467   2.424130 
62.125469  56.824974  -12.184076 
43.799655  61.424729   1.905126 
32.117299  131.570055  33.602904 
37.243564  138.599438  30.069916 
41.724308  90.883171  35.457663 
77.428837  81.510434  -1.615267 
61.140392  76.119660  20.647907 
-16.325214  75.234288  16.062268 
-1.795726  90.747105  48.531295 
23.784542  91.856708  28.363155 
21.784357  54.030611  14.729589 
-10.572544  85.494327  -16.584003 
53.135825  113.218078  26.492938 
27.464166  140.596478  -11.631645 
-11.899270  104.095287  42.439020 
70.266865  78.162309  49.332940 
57.924703  67.656829  14.943818 
70.232080  82.818253  30.509991 
-0.459675  126.456251  22.822554 
34.018860  115.213840  51.191887 
40.224359  74.296701  50.157525 
61.305186  132.664554  -8.096975 
26.794071  114.186071  -10.223128 
65.612807  126.649270  22.893816 
-16.545477  109.110464  -3.472473 
 5.976293  119.188620  48.935788 
-0.730898  69.462132  -26.595928 
25.322163  91.858880  32.863521 
21.299690  138.564777  -2.652633 
15.660027  87.998343  48.952840 
 6.834353  57.704291  -21.789455 
-9.985959  91.619199  20.791290 
36.976966  100.524089  25.097103 
51.978400  135.505849  33.320061 
31.090811  68.875750  47.623210 
27.776160  59.909223   8.839156 
57.944674  42.892624   9.953008 
-1.142458  87.299700  -13.847981 
10.649407  120.582759  11.001521 
 5.717175  137.505031  27.801085 
 8.933697  123.654957  40.546524 
24.106007  115.476675  44.666519 
-8.466849  94.048199  11.902781 
 0.127275  124.343862  11.385942 
 4.008751  108.724168  -11.565249 
54.508283  111.334229  -11.893680 
38.880613  93.224111   9.714725 
-5.041997  74.311261  -11.433918 
17.167677  116.278506  18.917167 
-1.726644  76.102339  49.176043 
72.040684  132.890622  14.464009 
49.920915  63.348329  41.555007 
38.338534  77.427387   4.374229 
27.207655  67.937186  10.780129 
32.222719  117.074893  -5.667677 
36.963295  56.476611   8.130237 
28.134396  97.258773  39.297903 
62.820978  86.228099  -17.339343 
53.614122  117.656602  -27.324518 
47.518515  100.678988  24.452894 
21.897693  57.969575  -4.891080 
33.846711  83.216997  12.842972 
47.923574  52.091213  33.048820 
-5.163510  40.234125  26.957955 
67.250201  114.370798  38.275469 
42.392334  114.378700  24.278637 
45.640147  66.213789  23.027429 
20.392567  112.334942  49.283217 
18.565947  126.492872  48.221741 
60.540909  61.999439  -6.917278 
24.839953  106.974199   8.599483 
13.301952  126.178640   5.417794 
33.962807  55.457535  36.497593 
-15.019642  76.040270  31.033964 
75.453623  113.500033  -14.258385 
43.143882  98.723638  15.923268 
 8.106135  90.427220  14.527155 
-6.015354  103.542545  15.020531 
22.778348  56.609307  38.445873 
44.241364  54.207237  17.152987 
-5.892518  105.505218   1.568505 
-13.582234  88.939426   1.033359 
79.620448  109.178334  33.419319 
41.761725  39.370944  -27.358706 
22.570666  45.548099  22.760791 
 4.785679  70.770418  -8.434820 
22.750779  116.054696  13.103173 
 8.371454  131.186516  35.262898 
81.364728  76.091667   5.298861 
75.389884  92.100603  48.781526 
-23.734343  115.854020  44.318629 
-19.645172  77.918141  36.941041 
44.404403  135.264695  26.366795 
54.327198  115.283414  12.798379 
20.108980  83.995842  35.482151 
27.730103  62.798015  -13.799921 
55.053792  59.059446  17.725178 
57.327933  53.610783  21.245529 
75.951322  135.075260  -19.118898 
41.604173  118.493451  44.413253 
59.337074  59.881137  30.100448 
67.048566  66.547936  26.065001 
-4.701188  66.993996  -3.338313 
32.734383  140.810854  24.495840 
 7.579257  125.023438  -8.198273 
 6.750375  61.239000  43.405170 
61.168914  99.683274  -6.960118 
31.491255  105.402191  41.989286 
18.358842  103.348215  -9.951327 
34.106534  89.292135  22.023402 
37.027610  126.888748  44.959553 
40.381750  121.488229  19.038580 
11.978859  92.776554  39.031727 
 2.537501  88.603416  -4.973109 
13.475154  106.853889  29.474006 
-5.734851  139.411276  39.204225 
39.578173  61.632660  -10.876186 
13.451182  86.407288  -10.212895 
41.425596  123.297144  -3.143094 
-8.066743  47.215478  -19.367693 
38.522135  100.313466  -3.543888 
43.474827  81.835957  24.468229 
 6.952418  60.068845  22.530902 
30.188490  77.306032  29.709755 
 4.316015  102.061621  30.157316 
30.431223  58.991422  -30.324490 
55.854624  123.988240  36.734713 
 9.466441  138.460439   2.127539 
29.498375  130.837905  43.798579 
62.962611  106.864181  -22.674120 
70.159034  78.342045  37.533483 
30.475591  98.826596  17.601784 
67.493546  107.219548  34.475679 
31.994632  129.018435  -16.272226 
53.021378  94.020669  -21.495100 
16.150444  71.019931  33.781539 
63.330003  139.980863  29.534311 
24.987824  118.937054  -14.979710 
 8.644044  83.252235  -15.934620 
55.934155  76.675243  26.777342 
51.475422  74.354291   5.129776 
55.727949  56.771473  38.185641 
 7.203256  103.471410  -18.580266 
 9.460098  138.715056  -19.272403 
46.345175  78.807134  -5.957662 
24.686930  112.671122  28.681315 
51.964001  140.380160  39.488400 
70.508909  62.150348  31.000109 
29.614905  72.435373  42.806241 
49.202495  107.768914   5.552851 
82.334418  65.759707  33.732280 
16.242303  43.012489   5.221664 
33.116391  110.815122  12.091681 
71.547953  51.397737  29.024948 
-1.098318  48.525657  -25.664499 
42.215112  120.944297  35.338217 
51.488851  128.440116  49.778251 
67.201023  83.416665   1.995894 
63.004094  124.058868  39.001232 
78.132827  46.335458   2.141848 
69.651374  57.960927  -25.707028 
33.730847  125.744689  23.267138 
51.027343  119.142065   0.762464 
13.524991  93.851544  -4.847481 
13.908669  137.024176  -8.790384 
72.375616  100.903129  16.111332 
24.643489  36.306851  26.496124 
-25.608174  104.396524  26.015089 
-9.775081  98.389715  34.572674 
15.701000  59.528553  -9.849409 
42.621333  96.373342  -7.465539 
28.776500  78.875212  -14.876124 
85.319812  77.661161  20.664201 
58.106950  84.050815  31.449660 
-3.954698  111.899230  27.810031 
63.694867  92.758466   4.988557 
13.921842  106.374766  10.242343 
48.372367  42.447039  30.880903 
 3.004010  136.479600  -5.034470 
43.333015  125.279119  24.954091 
24.751479  50.979710   1.178006 
48.464266  124.151394  32.101673 
 2.660240  36.998999  19.688012 
33.533238  99.897446  -11.231691 
70.879088  73.053462  45.388069 
23.066841  83.660867  21.702955 
-3.106443  79.594318  16.994234 
 0.868714  71.693797   5.637172 
67.935871  107.416910  -16.057491 
56.296961  139.200583   9.797429 
19.045147  116.286939  32.787482 
36.913528  58.776793  -3.942660 
49.906120  95.083573  33.034590 
27.580416  88.522862  42.406406 
24.486166  86.236725  -11.085886 
49.233048  134.555731  12.613012 
-10.590483  59.798081   8.302959 
 4.578947  104.305862  17.237384 
 1.504643  113.371542  16.276790 
12.741400  69.741249  24.236447 
12.930502  53.094357  18.860622 
19.309150  74.513530  38.054426 
-17.461781  120.692442  32.532480 
-21.788695  100.196716  36.370492 
 2.392952  99.869951   4.029203 
 8.168349  114.393392  33.870627 
34.823688  47.500250  40.698197 
 0.325641  50.490755  16.040600 
-32.002084  123.245216  -9.336857 
 4.866557  115.628094  -5.232788 
10.000172  80.730801  48.070203 
53.095836  113.394114  33.738979 
26.851996  70.875210  53.742201 
37.117797  134.701519  -6.149147 
14.100109  40.246614  -23.458333 
 4.202487  61.045719  -8.684499 
33.487253  101.100115  49.337733 
 2.636230  100.769621  43.191501 
69.664025  54.279769  22.798849 
 9.143391  84.099300  54.105323 
75.739356  81.142802  -9.568137 
20.231444  92.720668   9.735187 
27.674565  101.663842  45.544448 
45.734911  71.993192  -2.219909 
24.494991  97.752935  -13.455811 
36.610235  119.661773  -19.662323 
17.997137  60.775400  49.087281 
45.958845  113.991190  12.438093 
74.865767  54.821930  41.813052 
48.667061  99.387657   6.784839 
36.027906  52.203247  -17.656837 
66.446006  104.594411  42.893436 
 5.606830  125.834724  31.305640 
72.181863  102.144790   5.829523 
62.506282  117.723134  -19.754050 
46.942407  127.180948  38.364726 
-5.754069  112.717194   5.093063 
79.005890  107.655197   1.475905 
54.920506  57.489605  26.461738 
49.053293  134.625015  -2.559395 
-20.366052  86.650119  28.827775 
27.361948  126.364016  -4.754442 
54.673950  131.357877   4.301017 
26.227031  64.817919  35.706650 
20.983179  134.656463  25.848333 
42.071060  80.743466  10.193351 
-7.095231  119.165917  16.853795 
39.221093  93.914892  54.717373 
38.164875  111.941020  43.383721 
36.662142  81.737898  32.782126 
-5.334844  101.426544  38.291521 
59.017958  138.672864  -21.452891 
54.043355  124.520598  -2.716085 
43.838094  43.938727  13.621591 
40.587760  82.578010  -14.230127 
-17.047938  103.040582  17.688335 
-1.230462  89.657320   0.099996 
81.929278  96.049597  28.158549 
58.823970  112.725656  -7.491623 
52.185813  83.187224  50.784844 
-2.197932  56.040236  -3.338206 
85.740611  59.196306  12.918777 
51.139665  81.393664  10.188093 
55.144814  104.326348  50.892453 
72.095965  89.119202  -14.760099 
30.130819  101.825803   0.810707 
 1.637376  81.661627   3.402462 
-16.757530  80.521084  -10.565338 
14.609462  70.855195  19.965348 
72.827000  94.317110  10.114520 
55.183756  70.244225  -0.108696 
13.186095  108.691887  48.058184 
43.372393  79.481631  -20.530870 
51.971098  49.114326   2.450125 
-15.060398  90.120825  42.205018 
52.117535  107.005077  38.120657 
43.042753  129.318665  -11.935443 
48.033035  65.883203  53.492282 
44.047134  141.922939  16.758110 
31.279657  93.077983   4.232312 
-2.232713  61.742327  15.982884 
-3.102346  59.592586   2.847071 
-10.209703  103.516659   8.603932 
-14.138868  114.235516  40.921558 
57.165327  84.548631  46.246359 
64.136706  111.000253  18.253917 
43.126827  85.868736  52.365513 
28.099053  122.870666  15.912865 
24.941586  41.828808  42.833274 
79.096855  61.750235  -17.956117 
-8.544088  75.765916  20.016938 
39.854047  98.191636   3.465618 
13.722959  88.781023  20.735772 
 7.647161  73.296891  36.696032 
19.651922  121.391282  53.532782 
-10.781867  132.066383  18.390145 
55.798499  61.516888  50.847483 
12.188128  99.083620  21.849044 
47.697742  84.700168  -3.279458 
-4.221541  62.468637  -12.292483 
13.358986  56.225918  35.852172 
35.035475  71.703246  -0.405427 
47.078091  142.192479  -10.336425 
38.643817  119.341368  10.153649 
85.224922  79.364092  32.641111 
-8.721309  101.891154  24.879435 
14.433291  103.601996  18.078543 
12.502930  111.663469  15.499383 
71.823244  62.756738  49.564870 
77.161974  69.430278  27.493416 
11.825188  48.627376  42.796112 
54.049539  73.594834  54.275214 
54.576126  34.936188   1.135822 
57.683373  107.727997  15.901179 
49.489743  135.944143  -25.887632 
43.143480  89.297336  -10.223847 
 8.720723  49.862149  -9.977033 
10.173867  74.714094  -0.021710 
29.426902  120.468941  28.399663 
20.718420  98.204325  35.944262 
-1.402018  111.323037  42.042086 
43.408841  108.882996  -22.890791 
29.112427  97.060569   7.883833 
-12.449538  90.770570  -9.564983 
19.624936  73.009695  -14.663109 
 3.106902  51.861450  21.782765 
-8.239881  92.927299  30.423439 
-12.548326  123.831386  -20.192300 
-4.722160  90.775680  17.115313 
33.177070  38.595365  35.732191 
42.661113  125.850971  14.247717 
46.880622  126.577034  43.705205 
79.726913  56.732865  23.112197 
 7.004250  59.977780  -15.411119 
50.239319  122.768397  17.216313 
26.275468  111.079015  18.092813 
77.548672  84.025244  40.097974 
65.659605  53.643200  35.454125 
65.669992  112.013791   3.342316 
44.256787  106.080678  11.577620 
49.627085  90.528668  42.146477 
52.188125  93.689845  -5.799627 
-9.646086  67.450711  43.919148 
27.618488  68.724805  -2.110777 
11.841365  67.920590  -3.738986 
48.336389  103.213440  44.708429 
-6.612859  128.046109  -4.083007 
66.789785  68.600669   2.005781 
 0.929277  94.698240  20.848246 
40.997309  106.718893   1.642516 
22.458502  45.079260  -18.029832 
 4.383804  114.283992  -24.162610 
56.506147  53.844693  43.406387 
68.363013  43.793398   6.998768 
48.349327  80.694065  30.472249 
14.052319  110.036521  43.545988 
30.209422  106.882313  -6.772623 
51.544340  110.115865  -18.042358 
12.470933  37.918621  22.706517 
46.678052  77.805787  49.545600 
70.152103  89.914172  -6.040294 
-3.888167  84.807260  45.638393 
46.413849  137.958723   3.489557 
47.405373  64.537302  -5.345153 
29.413424  123.524712  -27.963821 
-19.690545  90.107662  15.849451 
23.665293  99.076036  -5.460885 
70.018225  127.280875  27.254066 
 0.190835  105.294498  10.870179 
12.776153  76.181978  11.739475 
20.432399  136.345448  13.197279 
 6.227592  47.865405  37.243601 
-15.192905  41.885145  -12.155004 
62.304245  116.364437  -3.643525 
 1.327645  107.459207  48.524727 
16.663435  106.841476  23.182904 
20.306722  105.837942  -1.150697 
47.422785  108.854288  -2.449629 
33.050614  79.296091   7.627466 
-16.941704  74.536487   0.794516 
14.777733  54.277498  -0.429434 
63.205027  128.490537  -30.324356 
22.454686  69.996315  30.346070 
52.328462  128.765150  -7.832437 
10.893367  90.992409  25.455184 
 3.470845  97.460117  48.797372 
14.892456  73.905664  -10.188401 
68.223738  137.840512  39.350946 
 3.182814  64.072301  49.551054 
46.214852  71.921133  43.141122 
66.187515  73.611429  33.748954 
57.411686  92.495489  17.085266 
43.861934  132.239014  -18.373183 
21.625872  53.322181  -13.790962 
-0.064643  64.264313  38.683848 
16.518086  98.280879  13.721255 
65.432669  134.235721   5.884187 
48.543999  52.222048  -9.503413 
77.305945  101.835789  42.568296 
70.999432  123.403373  -8.090333 
-20.382665  69.146193  24.629016 
-12.014154  120.129360  -7.291393 
27.538218  61.275615  15.678689 
-7.867630  61.129875  -21.175464 
58.612814  78.146056  40.536255 
12.819248  80.845605  20.391823 
13.954375  76.322467   3.924581 
 0.439075  97.111692  -10.000904 
30.814681  108.496418  -17.062480 
56.845832  74.570816  -10.369917 
44.198650  114.390850  30.400792 
63.157612  79.183478  -11.116333 
42.309535  82.483414  15.007771 
32.170879  85.954964  27.640623 
 5.462100  54.574985  35.513700 
-19.164254  126.765240  -1.404954 
32.629595  94.126147  -5.689447 
 4.702662  66.189552   0.761032 
16.860506  41.871694  30.895617 
57.554706  131.640723  -14.681200 
42.968308  126.632735   3.994585 
-12.215680  54.892847  19.379881 
18.620295  68.065088  46.476653 
-11.559097  73.472716  26.110686 
-14.748294  108.556693  29.720120 
 9.619641  56.007145  30.056731 
65.781948  99.217812  22.853207 
51.565872  85.562345  25.237764 
31.078512  111.776175  46.962666 
38.211132  111.908345  38.112250 
63.604167  96.969872  48.635432 
 3.764437  133.268473  13.380561 
22.698749  79.219780  10.215779 
-3.114319  102.370947  31.225885 
44.709101  80.346902  36.140937 
13.081363  56.618776  47.946742 
83.414488  43.279106  17.489774 
50.009467  74.859098  15.441962 
42.172083  62.037714  28.462404 
76.314823  88.658008  26.382451 
-7.520051  96.900114  45.489943 
46.529234  106.843145  -14.609176 
50.822114  33.946044  37.663694 
54.963931  133.963278  27.094435 
55.133459  105.876303   8.761191 
 9.635776  122.469867  -24.773076 
12.790230  119.547886  -17.679856 
33.924411  52.939004  18.482191 
36.906922  113.491898   6.375605 
16.032825  116.048232  -2.157770 
32.933758  132.047728  14.005910 
49.848869  91.669112  21.332701 
55.287434  109.719068   0.222675 
39.031119  75.675812  25.295190 
61.769999  63.036202  23.127634 
39.344379  132.835815  49.585235 
-13.046787  125.222057   5.628476 
84.133044  122.900566  -2.103841 
13.652941  71.299770  42.270177 
55.391827  87.591114  54.294107 
20.481828  59.418616   6.054853 
11.674128  96.384330  -11.780083 
43.800816  76.132055  -10.309973 
 8.186922  52.620392  26.272323 
 9.515502  95.293125   8.201590 
45.246205  70.474124   2.623234 
41.774998  114.084803  -9.873201 
15.904732  123.231590  34.161679 
67.149522  127.194765  -20.032313 
59.680303  108.452574  28.300563 
60.985734  91.778243  26.209255 
 6.075505  103.667229  37.127834 
-3.592272  133.932372  34.237580 
52.019952  69.950994  21.178204 
39.895058  59.464035  12.791118 
39.408066  135.787282   9.340633 
45.857379  84.914171  44.823195 
54.715944  126.175971  11.110738 
53.661014  75.878631  44.952649 
16.035429  106.911524  36.413729 
29.843849  70.649584  -9.142540 
53.811187  101.430532  -27.047523 
-12.935275  64.013343  15.476675 
 1.311184  90.418112  10.272213 
-5.640425  108.463971  -18.383853 
 8.891966  58.173270  14.281252 
32.765752  84.204351  53.882927 
34.809841  49.769525   2.756226 
-12.307111  112.924225  -12.917762 
72.281269  95.505306  -22.944501 
-7.582504  68.369172  32.069765 
-3.381458  63.173317  26.484502 
 5.687142  81.400225  16.443764 
-16.194864  52.767486  26.080541 
27.903859  79.035742  -6.478704 
24.243011  105.272463  13.766982 
54.680233  102.313257  27.118386 
26.964925  60.322039  -8.499549 
61.147126  82.800271  -5.705785 
13.016478  86.145961  29.457905 
72.708795  116.439466  -2.083789 
60.617810  91.949422  -10.386591 
13.779448  124.709396  -0.371977 
 2.532191  123.177004   5.266399 
69.984574  74.358753  -0.702282 
-11.977526  53.028070  32.080461 
55.027664  45.831949  17.313000 
56.636255  82.593298  -0.546361 
 3.174355  133.160265  20.979004 
14.236422  123.787124  22.296668 
78.299927  88.823739   5.217664 
 0.791456  73.283900  41.910677 
 3.670100  68.074210  20.577800 
53.246366  136.900630  21.730577 
-3.502642  137.910336   7.246743 
 9.571542  64.749057  38.611749 
 8.086538  114.666600  26.842656 
70.360929  122.386528  18.288393 
71.820177  69.581257  -23.185026 
-11.572539  123.530015  43.760587 
32.172771  66.083405  -21.527813 
-9.110857  104.429311  49.612840 
 5.521195  67.212104  32.774412 
39.191995  102.837186   8.604646 
35.668995  104.622480  18.345188 
 0.443565  82.061337  -8.920571 
43.454090  89.966325  30.381355 
26.489035  124.047725  10.829863 
 8.542271  70.847693  -13.910080 
 8.764541  35.613745  11.873267 
 9.859843  94.231048  45.520867 
14.568351  120.127066  45.172872 
 5.356068  96.923133  15.746728 
20.043486  138.423723   6.314167 
10.061865  141.262859  20.448157 
69.577095  120.517311  32.941967 
21.090774  81.739945  31.344789 
66.544864  106.074951  23.577568 
 9.803380  49.945450  11.268896 
31.917640  130.832069   7.051094 
80.259162  111.600429  -7.453105 
 8.135101  70.930376  47.303307 
-20.262128  115.110468   6.121397 
67.509466  71.785554  42.295975 
44.080982  133.087463  20.551474 
48.575957  121.869809   7.841879 
40.027499  125.033185  -35.632792 
77.050161  62.694615  38.123370 
79.512943  86.444709  14.201912 
89.921745  91.817385   0.149703 
50.058760  32.926482  17.842697 
-8.186645  72.561509  11.794686 
-2.656061  110.481362  35.407880 
30.741804  72.731385  34.462238 
37.995173  70.581190  -7.140293 
64.962003  94.718671  16.850479 
52.419458  72.550149  38.362811 
41.609877  103.285204  34.349813 
-1.180490  43.810018  -12.221223 
-5.064049  83.501496  -21.954787 
52.878123  68.612406  -9.696046 
64.798984  116.473114  22.299832 
32.183458  42.622067  18.277348 
67.342336  82.717039   8.716814 
-14.573430  63.056483  29.729216 
14.894885  128.326671  17.332895 
-4.825869  116.617822   9.789441 
-22.311127  86.733421  37.084456 
82.921885  121.686081  14.307402 
27.747916  107.930729  53.666985 
13.557567  98.558264  27.753028 
 2.740545  57.316803   7.999082 
67.314485  105.363638  -1.732677 
25.924696  84.995935   5.415202 
 6.860868  132.259810  42.720835 
17.926422  123.867959  -6.144386 
65.803595  138.719098  -11.951360 
19.472144  67.171591  52.603332 
73.537038  88.675661  21.054611 
38.118438  123.475153  29.986289 
-4.737253  59.047390  49.103276 
85.429436  49.975001  -10.103009 
26.955133  115.646914   0.970564 
-22.594071  94.783518   8.787547 
48.726990  95.653493  48.747889 
17.325296  76.880845  26.540862 
19.325597  125.793868  26.190313 
38.573416  110.175632  21.318980 
57.489748  57.888841  -2.692182 
-12.749685  58.042949  -13.488732 
30.612292  132.828499  27.896288 
24.367956  65.292912  23.649610 
20.395482  140.164178  41.881859 
35.051022  71.845255  10.050125 
32.868113  99.893474  36.128304 
21.441580  110.623987  40.591260 
 8.777133  115.811071  21.840467 
60.757819  100.778991  34.416592 
-9.024362  62.246465  35.975860 
60.215362  125.271241  30.920789 
53.916711  44.758270  -4.436811 
25.240934  54.529192  28.020799 
36.698718  40.247886  27.078852 
32.624637  142.440027   1.368749 
 5.875454  111.976127   9.730663 
 5.515882  48.394011  -17.271945 
59.033434  81.982597  14.337960 
86.469420  107.054489  26.051052 
17.718777  78.229662  -1.951893 
46.248975  65.558481  16.917092 
38.526113  129.375230  -25.909437 
-12.571093  81.246113  -4.384967 
30.011437  66.977511  27.430824 
46.081860  63.131850   6.891245 
11.057764  81.384659  36.338192 
65.192495  117.755494  -10.744507 
39.450144  90.573303  26.583433 
11.382092  82.065716  -5.965407 
62.039607  67.277556  -17.227031 
76.069981  111.661305  16.854081 
29.486236  111.517716  36.837846 
36.929516  48.387687  -10.368869 
24.729603  130.052311  19.363843 
25.384040  106.370515  33.003693 
 0.629115  93.665795  26.430009 
-27.325163  132.749560  26.938844 
32.516797  25.449952  12.600060 
32.580907  50.199430  11.716587 
43.094841  54.507101  39.271885 
41.650787  97.212635  47.363577 
60.877582  90.938954  -2.115573 
63.491479  59.348188   6.737046 
62.700517  120.789643  14.755205 
-0.579230  70.867555  -18.184359 
32.694042  61.360728  42.345384 
-14.095405  47.953255  -2.836875 
 6.800439  81.036807  25.069450 
41.198254  59.839883  44.011266 
80.870741  119.575953  22.474931 
75.839039  91.342489  32.797905 
64.887849  62.304536  41.545971 
 5.058085  69.716751  28.225008 
18.426681  87.285459  41.852026 
20.660739  70.484416  -6.814341 
 3.695092  103.460560  23.297604 
69.912701  95.070021   0.014724 
64.732396  88.585329  33.541307 
 6.394101  105.173604  -6.387696 
75.261890  39.697139  23.200570 
52.355279  59.865150  33.685822 
 9.566951  42.167700  -4.537794 
-24.243861  84.966293  22.316022 
47.110501  115.062182  48.889519 
23.661365  36.261935  -0.829311 
46.231500  110.113949  17.059188 
67.427821  61.173141  -3.857317 
27.724305  93.040041  -1.316002 
-13.593490  128.436802  26.624180 
35.852721  62.662153  32.777872 
56.501900  116.046600  41.974143 
67.580382  92.375421  37.856776 
-15.487677  113.738261  13.235825 
39.781995  30.002490   1.409328 
69.619143  58.140510   1.401272 
-7.181193  63.748302  21.399117 
32.856241  99.410223  12.401673 
 7.261971  50.711798   2.531729 
59.769879  73.866647  10.767094 
78.983115  48.543089  10.052273 
65.362283  97.846880  30.021834 
55.386884  106.457639  46.477715 
25.139868  78.731201  24.715939 
-7.714176  105.995175  20.265088 
-3.400453  122.373782  -10.995047 
72.653498  106.000301  -7.290557 
25.856803  81.777350   1.200677 
14.458679  141.234045  34.736429 
62.390537  91.998143  10.680298 
78.643871  61.181493   5.035260 
 5.674360  87.673861  41.114938 
33.879979  80.110037  20.970476 
-10.072622  94.711854  -4.817219 
40.843531  87.926037   5.959178 
57.301482  79.945522  -21.050007 
-6.546306  99.227606  -15.052563 
21.401250  103.917298  28.378806 
24.676657  125.769704   1.197619 
-6.111525  118.803580  31.121454 
10.051385  114.001457  39.086623 
26.731961  78.742952  17.291955 
37.858993  84.051047   0.685161 
40.839165  69.644279  37.388677 
50.574036  85.496516  17.169493 
25.684835  111.140270  23.629951 
16.389635  65.546710  15.257894 
19.225490  133.212600  30.989738 
77.712638  116.675553  -20.736585 
51.155512  69.623405   9.394620 
38.076016  122.658104  39.379106 
56.235892  86.538998   6.164998 
71.314519  125.185135  11.955923 
36.098712  133.765800  38.468391 
15.159919  65.054791  28.013385 
26.613478  99.258022  -19.032657 
36.274573  114.877701  16.325199 
-4.303761  75.118689  36.815611 
45.808184  70.000520  33.216734 
21.452913  79.423719  48.269669 
42.147545  51.524967  46.027093 
38.591784  119.894128  -13.355835 
-7.913455  81.030970  25.785972 
 9.775403  98.868169  -1.131505 
27.350199  101.731828  24.842449 
16.004593  62.282539  -18.617963 
-0.976940  83.146715  29.037392 
-5.548019  107.933827  -5.831665 
-13.277595  69.564747  38.694326 
72.166484  43.899160  39.136221 
77.140253  68.659603  18.537803 
 3.460119  90.770133  33.285688 
32.949458  43.299424  -3.870581 
20.092140  117.560477   7.518668 
20.374161  128.126821  42.743509 
57.376216  94.895106  42.488357 
23.001870  99.631049  19.886771 
35.246385  50.904738  31.582508 
56.980146  58.854097   3.335658 
18.523012  129.933829  37.841332 
41.283462  58.018663  21.304638 
79.600340  94.835017  -5.557647 
41.554571  108.901435  -5.555343 
37.591784  116.096038   0.132136 
70.578488  47.636170  -7.100330 
80.612087  102.909063   9.313844 
21.756719  113.115940  -20.828122 
71.392112  82.069447  13.552633 
31.504960  39.969500   7.491893 
-5.229410  49.806650  -7.428518 
47.638153  54.439992   9.744807 
44.583025  101.902732  39.065900 
17.993551  77.784905  44.968801 
-1.319107  99.149201  -2.839291 
53.202995  82.887298  36.162086 
73.470909  77.136630  23.403259 
 4.613313  115.511154   0.917133 
47.664455  53.869463  -15.320817 
82.123002  85.575271  -19.819837 
37.240188  102.031835  30.612795 
-12.253580  116.039173  23.141404 
63.424934  102.364003  12.041923 
-6.544456  50.377661  23.140390 
 0.034780  86.576326  -29.637811 
44.373302  68.133743  12.100503 
38.947279  96.682389  21.623552 
 0.466613  71.742408  24.453416 
61.216366  101.834929   5.048493 
57.296835  71.512797  32.239499 
67.295923  119.211974  49.316104 
68.856010  135.578575  -0.148781 
27.719444  89.832756  47.457554 
53.133543  95.007787  36.624237 
 8.532689  88.151958   3.646299 
19.080110  111.558587   3.669615 
-2.082533  41.237401  32.912483 
40.337755  37.168268  -14.962862 
65.060868  57.129681  47.313148 
21.759979  62.751904   0.755305 
-7.771546  117.326361  -0.751865 
17.630971  100.557815  41.949288 
18.476556  39.942367  15.844956 
34.063597  136.208174  18.761664 
23.517531  71.959110   2.919211 
61.896452  66.947897  36.723200 
64.033406  125.899246   8.084672 
 3.249314  73.673009  12.839859 
48.508264  42.942986  23.470107 
52.679804  92.086182  28.252822 
57.399404  101.284214  21.193083 
13.882640  119.846245  27.649496 
70.595323  59.241133  11.945088 
 0.692359  65.478919  10.278067 
59.015469  116.554730   6.273111 
34.556564  111.560437  26.536512 
 1.228067  79.957060   8.874571 
-12.226636  116.490644  36.962370 
26.811715  61.662010  -18.882999 
58.040207  73.390206  -4.246551 
-18.884166  105.872178  -10.355412 
 1.388222  83.357329  21.721905 
71.176934  73.691033  -15.779843 
22.256594  57.574292  20.036807 
42.656382  74.716444  29.542401 
34.553141  112.826583  32.383150 
17.069226  53.402867  41.150489 
 6.587772  129.713246  -15.256867 
60.967295  102.340912  39.770189 
31.010406  109.981463  -1.789621 
 5.125678  122.560350  16.670747 
58.700852  114.537034  35.955017 
 0.865832  126.702565  27.723392 
-3.981074  55.702171  39.131953 
-15.240684  101.426904   2.535197 
48.679034  96.054075  -1.398274 
-19.105767  124.498409  18.260802 
13.718134  62.961997  10.683408 
34.124964  128.853448   0.616288 
28.670338  123.449615  34.053441 
65.467269  77.520704  27.209420 
20.371659  95.905469   2.615313 
67.423133  84.733334  -24.763932 
25.152396  56.159533  43.865150 
-9.125025  39.696739  16.447022 
21.920214  145.258221  18.937402 
-2.117603  77.291864  32.748167 
 5.637944  68.660334  16.802643 
54.554296  98.758695  12.783307 
 0.421470  123.154969  37.845970 
73.154125  114.526071   8.612475 
23.135433  122.991486  -20.809729 
30.426326  121.638500  40.173922 
64.869715  112.686200  10.424717 
22.691246  86.713399  -4.194748 
20.624706  49.142920   9.734803 
38.622459  98.146554  42.164275 
19.605988  93.040718  -20.212702 
14.150364  130.062494  10.445874 
-9.880779  83.499638   6.455419 
-3.695485  132.011643  -20.094139 
65.186864  68.155424  18.758976 
68.163747  69.377341  13.415557 
28.113592  127.819609  -10.380412 
27.771308  140.004239  36.170501 
40.469589  89.361877  40.106839 
10.656125  94.327403  33.778435 
23.474169  66.025960  40.773742 
48.103579  114.062890  41.233470 
52.520357  68.301645  27.662312 
74.961325  99.460428  36.525077 
32.879175  90.862384  15.524487 
61.765714  77.429427   5.103479 
56.397902  43.724943  -18.302590 
27.931704  51.300091  -23.317556 
44.980310  41.007162   6.750800 
77.586057  72.129348  11.134657 
60.552087  133.742664  14.464703 
47.577627  73.212850  -14.664512 
21.999179  119.605384  38.761482 
67.019833  81.190552  17.638563 
60.295674  124.504245  44.578249 
25.257476  96.227319  -25.168305 
19.200398  62.952296  -26.559638 
41.946320  102.968034  52.989380 
42.239108  53.400129  26.398286 
13.325482  114.763604  -11.507473 
16.247192  84.790769  15.097974 
36.085620  89.304701  46.436196 
42.580527  47.311139  -2.810487 
55.519214  123.107947  27.213986 
 6.044079  79.331387  42.871710 
30.955410  58.733276  47.971434 
 1.435355  40.132647   2.762722 
-10.064753  52.429770   2.503265 
-16.274214  73.911249  -17.698325 
53.160398  83.920954  -15.279205 
56.182319  101.534071  -1.230311 
20.493911  99.824264  48.648758 
69.645072  43.894715  14.719790 
22.617355  44.056195  -7.833915 
39.039428  93.074743   0.233733 
-12.153600  87.361457  34.397944 
69.940820  84.038484  44.371480 
45.499233  48.237498  -22.051506 
35.101461  73.852648  15.759274 
53.478104  120.909535  21.639434 
66.656015  46.897743  -0.364937 
58.583885  69.829079  47.704946 
-1.596431  58.549439  31.019765 
32.462205  88.378457  -9.606805 
 8.997431  78.217631  30.913866 
25.322921  70.547191  20.366253 
65.974559  41.145707  31.894191 
34.345986  67.382692  22.448285 
68.606173  48.982577  -21.052945 
57.954615  128.212686  19.034093 
62.053613  123.955693   1.856676 
66.208036  101.129246  -11.224476 
 3.326531  47.573510  29.563755 
21.931986  91.132842  17.199909 
-0.544205  96.951374  -22.126377 
 9.783622  62.962912   4.887961 
76.776347  124.120841  38.852197 
35.170320  91.441585  -15.646818 
-12.658751  127.887108  11.130368 
25.565607  87.199508  12.407263 
33.843458  47.451266  48.779493 
45.793483  114.939453   4.107044 
-7.988192  83.377739  12.628098 
37.694074  106.763968  -11.917315 
67.887859  128.340234  -2.637529 
65.950479  135.355013  20.420432 
-0.033017  114.291487  23.074980 
41.579025  75.032285  19.102887 
67.313112  68.084689   7.271598 
 0.118280  77.249401  -3.896990 
35.042873  78.102412  46.816036 
37.535380  78.950381  41.598738 
48.260997  84.730233   2.993029 
66.937080  94.046832  43.797442 
61.672502  86.786418  22.548349 
-23.792409  61.701700  -3.468752 
-16.834519  48.601676  39.460979 
51.449186  94.693514   2.703431 
28.584276  76.686915  38.695872 
33.336539  66.297081  16.520933 
49.846525  90.761578   9.732658 
16.721241  106.832025  -15.545241 
75.790342  126.172766  -13.315909 
54.744323  120.447853  -13.882926 
61.142106  97.963282  -16.218615 
49.661585  121.726683  -20.557978 
-0.872901  131.161854   1.282474 
48.865916  101.107228  19.484742 
-6.506313  34.041713  -3.672254 
-22.746445  68.165418   6.974324 
18.143177  110.648798  -6.536421 
73.543142  47.578221  -14.281262 
10.821221  85.926102  -23.509815 
79.530201  49.350222  34.337953 
13.682065  87.257977   1.154780 
46.769207  119.214567  -6.909244 
16.418054  57.418701  24.424289 
41.847357  139.078458  35.548456 
37.700511  68.982235  -15.010268 
40.865078  87.825947  18.405024 
15.130479  90.075130  -16.121077 
32.008333  68.969205   5.861543 
24.059069  92.272365  23.720671 
-21.609608  51.141763   6.360021 
31.774800  96.733680  30.422596 
-5.435274  93.883558   5.368545 
48.515650  62.594266  47.383271 
23.885182  49.483275  33.185888 
70.089346  66.236685  -10.090396 
46.773776  56.601244  -3.071018 
69.799364  54.782391  17.361922 
52.259676  112.145618  20.587386 
32.738741  86.518638  36.921563 
16.141572  70.695098   8.094503 
51.430264  79.027321  21.235983 
 9.622713  74.101677  -21.586011 
45.409102  103.936207  28.455399 
 7.542971  57.551224  -3.547767 
66.575758  112.154987  43.837954 
41.975929  97.640692  -18.026435 
30.245473  108.019734   4.899381 
52.867867  85.833070  -9.171503 
84.057153  70.062760  -7.738058 
-4.073442  92.639137  40.764563 
77.593776  62.112495  -4.034547 
-4.267276  77.428343   0.557295 
28.088953  120.377390   6.175527 
-11.451811  92.007567  26.394639 
55.591333  59.142332   9.795970 
72.648184  115.492667  26.156443 
61.611157  46.633522  26.442011 
-14.169592  52.372476  13.530492 
-1.753251  47.866445   9.419306 
27.554871  119.695538  21.699055 
71.637363  106.301158  29.213145 
-11.755307  40.915522   6.892936 
16.404307  36.167963  37.530764 
60.061384  56.536426  13.284723 
47.020542  92.896120  13.482479 
-9.342827  70.200672   5.207611 
-13.373775  65.469532  -6.129769 
41.026654  76.088909  31.304078 
32.784309  86.265835  39.552594 
70.357705  59.589468  -15.795722 
66.694987  76.862474  27.080786 
72.027160  86.739489   9.135856 
42.671162  122.095488  40.999015 
28.401932  71.885164  28.532228 
61.735458  99.320052  48.168405 
42.060501  55.640791  48.703690 
50.664088  99.250373  -21.433507 
-7.471854  45.002619  18.284459 
29.693125  77.499531  32.991347 
 6.498939  127.142662  36.965105 
69.915410  131.144593  22.268084 
66.125012  99.409421  15.086497 
38.459037  131.259624  38.819957 
-14.453606  57.134187  -12.404737 
21.274642  76.079094  34.390369 
44.458988  92.065412   4.853374 
-3.488104  89.644885  44.155578 
41.744487  115.612198   2.468900 
70.408582  71.000907   7.310130 
14.556489  128.066395  29.610832 
45.630556  112.407877  49.441000 
58.083103  115.311418  22.794229 
 9.472764  51.432554  -12.291227 
38.934948  106.266012  22.751433 
34.561229  67.523222   8.741467 
31.841615  102.167985  18.114871 
44.036110  51.446703  16.973349 
20.600748  46.412505  -0.923491 
59.702520  50.799952  37.871001 
58.898326  99.215040  31.874578 
50.704372  53.887979  -9.113400 
 9.766277  33.725049   0.098777 
-5.916886  140.510009  20.861497 
45.875477  99.380231  27.077176 
60.543893  89.728574  -8.148393 
69.168312  124.650029  16.541549 
-19.675419  88.235320   9.059672 
20.383195  129.370604  33.390292 
32.002508  106.337387  33.402526 
-6.012835  52.518330  24.802728 
65.869397  54.364392   5.181769 
43.382253  91.193738  21.629721 
-0.123398  84.629336  30.908138 
21.442407  83.049425  38.629008 
17.275589  89.954980  -14.622787 
39.690796  38.458776   8.213381 
-12.297194  129.890957  12.339710 
11.045766  99.450336  -8.649533 
-0.352516  109.470245  -6.773271 
30.796200  71.493152  36.764547 
 1.391132  118.935901  -8.929430 
-7.148861  120.384749  35.868445 
58.223037  78.237614  18.978198 
30.320525  112.709204  21.189998 
38.368854  62.190275  -7.328930 
21.943676  93.634798  16.243118 
-4.564119  134.859207  38.223187 
75.990748  115.915750  -7.326063 
 7.510988  65.591949  41.732816 
65.718736  70.856896  44.782221 
59.554809  137.244344  39.585676 
41.683468  100.486188  -17.654013 
15.567919  93.437381  29.055147 
29.163993  47.456093   5.403212 
13.273081  88.247779   6.396879 
32.401215  115.269215  49.578489 
 9.588326  50.912020  11.339241 
42.934398  120.011322  35.003017 
70.544449  53.612375  28.092653 
58.312912  76.232678  -12.142262 
 3.723233  43.674136  13.277252 
24.460277  89.124025  27.743699 
73.246171  98.812064  17.947294 
24.485329  80.520664   9.726172 
38.088948  127.031570  29.836504 
11.646565  112.019388  47.442270 
 3.033454  86.406101   3.391018 
15.770496  131.755773  -1.233266 
59.691448  123.756242  -2.990624 
25.300317  74.018420   3.434643 
18.104943  74.518652  -15.863383 
-0.390346  39.782823  31.603874 
11.600734  85.117618  15.380396 
19.434463  99.690564   9.426938 
-0.687724  105.767507  26.718683 
 1.949550  107.545512  41.140161 
25.659731  84.063305  -0.459566 
48.851360  90.030862  36.165472 
74.511274  60.274148  41.935625 
60.017000  130.698675  21.461164 
-4.851007  55.421050  -15.595387 
18.651415  81.175037   1.046474 
22.009781  96.812866  37.980599 
-9.413993  105.294556  -19.873423 
15.227623  97.305435  10.555432 
60.242989  57.693351  -1.027211 
73.158848  54.052936  16.035873 
62.710242  124.959194  26.536683 
28.587568  63.944487   5.012497 
38.219031  62.519765  19.286099 
18.181750  118.206066  33.913281 
-12.066826  86.769951  -20.563513 
69.764465  96.659165  -21.011387 
-5.649303  73.966877  17.328110 
29.355790  75.771637  -10.621210 
29.145944  50.963782   0.102516 
52.972653  97.424685  -14.520411 
32.216726  101.534008  -20.924938 
41.107522  111.790793  35.257695 
-0.438962  124.349830  22.605849 
37.545785  112.115143  -15.444349 
-25.217278  86.906163   1.379578 
67.769893  116.519191   3.427866 
50.520792  127.167842   0.260491 
66.157647  91.269238  12.105471 
17.963875  41.170010  42.355026 
 1.687930  59.216201  -8.445103 
42.912029  71.639406  45.991622 
-24.266008  124.028018  -1.047582 
39.480338  121.105944  -4.267484 
 8.232126  98.817258  22.823360 
55.004870  125.275759  31.029116 
60.543366  79.665306  31.645735 
-7.734344  83.813497   7.325495 
79.259803  72.836796  20.902467 
52.598196  101.633129  48.636240 
68.512766  125.307571  -1.906613 
14.165440  90.138086  23.902144 
52.857667  115.618510   2.155357 
77.042222  59.674050   3.058412 
 1.325625  71.540940  -26.104948 
 2.747994  88.600552  -28.481502 
37.542186  45.283575  47.437204 
25.165379  60.084919  30.660096 
73.691368  121.294627  -15.801194 
48.041452  110.119038   9.161640 
40.835213  79.748416  36.305337 
45.846183  122.281720   6.725363 
33.236114  54.022990  30.680524 
-3.082524  74.011797  34.603675 
36.314598  98.835614  22.776510 
53.206143  103.653953  36.047936 
-7.428497  60.503306  20.837399 
20.693793  47.861984  33.278996 
56.814272  61.405609  33.048436 
19.166772  66.054945  34.660144 
55.435446  108.513142  20.894088 
51.861039  73.312357  31.327439 
 6.565958  53.305498  -0.669319 
17.532469  69.710774  16.016358 
-1.460186  129.878013  31.944160 
78.071587  113.654997  31.215397 
82.588029  103.885466  -16.102761 
30.601860  114.615254  -11.062895 
37.986394  110.169624  -3.851171 
60.080216  98.471843   7.107252 
11.260578  103.968673   4.277542 
16.153380  89.988800  42.638253 
-7.732716  101.152683  15.491912 
27.502150  79.952584  23.967934 
-20.879879  132.497832   5.377721 
38.000417  106.448343  29.323998 
48.823065  131.836898  38.137476 
66.645076  56.228370  20.586684 
40.626598  113.761534  26.969074 
21.921953  119.477272  -3.553824 
35.104013  94.531258  44.477206 
27.549796  45.507706  40.919736 
38.696322  112.686150  -22.829203 
24.522411  101.272990   3.210979 
52.790783  119.415660  -13.894565 
52.966475  76.067304   6.462221 
66.319194  114.938794   9.405443 
 7.867404  87.842520  41.835055 
13.615562  71.736144   3.427758 
 3.733521  95.958317  -17.327869 
41.956267  101.884559  -28.271291 
 7.334642  45.792214  44.041195 
13.339681  73.093869  31.620236 
73.834951  127.786177  -30.042649 
70.912018  126.691009  27.772839 
45.353649  84.669065   1.470298 
36.978519  118.231682  11.501960 
46.651428  100.330975  11.922935 
18.532445  121.565972  -8.830270 
49.373945  115.822386  -19.818821 
10.570354  89.570428   0.061885 
38.659377  81.914304  10.332248 
23.936917  113.677602   3.541773 
56.159737  92.973426  27.984773 
65.205596  77.026283  -13.751686 
-3.015670  27.938354   1.672173 
-23.329696  108.063764  -11.772674 
 1.748469  29.189481  11.275842 
45.855806  76.761527   9.583491 
57.544974  104.171001  -27.924414 
14.130165  134.452438  37.662072 
36.026552  48.863369  -6.357243 
35.200320  73.783641  16.115279 
25.868860  89.559999  11.380973 
-4.015798  124.864927  -3.431182 
-0.665661  61.738000   2.326892 
68.524497  100.776714  22.820045 
 3.341696  129.916814  48.874302 
79.709136  53.570506  20.951532 
14.629631  104.875169  -12.600981 
49.229628  75.533574  49.701220 
19.999145  53.771153  -10.779195 
 1.612141  36.755187  22.514529 
44.211458  44.143239  38.846637 
63.957398  109.335833  31.798635 
 8.167645  136.999632  32.056744 
 4.386161  59.255804  35.845277 
 6.288055  98.405462  49.014208 
15.877562  59.221413  32.492315 
53.214852  72.233020   0.831294 
40.064920  47.092998   1.547402 
41.022778  89.230448  51.045615 
-19.537897  81.444072  18.062437 
-2.777771  114.126904  22.151144 
40.885742  133.436325  15.932956 
31.179684  94.276555   0.619531 
59.282582  71.112159  47.956480 
-0.383489  44.728561  -9.434520 
51.874613  81.901402  29.270022 
38.646224  76.370950  26.786186 
23.653193  127.402594   3.686609 
-14.083845  93.082051  14.764246 
68.581733  64.357242  32.329925 
 4.266614  73.613801  32.322957 
60.576991  119.700905  -27.815361 
20.142395  65.774361  51.346964 
44.549009  140.797037  24.938155 
-13.056274  57.761210  26.883640 
54.032418  120.659060  -5.031640 
18.923665  62.716041  38.478194 
75.184737  121.374298   7.403256 
-8.256862  85.136173   1.258459 
35.071332  116.343527  17.148304 
43.353445  52.220576  -14.965108 
66.983800  43.168050  17.872810 
67.466204  117.622532  30.565304 
69.122842  97.343711  28.953239 
50.475829  91.765206  17.738723 
72.317242  56.080308  -1.492424 
 0.526941  81.911358  22.747836 
-9.348418  87.275624  34.091834 
32.773099  79.617798  20.728934 
15.702633  81.784929  45.770644 
13.746253  53.741623   6.003492 
36.910978  88.026432   3.705920 
17.371986  40.812060  -8.645821 
-11.169952  85.843075  26.973970 
17.057015  54.824016  37.932646 
 3.969813  108.954693  -15.384552 
-2.797589  58.764495  -22.943010 
 9.140482  81.841277  21.741669 
57.304820  104.355223  26.636729 
-9.687564  96.011170   6.068080 
43.361352  101.052541  35.041228 
74.384911  89.806548  -14.025997 
10.344262  121.965293  11.967904 
-26.494879  75.019855  26.223056 
55.123182  67.737257  -10.784795 
60.899278  91.117972  -17.898678 
53.876245  84.219306  48.053713 
12.104021  119.038836  20.498174 
13.256750  68.310470  -13.593842 
-14.572091  58.130762  32.818495 
-8.708906  124.383915   2.076420 
31.916110  89.967738  34.409573 
-19.230475  89.018452  -11.837317 
-2.959224  87.832260  -10.128860 
-12.922683  124.018306  -7.770999 
56.368549  64.312757  43.984149 
76.902705  94.434964  -2.079493 
-21.049594  109.309214  -3.723965 
32.095316  127.227644   7.816426 
40.730453  114.376167  44.163366 
71.074994  46.907518  23.775484 
37.930424  123.399208  -18.093817 
-10.419143  119.316982   7.953790 
 8.165829  67.383796  37.102997 
46.140586  40.028011  -5.129153 
58.315435  89.527702  35.966991 
66.418970  102.373725   3.873199 
18.020527  89.373331  -4.090084 
60.708045  69.872511   6.830420 
79.188933  71.456395  12.844556 
 5.013905  95.559707  -6.045543 
49.308579  112.850603  28.490810 
 5.741990  67.103977  15.963814 
 4.851056  103.752783  32.025244 
12.973612  69.805584  47.170774 
-13.135589  123.252681  -19.162732 
 1.783804  80.568888  16.274471 
27.295135  81.269972  -7.059136 
-19.323319  105.552557   8.243928 
47.745776  130.121534   7.354447 
 6.064906  74.707959  -8.102322 
 1.147964  48.686342  38.149739 
49.463954  87.539585  -8.211319 
-11.658103  112.132131  -12.733277 
29.938101  139.901008  24.465629 
-5.526672  138.575245   6.622654 
42.347806  124.391931  11.803371 
36.057938  68.856340  -3.835554 
23.145140  65.623452  -28.087185 
14.810623  126.551447  -12.646527 
-0.667302  71.529763  49.835485 
-9.915126  121.766402  18.178835 
23.572331  112.832120  29.907944 
40.521992  86.331560  32.002654 
49.858034  81.564483  35.401513 
 5.697121  124.870491   0.503723 
74.552638  95.355497  45.001085 
57.444993  124.804654  35.320875 
45.871897  102.713763  -11.127012 
20.838175  93.019878   3.504587 
25.322273  105.039505   7.986518 
-9.170562  60.651423  -7.937076 
60.883125  96.397128  22.327326 
36.458296  77.729748  53.648853 
23.907509  137.611855  18.894295 
-10.725384  62.171669  10.623053 
11.430870  95.861801  15.060133 
80.348409  126.961299  -0.987454 
76.548043  124.142915  39.265823 
31.595877  85.579986  45.266588 
10.387943  138.391054  -15.247190 
45.044738  91.526315  -10.503627 
84.467622  77.146057  -8.258320 
49.307362  113.457275  37.743159 
51.151756  64.601939  28.222661 
-2.974542  97.581299  21.821597 
-6.415897  69.842534   8.167201 
60.503152  50.518890  31.307215 
33.416624  117.167969  31.503655 
49.161656  82.008096  -2.560721 
74.169497  45.416216  -9.270194 
15.809216  104.125561  31.902153 
38.689913  114.678633   7.405405 
49.902869  100.521622  23.561013 
76.193092  115.741743  48.797735 
25.712116  78.508198  -14.847092 
66.019217  128.128516  11.240063 
57.938925  71.395890  -5.822125 
26.136856  119.280316  45.798462 
40.268276  127.998971   0.868173 
56.581991  105.906645  -16.612093 
-11.314495  75.400022  12.958157 
 8.005029  51.986621  38.698773 
62.015874  43.670526  24.903224 
64.153807  90.716116  27.051098 
15.014868  117.392528  -0.250950 
13.852691  123.127871  48.633906 
60.010033  60.192862  37.263780 
23.216476  96.514019  47.215849 
59.890185  67.906376  17.152626 
36.522272  86.785521  25.643715 
59.229407  92.244764  55.306018 
17.507571  68.951142  -7.069973 
28.344556  61.858798  35.766288 
24.672855  106.545733  35.662739 
35.676048  106.293679  13.386873 
46.831792  125.182775  -25.237110 
17.405738  49.375988  28.004271 
83.552620  84.688362  14.563876 
 5.342274  92.275390  18.729693 
16.666695  96.826230  21.383428 
40.742400  72.134447  -7.029200 
16.369779  115.673772   4.883732 
46.683991  69.600968  12.445113 
34.750756  54.787090  -21.049391 
-4.529593  66.044721  38.511430 
51.184230  110.489130  42.142449 
23.209193  57.388572  44.315756 
35.463739  101.532329  -12.529184 
56.197436  98.855664  18.581104 
35.755842  45.418999  15.708485 
46.893657  104.583474  19.257144 
52.723265  44.938071  -17.360547 
12.812368  137.539341  -7.694523 
56.998472  110.261437  -11.519525 
24.744491  111.138052  40.571855 
52.505569  105.206078  -0.748433 
-1.013762  97.089345  42.325460 
15.265497  45.978375  16.094944 
 5.585350  88.180779  10.230912 
32.462209  93.149179   7.357820 
 8.249120  64.769046   1.669609 
37.963518  100.027840   1.647578 
47.938856  104.348257  31.488581 
54.757584  138.005647  -8.266981 
62.036483  101.315911  37.745638 
72.554719  83.773095  52.802541 
69.153641  50.345579  38.122915 
42.224001  60.963268  27.846404 
 6.306054  87.514143  26.699862 
32.068285  128.967723  -25.648798 
79.224789  126.096849  12.524199 
67.224881  42.586897  -3.552328 
47.699686  78.984774  14.748034 
13.606827  80.104270  -4.066886 
34.368216  68.636044  23.126444 
27.833314  53.318001  10.627181 
17.465841  106.058583  15.175004 
74.686802  43.798132   3.667707 
29.989667  103.974001  46.912654 
68.779383  91.263332  48.398335 
-0.568151  121.877659  -21.088518 
76.265045  104.733835   5.350332 
55.719499  108.933427   6.393829 
22.469298  97.914150  26.938075 
21.973816  144.955074  10.734561 
 8.232814  90.354274  48.958388 
 9.500926  64.020115  -10.180827 
26.489387  107.442356  -0.313561 
55.698257  106.525794  -6.714030 
66.390945  92.290412  39.859964 
 9.534744  133.687760  42.857003 
30.572845  117.554442  -0.241715 
-11.694636  116.291801  25.902899 
28.063319  66.501658  53.226890 
 6.886391  48.097760  -18.518680 
61.476120  141.959733  -14.811612 
40.833280  99.362096  42.117483 
15.871029  110.135623  23.409276 
63.140644  139.186275   9.201955 
 7.164735  124.882312   5.660599 
68.166850  78.982436  14.493425 
30.107038  93.605133  23.115069 
23.955701  98.321141  -6.375011 
35.876586  114.191854  38.736698 
 0.299753  104.913947  18.552270 
14.939803  82.218185  53.770760 
-6.171010  138.290264  27.576710 
-8.041020  71.620946  22.815091 
 4.293731  50.579055  19.322540 
52.972481  128.042404  18.015367 
-14.925697  45.282221  -5.710515 
67.168681  79.096101  37.291930 
46.168024  50.038754  -21.774829 
53.383879  126.090693  26.107204 
45.782018  72.782918  -3.164187 
 0.638432  60.812874  10.811244 
-26.069776  122.090172  12.404159 
67.180804  115.619713  38.059136 
57.832069  84.196006  41.119201 
64.390215  102.592918  43.044958 
44.945499  74.515908  54.040753 
46.177649  137.213351  -4.557320 
-6.942924  109.159513  -2.937626 
20.000338  60.060014  20.036642 
54.165243  63.072533  -4.057367 
63.527422  83.756909  21.471150 
-5.977256  151.640733  -4.305720 
57.200698  127.122438   9.826497 
64.293821  83.739711   6.326011 
10.508586  61.551708  12.481621 
30.794806  130.731441  43.438096 
56.166279  84.618650  -0.060278 
47.554002  88.592865   9.905543 
 4.425185  105.755601   9.634985 
-9.940155  80.098607  39.477820 
53.872790  82.713045  -16.846901 
-2.671301  66.131889  -14.496143 
55.419773  95.663052  11.893356 
16.868971  58.739225  -20.266518 
36.015262  63.583042  42.235040 
24.852420  137.404489  -10.131599 
 2.107246  76.693767   5.887907 
 2.440678  108.625766  13.958846 
56.339523  75.076563  53.642075 
59.652446  121.866951  14.290987 
-10.826171  97.041831  24.342755 
70.791072  40.275642  31.294404 
27.020288  77.459045  16.853812 
 6.520129  123.331497  -14.798280 
22.666376  69.878164  41.695623 
52.034012  135.575720  -15.310251 
77.508927  75.487529  36.301068 
40.685142  70.431915   7.245433 
47.911675  112.561684  24.431670 
-0.642975  55.929382  49.108259 
33.564311  76.737658  11.687433 
79.534923  76.422682   4.282153 
23.923688  72.984812  12.211682 
74.113244  57.978622   9.882691 
-3.854289  94.184331  48.873844 
76.523764  66.980305  -4.514606 
30.292926  113.737458  10.717925 
-6.853360  147.709768  -14.577421 
17.584671  64.770379  27.496821 
76.185301  91.532940   4.836671 
29.332066  58.144364  48.480447 
46.458260  67.066620  23.592576 
-22.549318  74.535509   7.725253 
48.269398  63.675727   5.124779 
22.049367  122.235835   8.985802 
20.740681  79.395516  29.018885 
12.246989  46.672045   3.177937 
70.221453  62.205143  -25.119746 
11.995972  71.081428  20.832755 
56.374289  115.194486  17.344335 
17.330612  82.136333  24.635522 
46.374597  78.033231  -12.336698 
56.964880  85.714386  -22.922339 
47.366103  46.837396   6.603634 
57.174292  76.640022  38.844739 
41.775187  72.903846  18.149550 
48.068884  96.504267   1.016781 
38.668687  95.675785  31.091902 
29.916767  128.336509  38.832512 
35.793027  83.258454  -16.082520 
61.437125  61.382788  10.641786 
48.519133  78.004968  26.164720 
23.239053  88.023706  33.271753 
-2.231233  76.712318  27.262375 
73.592857  79.594640  30.569971 
64.957185  49.684453  11.920202 
28.627773  127.244038  -15.010219 
73.180255  92.266976  33.147040 
49.366809  69.934046  39.794536 
10.267965  91.290656  -21.459699 
57.706443  83.434070  25.025079 
45.060241  130.044405  33.020265 
13.042944  118.235930  -20.053530 
13.667626  92.447117  35.437556 
51.640526  99.119249  39.198017 
30.827770  58.853403  41.748030 
33.513183  76.469298   4.803267 
29.261936  31.993634  13.247990 
64.051837  104.444246  10.011442 
-0.826845  63.348993  43.442882 
-12.788321  72.679196  -20.029077 
47.433436  63.647636  41.976247 
 2.479988  69.394003  21.119159 
 1.332378  84.628457  -3.734927 
33.517381  91.855713  16.179949 
66.559145  61.056595  -7.139939 
71.221683  105.482389  34.301050 
26.373286  62.601794  -3.671602 
18.827763  98.085996  -0.555841 
39.444751  92.032427  37.482821 
 7.225381  81.556284  44.211121 
58.124825  61.357942  23.009634 
33.260265  123.196240  21.540705 
51.574361  44.787385  15.841140 
11.785122  84.241308  31.123310 
 6.355200  113.100211  23.522779 
48.183060  87.845862  53.954630 
23.065507  101.491786  19.671747 
 2.997656  48.845248   5.926053 
 9.325096  98.176519  45.752040 
59.754440  139.753963  -1.420655 
36.369200  118.023044  -32.164388 
37.936619  69.587977  -13.198997 
69.773693  111.822776  13.447505 
-22.300943  99.602432  21.069905 
-3.361781  136.302403  -9.363373 
 1.255874  74.782389  43.442641 
54.811729  52.536696  21.007107 
-8.078342  107.606094  10.113493 
50.845327  77.131277  44.431069 
20.531279  110.557060  45.810773 
19.825443  88.578909  -9.209525 
65.569668  95.633880   0.217184 
23.700348  130.002789  12.343316 
55.905450  58.881638   3.772910 
37.330907  118.813709  -9.740219 
59.964536  94.446082  -2.945552 
-13.152154  102.336737  38.937659 
80.117922  64.901651  30.860828 
50.964353  48.935404  27.857765 
-6.885422  117.284117  41.761689 
40.488181  108.887588  16.622500 
-4.277751  62.781735  -3.251451 
 0.105356  83.584206  48.573320 
46.372823  116.176364  -2.288094 
57.767210  43.546743   1.481940 
 8.189789  84.288568  -8.516108 
49.916448  97.190086  -2.652774 
61.080774  82.531188  -5.270066 
64.781244  132.113318  -22.547275 
 9.386744  75.738031  49.715318 
33.285199  62.855964  26.629017 
63.819433  113.485553   0.272289 
11.501487  63.365104  -3.223117 
-1.085451  102.919256   3.313514 
71.929738  80.196728  -0.832039 
27.637118  61.928982  10.064111 
67.271373  66.406078  14.510635 
-5.132431  73.356612  -9.332997 
46.866550  62.256506  15.535961 
59.041142  108.245292  -2.365111 
19.882305  55.090647  13.034899 
44.266452  98.417502  47.188228 
 4.815946  50.468778  25.453515 
 3.453577  82.670963  37.129202 
-7.261386  64.173846  31.451337 
 7.747150  75.138637  26.651000 
62.203058  54.373755  -10.593548 
68.858295  106.453444  -14.233363 
24.355302  99.458597  32.363042 
 0.160441  144.728420  13.718647 
56.849722  109.574270  46.935604 
33.764804  137.980462   6.556604 
-4.394482  123.765703  45.066459 
18.909262  121.807376  47.794708 
-12.559444  58.816491   1.543460 
72.098590  103.224168  39.905873 
-20.365978  129.341317  22.039266 
62.529551  68.794082  27.456499 
61.950711  67.726743  41.329828 
25.169369  90.044275  41.897798 
-8.779676  95.876177  -14.598303 
24.772181  122.480645  39.339505 
12.753304  80.472026  36.122336 
72.484787  84.997098  -6.906001 
12.573190  56.746526  43.498426 
41.595152  144.059310  -22.476071 
64.835269  109.734934  -19.418432 
49.101508  90.086881  41.434314 
 6.237235  54.613141  31.113799 
57.267513  57.409560  15.703260 
64.506182  89.432747  32.633887 
50.385490  90.324970  -5.662391 
-12.711896  98.171449  -0.174677 
-4.562778  87.696050  11.822466 
25.265580  115.894804  25.595337 
44.319624  67.216010   0.081917 
26.313676  56.033739  -13.484024 
53.629885  61.093639  49.206700 
-1.940915  94.285575  -2.056147 
40.032914  92.599243   8.072182 
41.926622  96.835331  17.008428 
-1.137830  94.241743  37.101464 
-1.318940  46.342233  -2.482995 
65.801220  79.642959  41.956284 
66.234327  119.935613  20.586757 
-14.173528  65.389597  17.494770 
37.408720  78.139830   0.694015 
14.120633  134.532597   5.193271 
-21.316681  99.139172  30.675936 
 1.541578  146.977761  29.439636 
45.630388  75.495289   4.310829 
45.318794  144.187911   2.901402 
-1.952928  87.276165  -19.976041 
29.797426  39.217213  -5.637892 
28.733849  100.818872  41.271307 
53.020373  61.118430   9.340886 
27.424493  103.086503  50.494798 
34.964310  105.721299   6.668603 
41.336396  46.031226  26.524708 
67.204213  71.295368   0.670458 
78.958846  99.952129  -8.527575 
72.749605  83.545074  24.604563 
-8.045564  80.365501  -4.416145 
36.723904  58.512979  -2.399513 
10.640976  134.054452  10.476813 
39.673909  79.855522  48.048348 
60.418816  114.730673  36.022580 
 9.634424  77.524129  -21.596522 
26.751355  111.431422  -14.689206 
-11.762758  76.107363  -31.974703 
35.365484  140.589550  -6.073493 
-3.632674  111.202968  48.220928 
13.336170  55.300266  23.304074 
66.760495  98.980508  -8.972497 
81.440291  69.529079  43.088668 
22.526941  53.597788  -5.724445 
-21.396853  86.919970  35.873747 
-5.251506  121.424843  -14.253202 
62.019252  71.164743  -3.683187 
16.717727  66.481638   9.656022 
62.571681  76.550475  10.889395 
73.297073  105.821696  27.330968 
87.980858  76.845708  27.694214 
 1.326218  128.054547  16.415512 
-13.827544  76.008138  44.809499 
-14.831972  113.681505  35.926190 
-10.895858  84.576881  21.648002 
 1.084004  71.940334  -19.273664 
 8.693245  99.950794  27.328865 
21.506430  129.758610  24.206132 
63.604865  84.762035   1.997705 
23.360257  133.207582  -19.361496 
19.251777  104.509308  54.286035 
11.682327  113.204350  -8.666521 
28.965373  129.870451  -4.950251 
 0.190757  75.607763   0.418704 
28.337542  116.653234  35.445546 
26.415809  128.017777  29.034866 
69.644676  128.830505   3.469041 
53.368605  136.171255  29.506793 
76.658071  111.706345  -0.753162 
56.108751  88.800266   8.609513 
81.162637  93.656944  24.769699 
 9.425169  76.756999  15.085251 
-11.575426  49.076839  -26.500247 
29.041184  63.992898  -8.992017 
46.815479  127.058477  44.723764 
61.462705  68.003856  -19.014469 
42.918753  83.158384  41.609110 
76.241201  89.023724  38.788147 
-20.011659  125.837882  31.733921 
13.284790  106.813965  37.071155 
47.225269  109.413604  -6.857878 
 5.498163  114.991640  28.053011 
-9.258155  45.274942   4.408193 
-0.483811  102.290359  -11.458585 
45.210063  65.487434  51.597039 
80.177427  100.946789  11.661072 
76.946962  40.597608  11.498623 
-5.322516  88.255798  18.617246 
54.964643  115.434726  11.376983 
13.528658  101.194045  -19.379393 
32.816428  56.508470  19.341001 
43.570730  87.890768  -16.075931 
-1.672012  94.812206  27.129821 
62.352427  121.592494  -11.281687 
-5.308966  80.703324  -14.150340 
67.865531  72.178099  20.119506 
57.282249  92.383066  44.949092 
 0.595417  110.956718  34.037630 
68.146396  80.977554  -19.391931 
44.006083  68.070835  35.198462 
62.237509  61.094316  51.403644 
44.221438  116.121947  20.261741 
23.974224  142.169455  -0.103878 
48.992263  77.328283  -7.741014 
32.424093  84.682054  29.277116 
28.625690  73.873544  -2.249138 
20.908052  43.178019   8.899696 
23.844216  109.562265  20.516880 
29.027899  87.561553  49.250276 
14.001836  112.832038  28.750079 
10.159064  103.312547  17.393434 
 7.800530  61.326297  -16.074788 
-26.785805  131.130718  -9.453904 
28.030204  100.871795  12.736665 
56.573614  115.244065  39.678210 
-6.301174  102.194925  34.460347 
45.760046  101.037460   7.463293 
13.551222  56.920527  48.628419 
-7.491243  41.531821  -18.388079 
12.468802  59.481136  18.473804 
53.164468  138.933885  15.124429 
 1.454427  121.834826   9.893633 
14.273363  41.241105  36.463027 
69.016322  83.765059  45.413152 
 5.503007  118.164200  41.275215 
 0.850014  49.935550  30.788167 
63.809712  113.618745  -7.557919 
31.260856  93.938369  54.516162 
20.947993  134.047433  43.801700 
15.934689  70.963096  -1.657627 
-1.524041  117.853095  15.109670 
-7.861890  102.091992  48.642316 
45.851878  64.634265  -10.032290 
82.700558  81.800118  42.552431 
-25.996331  69.590104  -14.291142 
-16.312288  59.310128  -19.777628 
58.468126  129.564249   2.913393 
31.526753  112.468543  43.295834 
47.799170  119.157313  15.330251 
24.416787  67.296492  22.656756 
 6.826149  80.238161  -14.618478 
 9.610439  63.859025  25.895140 
19.999741  83.237690  49.055063 
25.280348  97.030889  -24.541036 
42.227146  126.654404  -12.013877 
38.297455  56.588889   5.794506 
39.392607  100.629221  -8.578707 
 4.010172  134.530330  -3.886252 
 6.211944  114.013606  -2.803589 
34.676246  64.567556  13.861709 
-12.416044  78.489158  30.605872 
 0.069619  74.889599  10.998975 
62.356409  111.197379  26.769774 
20.598900  73.006998  -10.515547 
42.180104  102.330686  -5.107070 
 9.892006  90.012921  -12.233379 
30.842015  114.075946   4.938226 
35.316851  127.503122  48.600230 
31.737126  104.621647  26.549350 
28.894972  118.701839  -6.366470 
17.732072  106.007714  49.862380 
-0.384768  60.419217  16.408900 
-15.593899  111.765618  15.814491 
16.655191  101.721880  43.251793 
23.011976  106.809237  -10.153912 
26.117672  72.029736  47.560141 
34.241490  64.671916  -17.073196 
26.692654  119.468834  -21.827947 
34.385099  150.503100  18.995601 
25.306555  48.676746  16.828142 
48.649452  81.203131  19.093594 
 7.186412  97.792748  38.796371 
60.843557  58.501073  27.994551 
23.944439  90.245345  16.698674 
58.370062  118.902727  43.489545 
41.928113  102.539345  53.716377 
30.870781  38.962874  21.675666 
54.771242  97.227448   4.211293 
-11.390041  90.510531  39.036018 
-11.259723  107.286951  29.800134 
18.020827  71.359907  25.626471 
-6.041821  57.012111   6.270174 
31.966950  52.058331  37.909761 
20.215530  119.995532  53.815343 
19.489243  83.181270  13.909044 
15.787285  112.346127  40.872008 
66.935879  125.912691  33.803254 
 3.499098  126.755332  43.273961 
34.697641  66.499212  47.104378 
30.937201  89.905443  -15.274525 
-2.572967  107.268814  -25.060894 
12.342699  133.074095  16.633452 
82.322711  118.168321  21.970564 
32.986561  118.363933  26.061810 
25.424346  70.430979  18.920817 
57.241127  72.497113  23.281022 
36.975530  64.693455  32.346426 
-10.011456  95.024325  30.760573 
65.784527  135.920588  17.005823 
61.002872  33.979027   9.814026 
27.258998  97.383181  -11.879237 
54.560464  41.786979  -10.605791 
55.450225  97.841361  -8.783235 
50.827902  91.503668  31.142282 
49.005942  126.429163  22.645682 
41.028291  90.988084  -2.493558 
21.333157  118.719837  -16.974715 
45.062265  112.788903  -12.904814 
25.142774  119.858910  15.519777 
-6.790405  120.724679  29.704985 
-4.568598  56.938406  36.009162 
59.667578  89.679664  16.601043 
13.330530  40.139258  22.508626 
58.521899  118.132052   5.647033 
16.739791  122.075514  25.285439 
78.943653  66.234078  -18.975266 
68.326478  119.746084  44.509929 
20.699599  113.595622  10.933677 
 7.840783  131.524617  22.607185 
28.974041  45.667800  28.308457 
50.939597  38.542853  22.246569 
-10.944614  72.550132  35.507459 
-11.636581  110.759781   2.135721 
47.371810  54.688475   0.767994 
39.418199  128.913405  25.525376 
68.764039  74.452299  49.081861 
26.521857  39.186391  36.046605 
72.143747  113.132328  23.043717 
55.215176  110.815483  32.445109 
60.622747  112.186788  49.297741 
55.754972  72.166471  12.476091 
52.632179  36.482793  32.847748 
48.525421  121.893154  -7.978627 
30.304669  141.629033  30.088334 
44.434029  58.503819  10.723783 
 7.756769  65.128939   7.021518 
15.788400  122.102332  41.106497 
 0.322115  79.408485  40.071070 
39.130661  85.763295  -5.243418 
21.811647  102.009374  -16.746428 
33.791282  43.353149  33.698482 
81.377055  129.749192  -20.199509 
 4.433061  133.312814  -20.065062 
 9.488254  110.737038  18.880746 
-7.725309  54.332033  14.375031 
 5.771356  63.424815  30.725469 
36.548492  139.903098  36.257491 
41.499064  126.626355  20.063362 
-19.117542  73.202864  -6.481534 
47.083433  72.083675  -16.302780 
71.070229  61.792751  48.494361 
12.481072  118.103530  15.971419 
39.700787  60.039514  37.855547 
27.352528  85.866035   6.043230 
41.805936  90.675981  27.020950 
39.324609  51.795581  11.550135 
54.386455  69.592498  35.873747 
-17.068096  52.572229  21.263609 
11.040602  77.707927  10.338734 
23.563454  42.464885  -18.438579 
10.743465  53.444991  -5.306703 
24.420794  64.179392  -17.968224 
37.556463  139.136525  -14.771486 
-8.865638  98.665291  -7.783761 
-5.473786  66.261348  28.251580 
47.477962  106.638830   3.695336 
45.254450  54.950751  22.626962 
42.143876  52.769393  43.363304 
71.013667  87.718441  18.384226 
43.864465  79.048888  22.455511 
 3.961683  144.439121   2.343529 
92.157212  93.761986   6.770415 
17.778931  81.780649  19.337203 
45.270183  87.891979  46.372133 
71.595657  112.897074  -24.058308 
61.906745  67.244960   2.612579 
53.541030  85.297656   4.100290 
 1.058928  96.483427  12.822919 
32.818569  126.615514   0.853514 
 1.666759  114.948265   4.532680 
36.230210  107.328690   0.915038 
32.336775  127.299928  15.883152 
40.861590  142.744212  11.209652 
78.206158  82.668589  -24.236445 
 6.835356  123.527833  28.045430 
34.877315  85.781881  14.529610 
38.133294  75.833053  41.166453 
72.735083  64.087794  25.035356 
36.273676  86.536948  19.969760 
21.341085  105.984056  25.325048 
-17.531691  91.160015  -4.408138 
21.563110  46.657882  22.589863 
39.926099  48.651600  33.238289 
57.166636  105.389923  14.555439 
11.675850  43.563860  30.105463 
10.328065  41.564614  -25.454763 
20.518889  144.820473  34.884080 
 3.638859  93.787374  32.895760 
 1.303206  95.913054   6.372949 
76.355924  51.759817  34.093372 
14.261118  77.037428   6.348138 
55.377275  47.712876  10.160087 
46.963100  53.199704  33.727821 
20.750459  122.713715  20.223453 
30.824862  98.737370  29.085735 
36.438815  99.309013  11.382347 
75.832422  65.940932  -11.065032 
51.319275  66.903357  18.543801 
16.926708  66.594500  43.744545 
-15.552162  72.865780  -0.452477 
-12.916353  48.887890  -1.126057 
 1.402383  70.689047  -4.420448 
31.362401  88.920752  -3.608590 
18.487605  109.793330  -4.288770 
79.069407  111.796435  16.714519 
67.732492  129.005961  -8.057032 
81.501801  97.472899  32.454950 
30.227355  111.156368  54.043595 
14.153397  147.033520  25.285555 
66.749631  89.978552  -29.158363 
-7.634670  105.835801  43.394040 
30.437539  128.298838  34.067518 
35.548934  100.673270  37.961125 
48.891037  120.390532  30.664481 
-22.535615  58.567393   9.703237 
35.881873  48.086281  22.489532 
26.059756  57.241832  24.505106 
29.653620  106.283606  -6.593402 
33.292064  91.506702  -9.320941 
44.320560  88.821332  14.584863 
11.547654  111.332551   9.981563 
51.204521  52.303411  -3.894558 
 1.049176  61.260040  24.258677 
-15.710528  69.968232  38.006012 
20.245200  59.661411   5.830203 
52.051744  99.708061  43.586955 
48.552283  107.764402  14.376813 
71.645372  63.942326  37.863861 
-13.422856  108.541699  21.722801 
61.690281  89.160280  -12.784201 
36.935058  63.574281   1.594235 
-15.993691  115.224774  43.108153 
65.368073  72.167026  34.277306 
27.064083  61.160199  15.721630 
-27.736162  62.529701   0.336280 
36.672773  49.512752  -10.953259 
50.424962  89.196162  23.219988 
59.532808  123.072599  -18.060348 
23.965902  88.360581  21.593718 
61.017701  52.741613  43.509635 
25.584767  78.107999  44.222542 
40.675625  109.587317  41.959982 
32.556956  100.234619  -3.707878 
37.360136  103.340125  49.722965 
-16.305087  73.945810  26.085466 
-12.166516  45.324228  11.349246 
68.974335  105.855713  -3.938826 
29.701586  74.119360  40.304429 
66.577610  110.357304  18.489660 
 6.248460  102.447967  -0.972587 
20.705495  60.294706   0.596514 
39.490524  82.028012  -10.009605 
 9.424970  117.476588  34.437253 
58.485442  88.279596  50.577082 
14.099322  75.724104  40.199094 
32.763816  43.541545  43.362341 
-9.643389  72.863294   3.687356 
56.160639  83.256244  14.142459 
24.920161  111.346362  15.713203 
38.675833  63.078210  31.703020 
79.993976  52.175832  -0.377370 
47.936037  84.009910  48.091878 
16.716319  116.939120  14.343846 
21.915874  68.038757  -11.129699 
66.107806  48.520802  17.373106 
 0.731576  63.011734  16.949807 
44.644069  123.093969  33.398103 
 0.362856  61.315919  36.490944 
47.327274  114.989448  50.472423 
38.682579  104.737379  -16.378139 
46.900297  52.627050  -17.084900 
17.159815  90.249589  42.044815 
38.754352  67.392615   0.248660 
30.859226  61.764810  27.182137 
25.998201  48.594829  -10.897519 
62.150454  101.149118  25.257944 
 9.285069  55.775373  -12.994506 
 6.436812  89.177897  48.483059 
59.617295  129.097318  -4.977128 
21.332398  103.976128  53.643521 
49.308422  134.421847  -2.774127 
16.616053  85.018721  33.202414 
38.250215  54.781057  -15.925300 
-6.023928  95.965628  16.184054 
15.886693  80.640815  51.540548 
37.378225  49.848591  40.348275 
-2.914650  107.406509  37.563028 
29.730175  100.348414  20.265647 
44.985203  46.214293  -27.929723 
-10.595044  107.746578  20.701561 
 6.908964  110.962700  -17.168919 
34.048589  81.660182  28.245762 
15.451495  99.959665   4.398158 
 9.065183  56.223886  17.350828 
56.440611  91.247004   6.617746 
 7.950865  64.777764  31.210151 
62.633418  123.563381  34.126833 
-6.659140  92.742975  30.413676 
49.886695  36.114745  28.348719 
47.795315  83.980537   1.752974 
-17.059560  58.054099  27.560243 
42.709812  73.169601  13.313137 
49.690540  34.780201  38.321669 
13.660726  109.033396  14.199758 
49.377437  104.051295  29.793829 
36.561342  134.674090  28.413899 
51.143959  124.788767  15.013847 
57.240634  121.502371  23.820890 
16.181809  116.339197   5.697553 
-16.718219  74.260720  -11.100533 
14.570392  112.778160  -1.110303 
58.036743  112.510940  32.166574 
58.557530  73.432418  -17.688051 
 3.185526  65.511852   5.099182 
48.942068  106.693402   3.341680 
-1.720603  41.978916  -1.562680 
25.984661  64.776322  20.419596 
 5.227202  64.305944  41.480751 
-6.889588  90.501412  36.185449 
11.170166  81.994803  44.139684 
12.846131  86.754061   8.106038 
18.699242  79.585248  -9.108468 
39.449264  100.235191  46.938520 
52.841968  93.339377  -23.380550 
-16.265858  128.933259  -15.744717 
 7.611365  84.575618  54.010990 
68.017636  114.983158  18.993086 
37.462094  59.099321   4.055491 
35.734833  44.287247  -4.739085 
32.351842  61.864765  -23.145424 
68.304910  73.291216  36.682745 
16.776572  77.486723  -1.088594 
-15.715461  50.242314   9.927013 
61.793428  86.314086  32.061043 
53.673871  93.264814  18.359298 
65.487535  58.260309  -2.691089 
86.846977  67.961223  16.574026 
57.450865  101.728281  34.767311 
19.296045  50.437655  -16.770004 
12.262482  110.346153  40.650722 
69.279931  47.661831  -10.765375 
33.182802  93.521342  15.498891 
-11.419783  63.712675  10.438896 
60.044609  99.969013  -9.461766 
65.996204  99.882547  14.328956 
24.494427  120.663117  22.795540 
17.340224  91.034665  -5.094725 
43.282116  135.227685  -27.375864 
52.527134  74.013353  53.617421 
50.475471  128.904425  32.548300 
54.390796  116.155071  -30.282196 
57.045520  118.016434  19.583038 
56.073689  85.623044  54.155885 
62.242717  114.656993  14.775505 
31.649912  101.978253  25.547984 
23.631936  82.998588  10.049508 
53.296941  105.046588  21.188334 
49.565625  90.449552  26.842104 
71.421845  81.696318  -25.077962 
51.209439  99.239362   7.750766 
26.919576  87.368776  16.233820 
47.226037  103.298983  41.210657 
68.563299  94.972517  -13.202403 
58.579616  71.174608  19.213020 
26.140244  111.325995  20.640567 
57.451084  114.206505   9.193415 
-13.490840  108.641111   0.877783 
-15.479456  90.732428  25.136161 
18.302123  34.461429  11.412213 
40.326200  139.605997  34.452900 
62.196352  103.390145   8.222608 
19.402039  97.665164  -1.079803 
-12.967158  123.553512   0.405130 
55.944353  104.769277  12.058086 
17.292324  115.901968  -9.375575 
57.230188  111.693819  -9.777551 
-16.213956  100.991397   7.325935 
 7.462481  47.092638  49.736339 
 7.111962  140.019901   6.577159 
51.310347  63.297064  12.776353 
30.845889  76.173204  37.116274 
48.831804  134.977851  17.157647 
28.616810  54.218645  -18.262187 
58.904123  65.477449  -4.686225 
30.032585  75.345372  -9.200390 
14.563893  118.602139  19.300513 
67.649860  61.675216  41.127376 
34.900342  115.194550  15.152185 
 7.375314  69.359451  35.853156 
35.490720  100.750633   8.462377 
55.080273  143.596788  -4.358470 
59.156224  62.555914  22.344601 
72.533678  57.615871   7.518887 
28.176821  116.654002  53.355419 
37.237955  99.813712  -8.130330 
73.094122  48.359410  38.160791 
58.063751  99.069804   4.368928 
52.392349  99.256727  16.873352 
32.270414  47.401934   6.949306 
36.274480  76.473595  43.004580 
 9.879646  118.222900  37.996724 
60.303219  130.015937  20.792409 
65.421674  115.716950  29.506972 
-12.985813  50.785618   4.482466 
58.396666  56.115480   7.526628 
33.254788  133.596101   7.649781 
67.307508  107.264230  -15.362443 
78.178150  124.997182  18.602391 
39.227027  98.330341   3.259949 
55.292334  140.053724  24.438367 
45.440673  81.352629  10.850222 
-14.680142  109.898099  -5.030484 
75.317384  112.244503  31.357455 
-7.103526  111.716951  30.656530 
-6.127805  138.319236  37.631724 
-4.829036  124.294280   2.487785 
37.961276  103.865051  18.734483 
62.878186  114.605356  -0.398865 
19.092127  76.758085  41.171753 
-3.278412  82.662328  24.255561 
75.024013  114.423727  -1.671779 
76.517955  104.169043  16.820106 
-16.415375  115.403245  13.417867 
53.861191  94.492425  31.712533 
16.695966  125.425897   7.995496 
69.233383  126.735027   7.306942 
79.768535  54.927127  34.787739 
-1.218515  88.865889  40.951680 
46.890993  66.970956  -10.057745 
35.927405  113.770240  48.363185 
26.442373  94.578553  25.046165 
 3.538902  69.298897  -26.373526 
79.030145  42.930548  26.127765 
37.003369  91.057798   5.009682 
42.048785  89.615070  13.892328 
43.387291  123.917979  27.762656 
-19.830169  121.356630  -9.933351 
32.290149  32.932209  37.622567 
 4.055580  98.299066  14.889702 
34.205290  138.676315  20.954506 
66.424585  69.168268  25.573192 
64.660645  94.260752  21.161776 
46.028441  67.807790  42.052288 
38.858551  88.831917  41.810915 
69.243960  87.002821  47.213829 
30.289992  61.339837  35.703372 
53.386254  73.681082  -10.901853 
48.656133  67.906747   8.705747 
27.149894  108.358000  33.077514 
70.592223  80.434474  13.553184 
22.146927  105.908825  -8.365978 
26.269353  121.532626  40.218243 
56.722415  54.442116  12.268318 
35.365678  136.403756  -16.824526 
23.184207  44.580004  -27.219867 
30.254835  70.544523  30.525771 
90.268432  89.090384  31.702541 
79.567373  45.039207  -15.981741 
35.673126  84.120038  -15.902431 
12.707417  73.445577   8.002089 
12.606566  102.977277  17.487718 
60.424229  63.490546  16.195460 
 6.272511  112.222182   4.130254 
32.823342  134.467993  -10.570263 
18.325296  83.006553   2.646062 
43.118019  47.044103  36.055194 
49.838726  78.359330  -15.075724 
64.023258  103.854439  -3.866719 
14.468671  97.663835  25.867516 
38.663978  71.207568  18.579885 
10.684497  73.229580  42.282360 
22.959630  64.559048  -17.824448 
32.550802  92.778436  54.093696 
54.194069  43.583097  15.245718 
13.788214  54.683398  38.893894 
57.486128  110.295526  43.695663 
-0.041115  132.828159  -4.149794 
47.232966  115.973988   5.151577 
23.140981  57.069582  25.015632 
60.912910  81.746863  -20.861705 
82.311335  92.251243  -3.826479 
87.168875  104.672003   6.930560 
-11.221501  62.145772   4.323339 
 8.168638  62.133645  -20.240896 
62.318580  89.224097  25.246399 
13.071291  128.714838  24.824310 
41.666758  93.750953  -2.401243 
14.168612  59.560591  21.867629 
42.205129  94.969164  18.304423 
11.917662  41.400466  -2.289432 
31.379008  56.282445  43.499573 
37.323877  76.445443  32.459655 
57.434618  119.359515  34.076808 
 2.131042  101.323601  43.388358 
20.987161  67.991186   3.352193 
 7.300478  125.239644   8.928320 
24.322682  77.501341  25.742633 
56.933755  104.003840  -0.005825 
-2.444864  73.157806  18.835303 
12.571544  91.859202  18.657540 
47.832733  110.086236  10.555963 
 3.439082  72.898433  24.846751 
17.255848  71.866132  36.626048 
16.454197  86.889579  28.663993 
18.659482  92.772929  -18.282517 
22.683054  82.434383  36.861339 
54.171908  43.340025   1.333099 
 2.398272  65.444953  -9.781254 
 3.975583  137.915317  30.496084 
78.081917  63.678179  23.920735 
25.192560  62.622796  43.268820 
11.547013  66.093112  -3.861761 
-7.518929  106.777059  14.728693 
39.309585  48.580767  18.871220 
25.847929  67.391114  -1.847705 
16.775469  93.653552  14.602420 
75.919005  115.626414  39.910857 
56.487514  87.847521  -14.408283 
48.672056  69.357934   3.751704 
34.304151  124.930073  11.260280 
13.639408  65.346009  13.848386 
23.241175  88.421852   1.003061 
-15.203735  129.935881  18.752274 
 0.036303  68.160439  43.855784 
45.434433  37.438809   7.566833 
22.972704  57.496770  -5.902160 
63.255994  64.850220   3.470517 
-3.349575  98.912566   9.238982 
54.202952  118.299343  -21.204941 
26.574624  108.956007  50.126055 
72.919196  113.199278   6.158022 
28.619964  137.950253  14.442570 
-6.993056  97.710879  -6.173718 
69.043126  91.500549  35.843216 
54.794525  124.376766  27.830433 
-16.793968  85.632344  -15.267766 
 9.420269  89.469576  39.195305 
64.686233  64.593006  31.195334 
23.617549  45.346467   2.305166 
84.744780  117.615328  -4.129690 
44.147353  52.392433  28.131042 
-4.540289  93.088568  25.189750 
29.392420  79.778969  -14.266390 
12.937845  82.497664  -4.066945 
-10.771597  89.903018  -20.956343 
36.320621  44.990812  -21.129732 
64.332855  74.355497  -11.496068 
-2.073142  137.833078  43.308984 
47.747676  109.968892  43.479754 
74.937735  88.487238  17.782689 
40.434782  108.805605   4.262888 
 8.250521  100.463049  38.857620 
21.853017  98.133075  43.230698 
 7.443295  102.913555  -4.450789 
44.094104  56.027393  21.672592 
32.845394  127.482359  24.749201 
26.140332  46.106718  19.084847 
31.094437  46.656142  13.056913 
42.751405  76.610848  47.836027 
 2.883955  69.414713  -1.629837 
63.908428  70.017634  41.818451 
-0.264228  111.056022  43.477408 
 6.356021  97.796450  22.914112 
 5.167710  77.610551  -20.345469 
19.496450  104.044128  37.245603 
-9.541291  38.909088  13.343922 
38.171234  102.101869  31.998618 
21.416502  66.518747  13.988918 
29.985951  121.132209  -8.962643 
11.955760  81.637203  15.658224 
69.530989  124.172299  44.487106 
36.102040  118.854598  38.384284 
46.857459  65.244679  17.475078 
-16.205642  67.123944  -19.956772 
31.148444  86.920978  11.984140 
 1.342825  41.303532  -8.700390 
54.044148  128.306670  39.438562 
32.340649  109.777452  -2.583533 
-24.524413  86.292095  11.732917 
43.387861  90.876241  -10.146832 
51.404735  51.405446  -11.192344 
 0.386480  41.755154  -15.552526 
22.537091  127.315429  28.190448 
30.790633  69.751735  16.905264 
30.679476  97.206191  48.966122 
25.977350  97.036585  -20.824576 
-12.753317  76.116122  14.678377 
-20.340163  99.419722  14.485404 
21.000395  96.948308  35.029776 
38.275399  61.147660  48.825010 
31.148462  115.892820  18.939444 
17.365394  120.903739   0.379906 
41.694454  59.685493  37.261824 
38.527940  69.234371  -9.080293 
22.772413  123.920788  16.740848 
-0.099740  135.349780  -12.728270 
 8.745229  62.273839  47.624561 
50.454195  92.652040  47.472280 
 7.105025  102.995198  48.896489 
-18.083456  64.183112  -7.227769 
79.424859  37.888760   5.696917 
20.975066  62.707823  -30.352964 
55.255574  74.416885   1.964582 
36.487837  125.445820  41.731466 
51.420219  139.719341  33.506420 
67.172080  82.697950   6.794711 
-0.386402  133.533227  21.770521 
21.503125  97.086280  49.241759 
42.031584  127.242879  -6.509218 
26.052694  48.145876  30.315487 
13.311751  44.300417  19.240041 
61.223203  65.755301   8.927490 
63.298430  65.373127  53.619129 
63.029628  61.647762  35.259246 
57.384909  98.170991  44.187292 
74.745572  70.164355  -5.659717 
54.470247  94.872632  24.219822 
-10.709833  64.389213  32.606311 
 9.850259  94.859034  33.732337 
-12.396747  81.251173  -5.433945 
23.173657  132.771831  48.960139 
12.942745  80.422627   4.602139 
57.220252  77.491958   6.509225 
48.113326  89.749551  21.091122 
36.217695  59.583882  19.346023 
34.582748  53.048342  31.288022 
64.568445  47.203671  26.761252 
18.370326  98.513454  21.225249 
79.362367  129.552010  -14.685088 
60.479305  98.027444  30.119010 
75.419927  101.955532  -9.693898 
46.751770  119.251438  10.457109 
-17.821502  107.583383  27.773746 
36.775654  130.435216   3.257329 
 9.672404  68.627426  21.140455 
29.549722  111.639729  27.707439 
40.991350  115.603275  -5.577564 
53.196261  61.268584  -5.213539 
31.012535  110.148075   5.746970 
34.111159  118.976894  -29.536284 
-3.874969  102.077558  -25.238066 
19.841080  115.950411  -15.726114 
21.437900  67.409495  26.028189 
63.068431  51.573981  48.738705 
-0.922198  86.580379  -7.439933 
66.731254  109.917392  36.720666 
76.181028  127.472337  10.679904 
20.198705  106.513912  -4.167877 
-5.334023  107.308400  -9.462857 
32.204338  92.043122  -0.539444 
41.332498  95.229641  23.568691 
11.821320  110.030189  33.676361 
51.729588  112.692875  30.326930 
 0.975117  107.363335  25.375577 
37.245136  33.728362  17.598831 
 2.232904  39.352104  30.259144 
62.551366  131.890248  -13.779730 
30.921209  98.619751  37.182553 
-18.440791  56.404642  -15.015904 
62.647509  71.526014  -2.588931 
11.766745  116.767577  51.968687 
66.240098  58.411957  45.627538 
-15.798884  75.432088   6.533148 
 3.645133  106.041587  19.991261 
27.497493  106.482724  12.196168 
71.249038  83.782697  40.797505 
34.409285  48.572575  24.309010 
-6.462427  72.457319  24.524817 
55.025991  73.511739  -8.357205 
67.874147  111.133705  -7.517869 
33.698871  77.792345  12.260771 
72.901589  66.256112   0.423870 
-7.322907  85.390934  18.394874 
52.411805  61.117002  50.116246 
-5.564068  80.326974  41.283173 
-0.209868  150.477354  -1.445702 
15.095621  67.508962  17.823579 
 3.214107  115.779140  27.549211 
46.849034  91.199587  43.306316 
 2.606274  59.935200  50.316285 
-6.341899  60.844565  -13.450484 
12.377515  116.931948  45.891120 
 3.146149  91.750396  -19.991711 
20.411392  113.761190  25.902743 
39.245777  114.253671  41.970871 
33.812801  84.371359  41.225136 
50.307568  92.147192  -8.103045 
10.209704  85.383802  -10.580260 
44.721317  54.962950  15.021993 
-23.493120  53.884601   0.159543 
44.726663  149.288116  11.094167 
32.354832  69.897895  12.649312 
44.977943  100.199566  -19.570436 
16.816243  61.652557  -14.347480 
14.985321  50.051217  29.514864 
23.197895  99.074830  15.002683 
-9.826863  55.660406  -1.591115 
57.583398  119.253085  44.214119 
10.196319  96.437737   0.590009 
71.181975  62.643350  48.402168 
-9.791393  89.777241  11.896843 
20.838165  57.527295  10.378023 
56.606189  52.720985  42.544069 
79.042311  80.744242  -10.317988 
19.502915  58.970643   0.258543 
55.135358  98.069524  -2.839192 
48.170680  119.790456  39.341495 
21.116206  78.419145  16.051062 
33.221218  100.483196  -13.093055 
29.587619  117.377040  -20.858724 
19.449531  115.508568  -21.179977 
34.686910  57.663718  -9.088717 
26.061657  97.869292  -5.013351 
44.464094  117.266951  46.178107 
-17.062949  51.625596  34.299078 
19.925614  69.354972  -5.935701 
 4.236621  90.175160  18.588041 
11.058366  77.089891  33.762430 
11.671840  108.975755  22.615521 
28.833721  56.378983   4.464515 
57.549864  72.736567  25.056293 
-4.805948  131.656021  32.052370 
53.533154  120.246227  -5.723792 
-4.221139  74.421571  -9.687569 
-9.010512  65.206384  26.769696 
 8.293949  121.960393  31.391047 
38.344321  44.824758   1.391733 
33.509217  108.565785  -7.322014 
67.160392  104.550510  28.950074 
-17.738739  84.306205  19.999375 
81.559525  82.496304  23.615250 
50.970616  46.060130  22.282334 
 7.367237  52.983482  11.374767 
37.701297  63.778063  24.125716 
 9.081320  128.164055  42.180815 
56.960305  65.882562  45.639239 
54.684217  111.810484  -4.730998 
11.479578  71.123500  -10.971630 
47.146757  95.994154   1.669491 
41.997801  100.812507  35.771843 
44.413336  77.761737   5.492280 
 9.159083  74.404981   0.209840 
61.934736  142.039155  -20.859819 
64.918712  91.526840  12.047313 
74.226846  42.516770  32.267586 
64.520990  64.873218  -10.815001 
41.040019  72.713832  26.398102 
45.293164  131.319849  22.318576 
64.767696  45.484787   6.658571 
28.727352  132.000745  -24.370621 
36.660287  84.683200  -4.723541 
30.703677  30.416861  -17.039210 
-10.461560  61.637708  15.742929 
11.797718  87.086906  -26.116656 
-11.617408  61.781936  37.783245 
33.122020  65.410341  -12.840725 
55.110077  55.043211  17.949646 
-0.262266  80.744494  35.249131 
53.998784  107.587006  25.580610 
53.681890  126.754936  11.277613 
35.914444  74.728270   0.911244 
71.191254  125.569978  23.028533 
 9.376527  75.047844  27.374081 
-2.983051  101.387726  31.723088 
76.591417  130.186034   1.671595 
 9.175074  82.058980  38.426852 
-0.940667  103.964583  -1.953537 
62.073717  104.615298  17.869781 
69.836427  79.036126  22.737156 
44.415637  81.082922  15.909444 
 3.557880  116.387283  -1.248800 
23.725063  71.019853  10.037117 
69.850392  103.552298   4.779711 
31.201418  71.583334  23.414542 
 2.123762  124.349865  45.832213 
-23.829069  118.674722  21.550300 
25.585431  47.443574  44.174490 
14.611922  72.926419  29.325382 
43.990553  129.224707  43.256624 
-15.459692  100.059254  35.843355 
31.842292  94.637300  45.355963 
 2.363911  80.734646  16.016738 
-3.287445  121.756151  -12.392582 
68.349721  74.147578   4.429762 
36.478146  89.561814  30.997695 
63.512147  118.234902  -16.110361 
-11.152505  37.402913   3.042656 
-10.929408  113.570551  -15.040990 
64.683867  126.262288  16.195129 
19.617287  46.351692  24.262495 
-6.327608  52.773489  32.708887 
27.199650  124.085387   6.287630 
37.691950  119.427985   5.483858 
63.387905  120.489023  10.194240 
13.925155  56.700719  -8.029932 
-4.485764  52.000897  25.790563 
66.650348  43.097208  -3.407556 
37.147947  45.696605  46.901075 
21.194516  136.483402   7.767258 
13.048428  43.910951  -10.346292 
 4.069746  58.730223  -3.563851 
 3.027784  134.784808  12.696643 
43.000977  53.538246  44.287324 
67.145752  120.586848  -7.640544 
-2.450730  54.677503   8.388635 
46.590947  123.863623  -14.626584 
18.101702  121.722490  34.469237 
43.372675  87.538261  -15.687668 
50.023683  115.955830  25.229767 
38.293106  87.055026  50.885279 
62.557779  111.633505  23.780146 
30.184536  105.905735  15.756584 
-5.536468  77.686122  11.905005 
26.544039  111.045115  -11.848783 
58.361726  92.360408  51.720869 
70.196272  92.805645  -6.079364 
 9.861773  93.900685  45.916029 
-4.883362  42.539376  -28.912412 
27.179203  97.201959   3.516452 
23.301201  40.091585  -4.460878 
-18.516211  125.874398  36.327550 
17.029145  119.355523  29.942152 
14.168707  47.248066  42.641782 
77.018731  64.827169  39.827023 
69.151679  50.528543   1.915502 
47.863440  115.210958  36.011905 
-20.465571  76.948195  35.434557 
23.679822  83.092695  -4.155742 
 2.554799  72.833287  39.528910 
66.720949  67.888681  14.716795 
21.539850  68.270187  47.206842 
39.427773  121.794161  20.984236 
22.620384  117.586392  -5.154177 
37.921389  112.864109  -0.108896 
-12.659346  46.959009  23.115238 
-8.929218  121.542236  26.464034 
31.785727  115.401573  10.105490 
-0.536621  88.695233   9.129617 
46.203217  82.198075  -2.143159 
37.514604  115.132891  23.483244 
35.469863  105.169132  -24.631714 
53.155150  82.204273  18.785421 
-11.636496  56.706305  21.551470 
 5.945199  127.378616   2.156268 
 3.758731  119.391816  21.451463 
49.269709  110.538536  -22.116467 
10.347117  85.931956  24.504891 
 6.263635  104.475751  32.627878 
30.670806  55.937194  48.887380 
36.141715  105.865918  23.441823 
39.334055  77.099261   7.677505 
 3.394883  68.475825  -15.295541 
46.771495  101.704422  -29.891015 
43.116647  90.477152  -6.551725 
-8.879334  109.332515  49.573224 
57.960883  73.190646  38.350747 
43.192833  119.749923  -9.775210 
27.355589  91.655947  39.639325 
-3.513324  94.233235  -14.561932 
58.558854  111.968978   3.937886 
74.798704  93.209357  45.952341 
16.726434  63.461592   5.579480 
33.153251  79.748109  22.687419 
25.537065  56.862755  18.600744 
-8.798040  69.314454  39.988021 
-11.407000  118.894357  42.258712 
-3.620639  124.891558  -19.682949 
84.914680  63.238339   6.097853 
69.148397  92.564039   7.172996 
57.681202  78.445600  14.058294 
54.804495  110.029480  17.155620 
 3.368603  76.124893   4.179220 
42.131348  101.851421  -2.578137 
53.475858  90.694169  -2.176421 
 0.933775  60.008490  29.741511 
 3.617497  83.368624  31.605334 
23.158121  72.005181  33.377192 
26.197434  129.953041  37.189326 
74.134546  68.124579  32.327855 
62.071717  80.056790  19.678574 
 7.039420  133.536627  49.636600 
29.257347  76.652555  -4.007416 
-9.416135  125.526683  11.030710 
47.744441  77.569376  43.925381 
28.091942  68.386883  39.183475 
19.368985  109.556527   9.229812 
-25.591525  108.762173  -18.854673 
69.294200  58.130014  20.754965 
 6.587695  108.616357  11.443232 
-9.884885  112.327022   5.861012 
60.756316  81.428350  10.400800 
27.601786  93.657984  20.651073 
52.453105  57.330554  38.950952 
13.458214  98.632930  -9.000299 
-1.978763  59.553500  21.191045 
 6.681327  89.799592  -2.416360 
10.657110  47.791409  -20.561626 
13.825834  130.276822  -19.601268 
-15.394554  87.745099   4.565132 
-24.842963  69.825814  12.241367 
73.496648  71.196754  18.398454 
-10.922733  93.635830  -1.249328 
-11.618650  83.316528  36.688338 
55.452196  41.983785  -20.339900 
-16.803240  52.925345  16.388046 
50.396849  87.629743   5.929776 
30.485214  86.552057   6.711848 
64.261676  54.773327  37.818616 
50.556941  118.755727   0.960314 
56.601468  65.053393  28.252570 
40.502674  72.948508  37.006399 
45.237557  126.912447  -0.445722 
71.476760  127.052584  -23.963780 
43.944825  73.859281  -2.507568 
74.622564  77.329399  28.701298 
74.193915  103.357119  -0.311786 
51.703563  100.781100  -7.994592 
-9.268109  76.832270  -0.150175 
59.440385  91.647323  39.891494 
70.593254  109.733875  11.457436 
39.765780  137.903297  12.516366 
51.526833  81.272798  30.780141 
-4.424494  83.368194   4.433461 
39.798434  63.372514   7.946333 
15.431893  125.870901  39.678607 
58.836193  128.570949  -22.758542 
58.569155  127.063890   0.394819 
-12.065178  40.249988  -18.189263 
32.294652  58.403826  14.063068 
23.910564  94.518498  -25.075672 
59.320889  84.132663   1.472238 
57.258335  76.789937  48.364294 
-9.590150  103.686411  -19.481701 
51.463453  48.731515  33.059184 
70.228015  67.251392  -16.316708 
64.602469  50.919308  32.142828 
23.614423  80.450341  43.306722 
68.194044  122.523465   1.691615 
-2.530663  83.217776  -27.430792 
22.669133  46.370225  36.567767 
 0.315330  95.173218  42.098255 
42.923026  101.912151  53.819173 
25.399304  65.847498  53.905884 
32.682294  74.338205   6.116837 
 3.751915  119.959711  13.429793 
-0.558777  112.989540  16.746108 
48.285813  67.321418  23.097897 
59.813015  136.130077  11.344245 
87.683749  63.784672  -13.235903 
11.734542  120.253135  23.866359 
-8.830804  87.046266  -12.651379 
70.438691  92.671965   0.497599 
10.269113  100.331057   9.622877 
17.859894  139.764692  39.829805 
24.813341  78.927701  30.202809 
34.305877  142.929993  -0.040614 
-19.518056  101.175257  21.099851 
50.124184  72.444831  18.560931 
-5.720539  64.895479   0.266122 
81.564999  80.122633   9.285916 
24.289912  108.659940   0.644004 
 4.244313  52.790594  43.236722 
29.619996  68.600161   5.307689 
21.193901  110.523458  40.309850 
28.451829  118.709889   2.222424 
44.034050  51.876445  -5.295260 
-38.069126  97.487029  11.387965 
87.458966  110.924795  16.995444 
29.673746  133.007989  -4.028914 
-23.859088  73.923791  25.150782 
 8.200048  121.965002  -8.042071 
-0.298029  106.018589  -15.635030 
73.670959  69.783807  10.623883 
48.734456  50.492779   7.007347 
71.551906  89.764810  28.217135 
33.923620  105.406635  38.859036 
86.784692  94.458751  20.264079 
23.630178  131.211278  -17.432797 
39.804402  70.518128  -15.540341 
65.191764  100.430821  -21.060767 
-0.768487  82.859403  -1.915194 
 8.940615  96.939257  -14.541665 
-8.254941  140.369632   6.772381 
39.778248  110.663146   9.986394 
40.599883  122.230621  -21.628425 
 6.807816  57.881606   3.230629 
80.601905  80.497970  34.140582 
-3.805438  88.542186  48.191374 
17.741963  67.356615  -23.447704 
45.299850  72.321921  53.865367 
68.825577  74.509000  49.462899 
-13.004256  70.222381  20.822222 
-1.824690  71.942922  30.487712 
-19.490213  136.402929  -7.414272 
44.924419  140.103245  26.211868 
 5.583730  80.596993  21.178809 
17.909309  86.531227  48.620119 
12.568806  81.607748  -16.402691 
14.716350  38.255461  36.000795 
44.043762  99.762181   8.785650 
45.390655  64.736528  46.695703 
20.164926  79.296407  12.967679 
33.464077  64.740586  -5.296874 
19.621494  96.842499  30.583481 
73.216076  74.471578  42.753947 
62.344809  90.874867   1.074172 
35.856674  113.657246  -12.809884 
43.506399  68.502663  -5.198869 
10.662421  125.541009  17.458852 
14.868787  140.966972  -0.157028 
-0.440149  95.455994  35.542556 
79.006860  98.873772  27.752508 
27.807582  124.005677  -3.092072 
23.900508  106.959329   5.009373 
-2.157511  54.199117  -19.373395 
78.032370  115.220835  -13.280515 
57.290342  56.930382   1.686272 
29.477844  59.530515   9.575138 
52.502336  80.830038  -4.771610 
-18.226115  93.847780  -7.441644 
17.548735  132.672129  13.409576 
47.255969  79.289252  -21.644772 
63.469158  87.957118  17.121438 
18.201913  60.174258  49.163045 
35.696742  77.053038  51.984742 
70.319333  57.183708  26.909881 
55.591878  84.935108  -9.725615 
38.214696  117.877634  32.380057 
44.866295  110.058610  20.428882 
49.246909  112.288916  -15.372631 
65.534996  82.266068  35.911066 
67.988714  56.912818  13.034098 
28.610842  85.941976  47.599990 
 3.375785  95.668917  -9.167527 
62.143174  136.467967   3.614572 
 6.523084  48.869204  24.309708 
20.510050  94.451981   9.831318 
46.810288  128.845031   6.310178 
14.019885  61.109645  28.170619 
16.498129  132.734234  32.923283 
54.686428  93.279961  12.380756 
19.238380  110.245146  32.759200 
29.601806  111.214082  44.187112 
35.966255  35.577611  28.682461 
 0.937984  48.770891  17.311100 
37.209582  83.831881   1.334012 
41.737690  80.712245  -9.369898 
21.095630  130.032849   1.440395 
86.226590  80.979092   2.511632 
73.357876  79.989421  -0.863606 
44.914830  106.094808  -6.702782 
-1.843178  115.198782  33.473353 
12.423838  107.986469  27.838815 
11.303452  46.095207   5.804538 
29.738177  130.050074  32.280979 
23.819117  117.409484  12.488269 
16.670662  62.116730  42.857483 
65.015161  85.168775  -10.122600 
52.124433  80.898084  35.435966 
31.944164  102.490569  -0.540867 
21.485858  62.679367  31.497270 
13.183107  127.852297  -4.127021 
28.904427  102.706555  -17.660070 
 8.964728  112.110459  -11.011024 
41.551968  112.886286  27.713054 
76.315911  78.500188  48.983545 
55.760265  106.636417  48.072345 
28.259308  117.717160  33.507819 
83.615969  82.796417  -19.757471 
61.870915  82.449915  -4.061504 
-17.361337  78.078049  28.830609 
 0.643372  103.065571   3.778979 
44.607251  104.045477  15.135783 
28.580300  97.598964   8.624120 
41.722849  123.345947  14.899567 
58.589456  103.657147  -15.094757 
28.999651  88.574582  34.078983 
51.754629  59.459153  26.576980 
36.539573  102.690718  42.960333 
 6.212378  76.338579  -7.091679 
46.311694  106.407983  -11.416926 
-10.262112  105.976479  40.276568 
19.731685  108.118229  18.781985 
-4.928567  71.498258   7.271000 
 0.457994  49.533880   3.029404 
-18.808001  123.147351  29.693713 
11.792244  138.531076  17.920239 
 2.351391  81.265141  -13.286628 
-21.888750  93.591606  36.349700 
 8.922136  63.423046  10.139078 
27.989583  87.753071  26.947360 
82.159437  51.389705  16.463949 
26.684237  71.749591  49.938759 
47.200225  90.882731  32.200471 
31.035712  140.064693  38.793268 
 0.007275  120.165144   7.861886 
47.402584  109.928706  -1.848043 
 7.913053  103.618188  -21.144288 
30.906639  119.963612  28.554297 
51.498720  87.191546  13.663072 
-7.179401  81.682251  29.524867 
-1.717087  126.777497  16.892018 
25.208083  112.864864  39.009594 
60.477018  105.236253  38.414515 
78.820673  94.499896  10.370960 
44.938514  113.276734  16.196921 
-5.466145  76.243884  -19.397086 
 7.265113  50.777813  31.756527 
20.866328  88.582626  -11.407526 
19.933176  48.052637   8.372533 
 2.003472  112.179364  -6.702218 
31.422770  90.708421  -4.370249 
46.376200  102.033251  24.788353 
47.326753  136.077834  -10.448049 
53.295471  60.194721  32.752129 
66.245446  95.678363  41.492486 
 7.314451  121.558153  -20.163470 
50.718593  65.970220  38.349873 
 1.647984  52.565030  -7.579020 
17.918447  87.279140  22.886395 
46.368111  87.127965  53.356855 
23.222736  132.622654  22.227508 
38.701439  121.769517  -1.377780 
47.680123  121.757866  20.432794 
47.030375  102.366656  48.704213 
 6.922967  90.799972   3.004233 
 3.690516  48.970487  37.551062 
48.807975  106.518489  36.328941 
36.613345  63.425693  41.397966 
86.080053  106.745940  26.658681 
60.293505  85.530865  45.758316 
12.802427  73.283246  46.920418 
 9.917710  142.207497  25.508122 
41.211449  92.299954  37.581728 
22.319783  86.515562  19.791540 
 7.600971  72.199016  50.248869 
 0.384735  127.858150  27.111197 
44.036391  78.089935  22.225204 
-16.732080  111.100225  43.761918 
60.587157  81.392382  25.624504 
70.077867  56.307507  -19.976252 
 5.132137  87.322242  28.638357 
24.033271  143.585362  29.705759 
31.866469  127.951508  17.791035 
72.830532  124.118063  34.521441 
36.601552  112.578860  36.071975 
46.165029  61.943393   5.380242 
46.200307  81.448765  38.723545 
16.801601  74.850142  19.969365 
82.642563  89.028411  38.631742 
57.306121  78.623612  43.292705 
-8.317622  117.761650  20.380143 
22.549627  128.182328  43.479804 
16.247298  106.247165  46.346631 
11.647259  128.173209  -13.349034 
51.878615  66.339642  -0.389025 
51.035213  97.126721  -14.509075 
 5.509035  130.456916  36.586596 
-22.839382  129.027479   7.147439 
32.056903  98.951364  31.519148 
-25.546671  110.443030  34.242028 
71.327713  56.781760  -7.238982 
66.936083  112.377433  -23.606102 
60.718991  76.617708  30.782851 
33.149904  56.535039  -0.494306 
71.115719  41.634508  12.635161 
36.010038  81.464175  17.677403 
65.241802  88.810994  -18.116647 
 0.093112  44.543750  12.099049 
58.805106  52.518613  22.748776 
83.411059  99.723718  -17.247302 
78.583634  102.528647  36.497812 
32.897360  127.427701  45.155290 
37.484537  46.704656  -12.016130 
35.929443  103.697772  52.885922 
-6.402074  73.476837  34.214217 
29.470950  50.814286  37.975628 
18.214707  74.165633  24.078332 
20.935643  56.819416  34.770610 
-7.895917  51.338061  44.681578 
45.265977  55.248924  -0.267725 
66.196115  127.969960  28.233328 
22.453904  76.042040  -15.640571 
 5.364816  96.787172  28.312223 
55.814954  124.017802  -11.318605 
73.642465  130.886689  -6.811454 
54.860348  87.260997  38.509025 
45.537692  68.610697  31.520231 
36.609344  88.369364  20.684468 
-5.725528  119.157264  36.896980 
20.979810  128.972661  -10.693269 
50.588359  81.420042  23.976621 
23.285341  115.930571  46.588680 
46.793538  78.083621  28.698974 
-1.429470  38.257848  21.085813 
-5.334549  81.600170  45.275127 
-20.180267  73.777771  -1.233431 
56.556385  123.387537   5.216912 
30.514969  70.745939  46.049218 
-2.082073  108.941901   9.949225 
-3.469312  94.159186   3.247212 
 6.505956  73.923835  13.821068 
-16.747981  101.695559  -13.128136 
 8.430399  87.428132  11.530344 
 6.088770  60.275236  24.382124 
39.192306  98.453021  13.178269 
16.264373  125.186914  48.697623 
-7.793913  103.453808  26.508445 
67.341091  104.092884  50.196305 
24.972489  100.230894  29.660825 
-6.630823  65.699793  -6.508714 
39.981352  93.555044  27.604976 
-8.358104  116.270655  -23.442408 
38.174058  130.684927  35.997337 
71.304894  100.938440  21.733327 
21.641066  106.185964  25.352369 
27.817823  94.330429  -10.345915 
 0.179984  64.744267  12.141182 
18.322138  63.888883  39.238177 
72.483925  113.606086  24.136138 
-1.050279  57.968943  -27.398427 
 3.873773  77.913621   9.068841 
43.063815  128.495285  49.161362 
18.682614  102.730918  -14.494712 
41.276587  106.059190  29.714230 
25.481720  81.423620   2.934493 
32.920379  88.915941  -9.949926 
41.536418  48.771744  10.533803 
-21.359634  95.318535  29.549925 
-1.358754  94.166527  21.236197 
39.354125  85.377626  34.411721 
34.526327  120.957182  -15.061992 
49.120095  133.842561  -18.219306 
50.462716  95.982005  37.557251 
53.873102  72.587800  11.768609 
71.197528  39.572342  21.459515 
13.700533  56.154984  44.688757 
39.091682  85.463902  25.255367 
-7.699101  122.398676  -5.570191 
 3.190724  80.404611  45.252203 
-1.922106  98.723399  49.058993 
53.861960  45.342514  -5.617254 
87.728682  114.882195  -21.610829 
75.754505  117.499907  13.215398 
70.685212  99.012437  33.604292 
18.098055  51.569954  15.090771 
11.481254  59.001096  35.453991 
76.553663  59.507611  -27.611068 
-16.336390  90.116070  42.528353 
62.827287  89.739323  -6.016848 
15.044670  53.856448  -1.364950 
44.459990  89.074452   8.547711 
54.545505  71.112574  33.660368 
14.613207  140.403810  -8.395716 
39.719870  62.473288  11.935913 
68.874736  105.329042  43.450849 
26.097233  76.825187  19.540344 
61.167940  117.271656  39.221684 
-10.615816  48.775863  -6.190068 
-6.942706  70.129655  -18.835882 
77.350678  41.765243  -8.618252 
12.249694  105.649701  36.622384 
-15.430327  50.811555  -20.878236 
69.102368  126.902574  -13.724686 
27.191028  141.514493  -12.200106 
47.396830  98.195808  22.673161 
29.281154  77.895319  -8.508396 
13.832970  94.600456  35.429143 
72.604125  47.857000  -22.455007 
43.311993  36.720095  -11.465034 
 4.228312  92.560848  -22.504077 
56.759031  52.335738  43.425937 
25.359929  107.058743  37.358745 
21.224691  113.325159  19.680414 
26.996909  49.367734  38.140720 
-6.552347  98.270613  26.987832 
-2.840638  60.900921  -5.916465 
25.648066  80.494047  14.663342 
73.668471  134.522917  -16.805011 
41.091518  107.998175  -5.901529 
32.730629  33.427953  32.715618 
24.060284  70.339447  -8.761575 
61.003290  113.857427  20.865952 
55.564469  63.421681   2.183286 
38.112675  104.185524  24.724405 
37.011999  86.903269  -6.196757 
32.294311  108.822485  38.430216 
-22.647741  99.310254  13.544148 
69.770055  65.804973  43.411893 
32.514194  43.815331  11.346262 
33.841770  65.371905  41.645373 
28.787122  81.282318  -14.740068 
53.342593  74.096915   2.790311 
36.552658  85.676549  53.693464 
52.711724  60.865570  50.771076 
-3.259780  113.327416  36.341932 
32.760402  73.661459   2.118262 
60.947072  136.313681  -25.060676 
30.442024  99.336615  -15.133133 
36.396167  55.888548  10.657550 
21.092604  104.177763  28.190306 
49.712696  132.796788   7.296180 
24.925355  112.606161  50.376112 
50.284010  48.338294  -20.367592 
52.289693  62.391176  10.420510 
46.544748  119.034764  45.915464 
 2.151169  100.243407  37.569469 
71.914616  80.038460  17.930197 
33.531002  121.994755  -18.875897 
69.359078  68.370058  -19.464091 
62.922788  109.972344  33.985050 
25.229475  92.990648  -25.208319 
67.109661  89.671864  24.963004 
-20.829715  70.874342  24.506368 
14.629514  56.939227  25.241257 
85.166928  81.410336  12.900557 
76.709586  78.847939   2.411035 
17.964753  84.083639  -12.863573 
65.820012  63.772554  30.555863 
35.874294  105.962442  50.737299 
67.350021  43.028561  39.761637 
76.983764  60.095688  31.370431 
38.276008  51.368830  15.324246 
-10.655465  42.927882  -4.557225 
67.855603  41.825439   7.450135 
47.842270  113.449576  24.667567 
29.369937  67.978481  -3.216476 
26.659006  106.401061  24.835645 
57.735651  113.479215   2.191903 
65.982330  79.027916  -14.256856 
25.045273  56.194418  43.326279 
-2.819407  139.892164  -12.172620 
59.215059  85.575687  13.254012 
 2.765329  127.194264  12.067647 
45.322559  83.701171  17.787108 
 2.127337  58.715719  12.238987 
68.634072  81.581156  -2.294151 
 6.406716  96.961325  -12.688217 
56.501378  52.024983  31.198428 
76.024908  81.732769  32.613756 
54.528401  112.389408  41.271994 
31.302691  63.701170   4.561327 
-17.384688  70.575179  33.529951 
32.620974  44.018696   1.237653 
-11.264736  103.727606  42.751810 
49.254087  127.792927  33.118222 
 4.511220  115.090828  16.329785 
42.783468  112.647756  33.413487 
77.441400  120.072760   1.371043 
33.602073  126.290268  15.894696 
36.896038  113.105562  23.528093 
28.893261  141.801407  37.619428 
 8.788820  139.912593  -2.645262 
44.103326  57.420733   8.006698 
20.006328  62.797756  19.712601 
19.722301  60.803067  39.270511 
23.137844  137.938495  30.977809 
76.492619  73.514040  11.538649 
44.974153  44.810988  29.180238 
 1.678808  114.346955  23.459972 
19.361336  126.527307  43.393658 
13.182580  126.812515  49.031143 
64.717279  106.994370  -11.564579 
18.051579  131.006703  23.482970 
64.399465  46.972212  25.530509 
 5.488583  70.036693  35.128184 
19.289567  29.927638   0.007455 
51.265278  106.259575  -16.598404 
34.167218  60.739911  33.708893 
25.933173  107.955105   2.376522 
32.716594  141.237940  -20.548469 
61.932383  123.087974  38.255272 
46.484194  54.999884  33.212425 
12.004207  114.340792  30.118223 
41.575885  132.421321   1.747726 
67.248678  77.796330  38.562416 
62.394281  82.358539  -8.352948 
59.678308  139.251226  -1.887298 
20.517813  124.510225  -5.639289 
54.809905  69.931577  29.232895 
31.803242  132.225546  26.520369 
 6.093670  73.991461  44.247284 
 7.140590  138.423019  33.780419 
20.000411  123.262673  12.273732 
54.243559  82.804434  -14.563763 
 4.036755  114.920398   0.397166 
24.606256  97.900648  46.476376 
16.299131  110.780230  -3.380871 
11.353323  52.969133   2.544329 
50.947158  132.238077  38.913854 
55.604052  83.476354  31.245019 
49.674409  122.366418  -3.548098 
12.654300  50.427951  43.193802 
 9.544465  94.985344  -7.426440 
46.943406  122.913011  40.461839 
38.486057  138.188464  25.360002 
-18.745171  107.343990  -2.323794 
42.792497  72.129283  21.692270 
12.925524  56.854145  -16.152137 
23.406978  57.437577  24.643833 
56.866610  85.762088  -0.552535 
35.849434  77.618887  23.422145 
37.315492  100.616961   8.293166 
10.632924  123.074770  -3.682513 
45.118907  120.948365  20.594295 
53.481148  142.816204  -8.074764 
42.290245  55.130507  38.997461 
37.972274  69.438638  -1.659327 
77.035895  53.357335  -15.083198 
-11.949526  65.111344  -0.890416 
-0.002295  71.142174  13.637726 
14.168729  63.060378  42.583295 
-18.909699  64.337859  -16.728311 
58.057944  58.704554  -2.311725 
40.726228  96.342409  17.450631 
25.326390  71.413847  23.525909 
12.852143  72.723169  29.453318 
39.370993  93.166002  10.799655 
30.424915  102.318651  46.480262 
-0.533800  104.399724  -10.147283 
68.615817  99.893442  49.944154 
20.524534  100.287291  39.890557 
 9.530164  92.026645  43.012889 
43.991706  45.489705   0.315432 
13.819143  83.644026  23.205203 
-4.229507  109.349818  16.012265 
56.081844  116.561754  35.684577 
-2.334713  50.027881  12.094440 
47.226213  91.611170   0.515571 
42.064232  76.174001  -15.268782 
84.084875  52.482116  -1.895668 
-8.006071  139.425882  26.211847 
38.782418  57.460435  24.720500 
14.163810  77.225188  48.521314 
-11.896206  116.638339  11.114730 
37.910372  150.895153  21.694592 
52.969867  49.224638  -13.007374 
-15.832324  78.728750  30.019486 
 0.515645  51.882343   3.387016 
21.197034  141.816828   9.568097 
64.831983  139.349358   9.869136 
46.767677  89.553139  13.486811 
41.060081  131.114425  10.330968 
20.128885  87.125892  19.122578 
55.361594  87.038463  -22.132420 
56.043434  63.133643  14.111040 
-14.638962  83.251850  21.207654 
60.660200  71.647660  37.321003 
18.899343  83.838331   3.314636 
 3.690928  40.436931  39.177375 
66.624278  126.265386   7.194433 
13.617343  145.757893  19.770069 
60.465884  95.804726   9.811478 
 8.080494  127.935026  36.855809 
48.850469  98.793393   6.745426 
11.430821  82.363279   2.795612 
68.742770  131.944409  34.598808 
 2.232376  38.886836  31.323525 
37.290130  99.910369  -21.343389 
 4.596758  85.377082  -10.166565 
70.348498  92.035313  -1.312106 
42.113896  75.864607  27.276172 
46.843213  95.606874  52.272604 
47.210142  64.641970  -5.873506 
39.301781  62.514405  18.192736 
11.726708  106.745976  27.684137 
42.732519  105.876443  19.376993 
-7.657288  65.058505  33.363909 
 1.387037  135.407305  -6.532956 
42.426385  81.934954  -10.817502 
39.729255  144.228277   6.204097 
-7.240653  140.813807  34.827293 
-28.168331  129.999540  27.078092 
26.196893  63.104932  52.859998 
71.615279  110.371724  28.358432 
51.050741  109.727767  11.679637 
-1.287034  68.206479  -0.641504 
40.887947  81.130152  10.816220 
26.051640  92.745127  38.120019 
16.620612  102.248277  44.381569 
68.765189  116.248288  21.160402 
22.684547  122.567350  17.726262 
76.665648  101.457938  27.192483 
56.963193  124.276774  10.811810 
66.866053  68.179654  50.188304 
 1.044342  70.169904  -6.781011 
21.051193  55.435255  14.798413 
36.177014  86.081749  29.407829 
-16.807864  106.436228   6.173566 
10.702105  77.246386  12.450371 
35.338729  141.193277  -4.476649 
36.430367  126.433101  35.700483 
51.532896  81.006306  35.627643 
13.111611  75.077788  -10.501387 
28.396465  111.382397  -16.410337 
50.417490  109.083305  18.740244 
44.994376  136.253353  17.105336 
51.997828  132.137228  -12.579688 
61.738755  61.544657  42.599036 
-2.853878  74.425166  21.209583 
25.556765  70.144238  18.349651 
19.459884  42.705474  -25.006109 
-3.551212  111.034130  -16.237325 
57.818063  70.681829  24.870642 
-10.030923  123.486199  -1.214574 
24.402160  92.520726  29.744327 
66.422242  91.100167  -6.748202 
59.914995  64.693381  20.757087 
16.444833  113.078376   2.190957 
79.713407  56.176703  38.430706 
-2.803017  129.287385  20.283544 
 5.651352  126.384611  -15.914462 
-12.484327  82.811396  43.628142 
61.453519  110.721214  -17.869360 
62.701200  101.803983  -23.290336 
65.789458  124.289409  15.504386 
 3.671894  43.080029  -3.641087 
29.554173  110.014494  19.050224 
 1.232809  126.123894  33.102052 
73.723839  48.421707  29.758296 
-9.324599  77.365848  -29.788944 
20.058309  66.784302  -15.597492 
23.434518  82.623934  35.446787 
-3.115212  95.243140  -6.503887 
-1.043693  125.482789  38.608915 
-7.021558  97.039435  32.286373 
42.223229  102.370596  45.586114 
-13.376660  61.567276  14.659735 
-2.997570  106.654775  22.454099 
64.935219  89.782543  31.991173 
-3.676931  75.254581  32.361527 
36.590978  67.943396   7.915759 
34.108677  134.710352  31.860320 
-8.280984  80.408243  26.058268 
41.792988  121.220663  28.291381 
20.386746  135.687150  15.887771 
52.034223  40.761932   6.221438 
55.103873  52.034888  19.581449 
49.459612  47.431809  11.648720 
52.826124  101.948530  46.724513 
35.905990  54.565640  41.723910 
35.573099  88.221522  -10.413884 
14.387447  93.581380  28.280429 
-2.735679  43.946045  -27.597685 
68.733025  135.105686  -8.596927 
53.578027  107.693076  -4.210561 
55.352026  115.926310   8.315348 
37.636439  117.208425  18.592716 
32.973270  128.308356  -6.891339 
 6.455939  71.858581  -17.609059 
27.934289  117.180826  33.794096 
13.116468  117.087799  44.562942 
33.916799  103.070773  -3.615902 
 3.611220  60.550925  -21.761914 
91.517810  100.478132  16.736876 
-12.766125  48.459075  -12.353293 
48.151856  84.565026  52.951689 
78.670824  95.452017  -2.519583 
 7.577848  138.555023  43.635542 
69.641052  59.563810  -2.770336 
64.550676  110.204085  16.868097 
45.128195  126.693706  24.852345 
69.211143  53.158667  36.510394 
38.464962  99.631733  40.354518 
 5.329659  53.820161  23.016482 
-23.014934  91.305592  26.242465 
36.818278  110.021419  -14.750255 
21.503957  83.835956  43.548438 
42.266792  100.289829  -13.935836 
12.365653  126.225632  28.334231 
-1.147972  100.827766   2.127212 
-8.770203  94.665589  -0.218347 
-12.388142  73.085789  -5.099918 
 5.757572  102.097860  43.479018 
 4.999768  53.891719  -9.386818 
75.634268  66.486346   7.565915 
57.380616  92.213678  23.401734 
20.027615  93.315701  -18.117122 
-14.871947  98.628734  -8.158075 
81.317910  119.048615  22.862975 
-10.561196  66.897266  20.830928 
64.481263  26.629134   0.426189 
 1.767571  82.388903  17.492778 
43.861852  111.434917  49.226249 
45.331437  84.056462   0.904346 
 9.008827  63.074165  48.341848 
33.618757  48.428292  48.883377 
67.601958  61.246677  15.290659 
65.853447  102.303060   1.200997 
52.467212  56.723331  37.624238 
18.254359  45.800533  22.181186 
49.770579  113.890484  -13.592732 
76.413543  91.161780   5.199141 
-10.863934  104.285604  16.313996 
14.357158  110.455960  22.748299 
 1.702369  86.747977  -0.234490 
52.514905  117.697810  17.221842 
-3.995817  115.626234  30.339870 
12.529294  80.217159  -16.520402 
51.096431  72.391099  18.535958 
-15.947236  122.909420  -18.992246 
55.418025  128.026531  15.969498 
10.489610  65.479231  -2.813929 
27.839892  42.025462  -6.883653 
28.961042  125.565020  10.664983 
62.031600  106.036302  43.760431 
 9.784141  93.315278  -17.658263 
26.007901  118.960967  24.343583 
66.904682  62.957478  37.251359 
39.707009  42.767955  35.189974 
37.287175  90.203231   3.751282 
27.606225  95.861173  -9.654386 
-9.194494  103.384356  10.388539 
35.543118  99.364945  27.126963 
-10.032661  65.814358  -11.500684 
42.595724  112.440069  -21.273424 
37.667130  126.488882  40.041040 
31.417735  71.311103  36.854439 
 8.626006  112.505247   4.679638 
28.915259  88.560007  43.468811 
81.843302  89.360487  28.434534 
41.181551  104.229804  35.776521 
-3.135095  85.727650  21.620337 
13.256229  123.158225  12.727947 
 8.351005  136.988741   9.814114 
10.425408  81.520520  19.251559 
 5.366975  54.775128  -2.647811 
79.623874  48.725058  16.982365 
24.821884  123.278853  -12.113351 
17.064129  128.338578  33.289826 
71.089692  118.657653  12.770093 
28.283517  127.965478  20.384301 
35.166487  113.973707   1.075358 
31.646544  69.478243  26.447984 
43.348682  87.032314  -15.713315 
-4.731528  75.473525  -10.778855 
28.708839  121.557424  38.425164 
74.790609  89.252927  47.559650 
23.465323  108.753320  -11.023108 
 7.916206  121.844378  -9.904182 
 1.950468  105.677238  27.355113 
67.482765  76.928123  44.700368 
13.679920  86.677288  31.651094 
35.425994  89.280185  15.523900 
27.427108  39.201737  25.635615 
 6.964043  72.871243  22.944906 
12.594299  86.183044  46.118894 
44.241350  94.597519  -10.279949 
51.651186  69.285839  45.637573 
38.078070  70.391672  -9.892874 
66.411108  70.128863  13.132697 
62.158276  53.632737  -9.741439 
70.119191  116.167553  -20.976063 
22.596007  69.828939  31.315380 
-9.900735  107.432787  34.161988 
89.471561  99.252894   7.038220 
74.563547  109.611143  -14.716086 
-11.451522  93.519254  38.459336 
57.465641  101.226825  19.663876 
-27.577894  65.779918   9.803045 
66.655370  81.516377  28.834653 
56.566797  83.442550  26.194472 
13.593825  40.954495  33.029375 
21.411074  61.023658  -11.349935 
25.376016  41.717021  36.524867 
51.701905  97.088701  16.710191 
-2.781602  80.736043  -16.023494 
43.905903  92.612216  22.554573 
 7.051892  73.157942   5.460079 
14.404667  37.073658  25.772821 
65.674352  113.381795  38.344630 
 4.976388  121.465024  48.707719 
29.412179  115.135899  13.861803 
13.101832  82.587585  53.579573 
30.222301  132.039940  -26.166435 
68.909378  115.734256  44.471012 
33.164957  59.096942  21.372921 
24.053667  116.582951  -20.742581 
-4.026580  81.320022  41.177014 
66.472643  126.665141  21.712232 
-8.407452  60.865020  -23.550636 
37.936523  57.613645  -3.079085 
-8.015960  114.134545  -7.523256 
 8.545338  46.169419  16.626645 
32.247660  90.707634  21.861230 
15.024437  65.617764   3.645299 
16.238090  123.774422   1.597020 
16.049485  117.628605  -14.775292 
31.248334  94.170171   7.407850 
35.679403  120.663013  43.746213 
57.526099  51.339712  13.669614 
47.881177  67.513037  -9.996006 
65.015034  133.324439  14.967148 
58.715898  116.238298  26.492365 
39.260650  119.550746  11.289077 
 4.630124  99.031556  -3.523694 
55.507127  118.816889  -22.951207 
52.404735  87.651170   8.143851 
-2.957682  64.824112   3.958501 
84.470633  61.058305  25.820272 
40.514737  35.995162   7.115406 
 7.183028  116.360967  36.628163 
-22.892439  58.515720  -3.671197 
38.772376  65.213579  -15.223688 
61.129023  101.682451  -6.743003 
38.106993  97.068835  32.948632 
51.921180  123.420712  28.766134 
80.598714  80.700190  43.298740 
23.622618  41.236810  -17.015900 
 0.304919  94.645059  16.271926 
41.080329  72.742033  52.816668 
18.175382  96.816872  -13.480665 
43.022869  64.061378  13.137572 
58.376397  75.831636  15.809667 
19.427099  52.661514   5.350415 
11.053600  99.499512  23.483543 
 9.156716  95.289307  49.427539 
42.811183  125.699765  -9.695555 
41.478425  52.397229  -16.821136 
75.526330  126.670332  -22.132963 
-12.600117  96.844409  19.498896 
-8.366196  52.421479  -0.597156 
38.264015  91.300097  47.123258 
60.694238  115.846466  13.069965 
50.179437  108.875933   6.624785 
69.046452  106.285680  -2.859267 
16.074334  77.614944  33.594422 
-22.749124  86.373249  37.628731 
 2.764097  134.159250  28.977331 
33.988167  103.974184  -9.273406 
55.148952  59.988479  26.102295 
 8.306016  136.676708  18.342559 
56.238227  105.492152  31.316989 
65.316471  52.468018  -5.461895 
30.884458  97.643728   1.042384 
-8.094503  64.754823  11.214559 
-17.535000  127.712886  17.021097 
16.434331  70.135090  23.527631 
38.907450  102.470413   3.140807 
12.230458  107.743352  47.584745 
29.831345  110.237883  30.107528 
 1.567766  127.288942  44.612254 
58.650110  74.804153  43.034157 
40.976389  38.737324  -23.326800 
17.628249  65.280687  49.523135 
13.768033  62.187170  -20.890768 
-16.354979  75.578470   9.516174 
22.916015  142.869310   0.398705 
58.865457  36.978707  -8.927035 
22.628545  118.148804  46.807734 
-0.104513  66.212648  41.088239 
34.990470  63.338000  53.714618 
11.578453  84.358636  -4.747238 
-15.592007  119.307096  43.485389 
62.145124  80.615256  50.968117 
23.931078  38.320666  16.867979 
-0.638700  96.992486  21.358964 
47.478013  80.978950  -5.488417 
67.882911  135.052611  19.815528 
-6.318261  84.306195  -7.564380 
-12.577764  47.934371  39.314334 
72.018400  89.389507  -13.097241 
33.366442  68.494994  31.997105 
33.718136  48.004949  23.891299 
26.690211  60.547868  28.180212 
34.190304  145.094306  14.675428 
32.027961  135.148792   5.877508 
58.551555  70.112023  48.206839 
62.856494  91.937492   0.582956 
50.684279  75.593955  12.689632 
57.614948  65.573856  53.697113 
-14.149783  63.349703   5.368835 
69.694546  98.324297  33.413627 
26.048440  129.822013  -0.716406 
77.417052  99.836222  -21.498469 
-2.906372  111.749100   5.124497 
54.378540  76.672714   7.968664 
64.939920  106.637964  28.796789 
-8.416629  53.884491  21.832920 
37.938054  125.484629  -1.123329 
45.181402  133.387163  -6.791940 
 8.314323  47.207866  -16.222191 
55.912229  80.315796  -4.268057 
48.898326  67.317673   6.676672 
79.307579  126.859662  13.289164 
 3.338833  96.135608  29.356108 
22.830831  116.273992   5.783648 
47.967655  80.326279  47.317833 
 5.992741  101.532859  15.079144 
60.456687  106.686785  24.101677 
24.398247  76.242861  49.478217 
11.579818  140.728145  27.579110 
24.542396  74.214344  -14.977692 
-7.320662  119.136673  20.676026 
10.495510  86.013720  13.074627 
62.992128  119.737182  28.538493 
17.460898  45.302108  -2.351134 
-33.858678  93.911819  20.515838 
56.460396  125.242127   0.608627 
65.209437  119.235098  -2.858199 
71.855580  131.285735  -0.988770 
78.924028  118.826231  16.622570 
41.865524  119.292861  -28.211053 
-10.106831  56.515790  -7.606758 
14.070664  55.186162  36.930833 
23.157534  104.688359   7.114917 
34.236699  60.956407  -24.027890 
44.493390  74.338423  -1.855363 
-13.823119  77.365071   1.249001 
59.812960  84.489036  36.446309 
54.297702  96.385891  -4.799207 
69.109387  72.023203  28.685151 
26.763042  90.066774  16.883255 
42.028116  60.343881  28.213423 
49.975835  102.650187  -9.571439 
20.542432  104.276261  52.373564 
52.667288  85.728586  18.381894 
-0.342205  107.609986  48.886909 
12.949146  136.261879   3.711614 
18.193918  101.488501  32.745829 
62.213026  65.634050  -12.848154 
80.353840  37.916255  11.866148 
35.530899  104.827956  15.167505 
21.536696  86.749874  -4.187590 
39.645989  131.164972  20.551930 
 4.435322  45.666744  27.012499 
25.304133  88.600866   1.896720 
12.742216  75.953141  42.262901 
68.779644  95.263914  28.797970 
20.976409  115.910439  27.984766 
-10.646110  48.549081  28.197642 
75.624619  69.473906  -13.831483 
44.523282  47.115724  18.629559 
28.003843  53.389298  -19.828818 
59.822847  128.194587  48.838450 
57.928953  66.970421  -6.720728 
46.687874  64.834599  24.694859 
63.524118  95.869517   6.181047 
 4.507831  38.419236  20.592402 
39.971699  117.257549  -3.954412 
33.292713  67.081034  13.780752 
52.405377  72.278322  -15.791800 
-0.543983  54.943672  39.512409 
68.275140  39.965860  20.255222 
33.366571  75.339761  10.313122 
-11.074234  83.006813  35.754482 
-5.206429  73.350039   7.965684 
54.873804  41.164197  33.470981 
-24.545306  109.731616  37.045199 
10.504797  90.258263   7.913849 
43.455129  131.208874  43.325328 
 3.384147  64.260234  44.290945 
32.356797  73.207455  18.722677 
12.001415  91.384269   0.099873 
-5.779605  37.597722  22.606440 
67.336793  89.928104  37.937398 
41.491099  121.619664   5.903023 
 2.873705  82.192431  34.271538 
34.481812  118.858836  -12.408748 
 8.203780  76.751379  48.060152 
-15.867746  119.493851  34.854687 
23.596780  127.644907  29.560292 
49.194056  62.436248  18.792067 
32.867652  96.434519  41.784924 
57.269542  119.138254  43.253229 
44.221627  64.348310  40.973002 
77.404729  80.266138  -6.626585 
61.783107  120.949171  -10.968362 
25.775998  101.811738  -20.551047 
59.691322  115.661491  49.633172 
65.959866  62.508929   3.809049 
 8.360318  93.115594  21.049424 
-0.613490  41.392377  -11.187788 
10.570864  108.529672  -11.520600 
14.915717  57.387659  -5.776987 
14.787713  112.664455  54.138861 
57.038903  36.709496  24.328182 
13.283010  140.797520  -12.447244 
 5.492691  99.667858   3.188916 
22.815465  81.253544  10.173129 
26.247612  98.913003  14.928147 
 6.241450  69.849417  11.228208 
-0.163396  121.159026  -4.440670 
31.415709  122.607691   4.736883 
50.652148  134.203040  -1.235899 
46.778973  61.902686  -0.856698 
20.019266  128.242071   7.096560 
71.761843  108.328634  -7.913905 
72.272297  120.427111  -7.980536 
50.741689  140.686769  26.766546 
30.586723  85.465642  27.522236 
69.665271  113.829197   3.093012 
42.083528  36.995512  26.137713 
32.190010  28.769218  -12.851552 
38.823195  112.141176   8.989214 
 6.066225  82.913744  39.633433 
52.445766  96.710838  11.593629 
12.628607  128.598473  -9.980184 
-2.620185  52.638565  18.350952 
33.447017  122.643942  32.150212 
-3.660481  107.907336  -3.717888 
50.584506  73.586144  34.174386 
60.247135  94.496247  49.033218 
25.505101  142.147154  22.791880 
24.566375  121.138091   0.580131 
62.515784  57.697479  -15.773429 
30.264080  92.843061  -3.785716 
40.115757  139.609096  36.810625 
32.665131  107.948806  -28.336241 
68.419283  84.575040  12.759277 
43.549752  113.114958  14.781695 
59.346589  99.428779  36.025285 
64.392682  74.981412  32.938542 
 6.558820  110.231547  -6.820762 
49.851347  75.135127  54.781477 
-6.377352  102.555607  39.350116 
63.199297  112.201879  -28.710739 
28.188615  57.152990  35.485599 
20.966497  70.689074  44.012308 
65.127733  73.937816   4.420887 
15.263491  65.166490  14.329877 
 1.261255  99.736416  10.012305 
60.757952  53.800840   6.565719 
-9.686457  90.403858  14.517612 
65.487419  42.589796  31.679322 
-1.328746  63.025921  17.334452 
56.037944  84.878057  46.636275 
15.755184  122.334831  21.777168 
-16.005338  61.135687  28.743284 
17.410879  100.594270  16.129770 
27.994236  104.200763  32.995220 
36.220364  59.063469  -8.738276 
66.472785  85.444909  44.073150 
59.516696  85.460271   4.239749 
31.337848  50.061362  30.478697 
15.954183  110.742119  16.338583 
32.869262  136.435518  14.513000 
52.927440  88.071528  -9.669332 
50.718868  108.903532  36.041274 
-7.761334  94.100870  -13.311388 
66.474452  103.963999  38.772524 
28.610637  61.481791  15.592587 
41.690751  85.391979  23.141770 
63.579582  78.013828  -21.031100 
18.965353  126.771187  -16.425511 
52.468041  97.643801   2.602154 
 5.281176  39.755826  -20.392791 
70.575252  124.162650  26.884237 
 9.338487  68.782791  18.156512 
60.584177  88.431237  18.346657 
-3.432328  55.540245  -15.744689 
45.194598  76.489203  -6.970701 
14.497970  53.799889  17.683670 
25.033087  129.047906  40.805429 
68.433136  55.824454  26.537309 
51.384969  102.421683  -28.496779 
44.905250  123.844366  35.013163 
-18.058283  57.408711  16.636747 
-16.750029  90.953650   5.391663 
49.113948  122.814136   5.846039 
20.236858  94.727567  23.286444 
 1.237541  89.525656  36.456304 
31.235457  115.738963  54.545796 
77.188221  87.738081  20.888849 
48.104465  102.529497  40.385948 
33.569097  113.050885  44.372791 
-6.693730  99.817101  48.572388 
-3.288065  122.576736  -21.151102 
80.735108  89.636401  38.013640 
51.012376  114.119921  30.437168 
17.934412  62.745281  32.475810 
 3.117762  57.777348  32.859878 
-5.367350  115.156691  42.826080 
 3.313968  62.853982  -13.501377 
10.742782  64.402346  27.452799 
80.807157  69.987707  42.301127 
 7.675879  139.062040  -19.157717 
72.188697  127.894144   9.386963 
18.505817  80.590070  26.668368 
-4.350988  87.494005  45.704730 
67.112937  103.835960  10.879526 
39.695708  77.607628   3.107854 
68.588216  90.661494  -19.294824 
 6.304105  107.566116  -20.395029 
71.798048  69.486620   1.232009 
18.867237  71.083086  -4.080330 
43.568712  110.698341   2.829045 
21.502021  69.894955  11.096410 
 6.092709  74.240940   0.454701 
-5.172331  136.340999   8.331018 
58.656811  72.284181  -1.370550 
46.300873  124.485851  13.723695 
39.107048  41.856012  42.417010 
20.787887  139.340258  43.861888 
32.451065  131.218554  43.208155 
-3.274276  138.202719  42.115691 
65.367025  41.513915  -2.684199 
10.293015  54.274401  11.313188 
-5.164595  77.234378  15.987598 
35.672754  131.715123  -14.880738 
40.411359  113.230417  38.420825 
24.437690  40.000890   4.428702 
45.523030  98.138495  31.633010 
 7.942237  51.476895  37.034815 
-4.568027  141.454263  18.718648 
33.035553  81.406735  37.420449 
20.907105  60.060552  -0.217817 
56.528712  60.956240  33.509543 
-4.551310  123.352414   5.121533 
-5.698346  86.323387  30.465581 
69.868227  85.214302   7.242134 
15.439440  61.780705   8.446873 
43.059911  81.347098  32.982900 
10.462508  59.454500  32.141976 
45.523692  64.603597  46.123163 
78.416682  76.937395  25.634087 
11.732528  111.482322  10.316568 
41.241975  95.509148  -5.097931 
52.600242  78.360857  22.478012 
-30.115480  95.690428  -10.735180 
-3.780083  52.984595  31.927802 
61.547981  123.511496   4.340704 
20.941039  113.234150  11.330118 
54.867863  35.038418  15.132140 
-14.841611  81.431413  -13.914624 
 9.179992  126.297149  -24.167355 
45.793947  87.950553   5.809300 
48.382100  138.666610  -19.006096 
58.809187  104.541567  13.890490 
67.584149  55.609457  20.509284 
42.684731  53.761672  47.728662 
20.269118  68.647399  37.662825 
-5.443444  80.590857   2.642302 
18.327580  50.054789  29.827677 
17.258158  112.712389  38.646282 
87.364092  79.987045  -16.103421 
-12.606485  92.452366  -19.561230 
-5.306650  141.681631  -19.929286 
21.234540  136.016207  -6.668975 
57.559985  136.319162   3.836504 
-16.590044  110.539586  -11.316664 
-15.826460  49.154979  22.498036 
-12.494505  85.229031  10.940873 
 6.989586  61.617024  20.599734 
64.378451  57.092545  48.235963 
-18.943893  98.734127  31.623399 
60.814564  128.724090  -5.499720 
17.517784  139.704856  36.576332 
 1.389784  36.906215  11.903772 
28.383655  54.011306   3.632607 
45.126542  122.852129  -16.969951 
 7.406526  47.053650  49.979234 
-16.205582  49.128751   8.774760 
25.806775  54.549500  10.436983 
51.085214  139.585924  11.766674 
 9.423275  73.548836  37.206300 
36.224373  84.801332  -1.957773 
-0.303097  81.856286   8.272914 
 0.638013  113.891301  11.033679 
66.149546  80.869887  22.752929 
-1.031716  82.007116  -3.661984 
15.115336  91.814340  14.949832 
 2.907420  129.770956   1.591143 
61.319280  106.674719   5.792407 
32.001765  111.132830   7.256004 
35.540941  131.801542  49.557153 
50.690060  48.254562  24.070602 
-17.366418  67.309262  44.183117 
66.596867  69.493983  -8.498997 
34.901005  69.366533  -6.828610 
-17.229003  111.969288  20.818029 
25.217601  111.036142  43.703547 
 1.500817  86.894337  12.092098 
58.634948  143.385612  -15.535382 
79.321706  102.979514  35.554622 
56.564594  99.962174  41.710922 
21.980443  69.704640  -22.363528 
 8.535194  42.425699   6.831485 
55.543859  124.852454  21.047908 
-7.125172  33.289194  -17.940255 
-8.196883  106.598202  -24.721099 
-0.574628  93.527548  42.973847 
28.660057  61.562318  45.970669 
30.023139  117.148683  -7.186402 
29.835918  70.358553  46.775856 
35.050111  48.840784  -5.033394 
20.349906  113.738754  -7.562598 
48.394281  98.922824  -21.463849 
 2.340188  122.004022  27.607451 
-5.902789  76.235965  49.128724 
 3.303147  86.252782  24.487380 
45.714744  112.324639  43.734844 
 4.522918  60.665354   6.323353 
43.830071  76.726052   7.496062 
36.655092  87.229787  35.074431 
 7.737995  123.576317  23.529704 
27.525753  104.226191  11.876990 
19.980923  52.121782  -10.852355 
11.667841  102.356998  10.124689 
48.452361  79.548103  41.615675 
10.279953  129.047668  41.156928 
17.590582  41.091128  42.330581 
43.557857  73.640606  38.711572 
27.614879  64.927055   9.016304 
35.924242  78.171705  42.650972 
67.324213  89.667171  -27.052775 
29.242700  50.679108  18.283261 
62.279035  127.238828  31.008506 
-0.527047  57.487280  27.175854 
-1.764435  88.095456  48.870327 
59.683097  91.722652  -11.505676 
85.821247  108.686855  -4.692610 
44.446231  50.548140  -9.599722 
-17.457708  121.250412   4.397605 
74.515104  93.823414  12.280139 
70.801467  117.283987  33.555868 
17.827042  116.138201  33.459618 
-16.564335  76.252660  16.344098 
22.407700  132.088052  -20.722467 
80.114272  59.780829  -8.830406 
58.960906  88.329469  41.506436 
51.264369  51.651988   3.040697 
18.861251  123.226274  38.379457 
32.664955  99.476358  19.885821 
 5.353156  106.108723  32.721179 
59.862975  112.811547  -4.450938 
-9.592509  66.589023  26.978125 
49.474476  90.195496  -4.442273 
79.023583  66.043802  18.109557 
79.198563  43.041928  24.070515 
54.721751  90.470207  53.908529 
54.052977  94.572981  33.408736 
16.235601  56.277684  46.223369 
15.491648  109.054572  -17.802011 
-7.070195  125.947401  12.811296 
75.580968  105.473139  14.402992 
26.258470  79.569157  29.473773 
25.465777  59.635887  -4.678683 
32.625664  123.478311  24.483726 
45.996455  123.577058  48.781681 
53.132510  49.809701  -4.560731 
-6.665804  102.590643  -18.110814 
47.413446  115.904215  -0.139006 
56.808766  74.271828  -10.019506 
31.123979  63.084725  -13.919242 
35.963470  82.239694  49.906521 
63.537132  78.788498   8.987486 
45.570662  89.599181  28.437767 
76.587355  106.933394  20.868047 
53.889994  134.949164  33.266920 
46.777182  92.563633  44.923758 
-9.970356  40.494993  15.513713 
43.503976  114.228648  -8.847145 
61.722234  65.330930   8.736457 
43.043080  102.935321  12.347289 
13.234210  113.227922  42.363924 
67.297416  95.654984  43.057904 
21.424209  101.954866  21.094996 
71.567858  46.688135   1.292830 
-0.074445  70.170647  28.169321 
70.765522  66.778778  22.981152 
29.412193  83.496389   5.648316 
50.867784  91.095281  39.572506 
72.652979  68.780560  -4.420746 
54.099883  137.412668  19.146744 
36.734904  81.121959  17.675776 
54.270817  102.981052  25.917652 
77.627811  52.172992   5.128247 
-13.347129  124.700940  -9.588704 
-14.144438  136.065961  -3.582112 
16.834246  75.795119   7.664272 
15.007095  86.853085  38.748229 
29.430327  95.590415  33.795044 
24.492640  87.578882  48.952720 
11.167558  76.844327  -4.355529 
 7.374591  106.123951  19.701107 
35.420060  113.620867  29.181046 
 8.637830  69.271021  -10.675689 
21.378763  93.689608   9.665511 
 2.287705  67.598071  37.805129 
27.668471  96.129420  53.421008 
42.174258  73.493303  14.636866 
-11.361807  70.993348  39.154960 
68.646855  113.719320   8.706652 
-7.146804  39.920708   4.250885 
45.192702  106.284600  27.880303 
58.012214  123.156927  -16.779763 
 1.974586  89.613473   5.136501 
65.083127  93.405437  16.262566 
31.244982  86.008776  11.066338 
44.440341  91.127037  36.184610 
18.834842  42.935656  10.646278 
37.756478  54.682814   3.480706 
51.325370  108.029256  52.105659 
61.378226  99.531209  -14.280021 
-15.208031  122.845246  25.551650 
48.868890  80.577683  27.576482 
 5.303484  86.368450  29.175852 
46.064580  130.431780  -24.561853 
79.436703  95.506168  -10.708888 
-13.431847  128.824240  31.863393 
 4.627581  80.290268  -23.171368 
 2.530081  87.939458  -15.334742 
53.363393  95.198708  28.536080 
38.185585  35.339433  16.933556 
24.309971  78.747786  -1.819891 
-9.851279  110.251649   0.794313 
71.653370  54.687520  10.459094 
18.535531  76.618319  16.814305 
15.789347  100.159666  -7.379572 
22.849599  85.660603  -8.239758 
54.163654  103.836370  -0.284015 
67.035327  46.734569  14.825244 
-7.216941  141.329974   0.669392 
75.816738  103.057600   4.814442 
79.700633  61.215302  -22.999436 
54.293268  117.142969  -9.157852 
-11.518116  53.092081  34.041030 
 0.767481  30.334584   0.513389 
14.227703  41.374243  -9.761430 
20.390516  59.639440  -27.720792 
65.282674  73.340305  19.510548 
32.899380  51.786914  -12.928328 
21.603603  71.489366   2.670889 
 4.504875  77.290883  28.205396 
17.789195  21.039554  16.844458 
42.939632  101.528043  -0.769648 
-25.510829  125.560820  -4.891621 
-13.302989  94.360654  25.345347 
25.078828  101.892427  -4.925476 
 7.570873  124.751792  17.641848 
24.882490  83.143840  22.465850 
-2.082931  65.351350  23.625792 
27.831758  111.851219  -2.520589 
53.398177  93.067170  -16.399330 
43.186846  70.647793  32.371719 
23.533074  75.507883  39.586500 
40.739471  86.325678  41.156330 
39.125605  74.409874  47.306300 
54.634141  130.872604  25.238294 
19.309135  97.960440  -0.088074 
75.955704  102.767207  42.233808 
78.724755  70.607724  34.752778 
-7.455288  95.461687   6.972557 
53.176006  66.919673  38.886659 
69.672692  98.740221  18.185123 
50.452120  33.366498  38.458703 
42.373119  65.415466   3.280766 
67.184041  100.060263  22.571032 
-10.797812  109.653941  27.555681 
-8.224775  52.768937   6.925306 
-14.155341  88.964912  -2.892348 
 8.053407  122.992790   6.635334 
30.637971  95.452201  26.343362 
41.369079  140.728945  29.309695 
-1.268488  118.799109  -13.134423 
16.079758  99.126914   4.266663 
38.432531  96.969082  54.489988 
26.978585  127.041920  49.236447 
